Cattle_ID,age,weight,Breed,Disease_Status,Body_Condition,feed,milk_output,Lactation_Stage,health_status,temperature,humidity,thi,feed_weight_ratio,feed_per_weight,temp_humidity,thi_squared,feed_thi_interaction,age_weight_ratio
COW00000,21,627.0,Brown Swiss,Foot and Mouth,3.8,31.0,19.83,Late,1,30.69127027804523,95.0,56.42972298657915,0.049441786283891544,0.049441786283891544,2915.670676414297,3184.3136363420595,1749.3214125839536,0.03349282296650718
COW00001,95,492.0,Guernsey,Healthy,3.1,14.6,21.81,Mid,0,46.98075037250034,74.75201771894194,78.33936858941598,0.02967479674796748,0.02967479674796748,3511.9058842943336,6137.056670988375,1143.7547814054733,0.19308943089430894
COW00002,82,481.7,Ayrshire,Healthy,3.8,31.7,16.66,Early,0,25.0,95.0,46.47,0.06580859456093004,0.06580859456093004,2375.0,2159.4609,1473.099,0.1702304338800083
COW00003,59,586.8,Guernsey,Healthy,4.0,29.0,25.68,Early,0,18.0,81.57856535575989,33.73682835280735,0.049420586230402186,0.049420586230402186,1468.414176403678,1138.173587306786,978.3680222314132,0.1005453306066803
COW00004,58,629.1,Jersey,Healthy,3.0,17.9,23.79,Mid,0,41.48912969934726,59.81303148726803,65.79413343617526,0.02845334604991257,0.02845334604991257,2481.5906210864046,4328.867994617235,1177.714988507537,0.09219519949133682
COW00005,104,553.2,Holstein,Bloat,2.6,24.8,19.39,Mid,1,35.348467613916114,90.3286932561324,63.60125114396742,0.04483007953723789,0.04483007953723789,3192.980888171759,4045.119147078017,1577.311028370392,0.18799710773680403
COW00006,21,447.1,Guernsey,Healthy,3.0,28.4,17.36,Mid,0,39.17426991295978,98.0,72.0182004450684,0.06352046522030864,0.06352046522030864,3839.0784514700586,5186.621195346051,2045.3168926399426,0.0469693580854395
COW00007,87,441.2,Brown Swiss,Healthy,4.0,19.7,16.21,Mid,0,25.604070153124695,77.89966598693042,45.611189348725254,0.04465095194922938,0.04465095194922938,1994.548512834348,2080.3805938052683,898.5404301698875,0.1971894832275612
COW00008,33,435.8,Ayrshire,Healthy,4.0,20.4,18.54,Mid,0,42.0,42.74090984909766,61.79649111835096,0.04681046351537402,0.04681046351537402,1795.1182136621019,3818.8063145404285,1260.6484188143595,0.07572280862781092
COW00009,22,408.6,Brown Swiss,Foot and Mouth,4.2,25.3,17.21,Late,1,34.5858125757141,64.73167588052007,57.135264830931796,0.06191874694077337,0.06191874694077337,2238.79760971554,3264.4384873007116,1445.5222002225744,0.05384238864415076
COW00010,68,558.8,Brown Swiss,Healthy,2.4,16.6,18.52,Mid,0,38.155483051666145,40.0,56.42657966199938,0.029706513958482467,0.029706513958482467,1526.2193220666459,3183.958892351962,936.6812223891898,0.12168933428775949
COW00011,117,640.0,Jersey,Healthy,4.5,16.1,24.14,Mid,0,26.00761351872719,84.61757452914843,47.02817183524624,0.02515625,0.02515625,2200.7011752461863,2211.648946165448,757.1535665474645,0.1828125
COW00012,91,548.9,Holstein,Healthy,4.1,18.5,24.92,Mid,0,23.395231482655028,73.84691677545234,41.758886292879566,0.03370377117872108,0.03370377117872108,1727.6657122420684,1743.804584421645,772.539396418272,0.16578611768992532
COW00013,94,369.2,Ayrshire,Healthy,2.1,27.3,19.46,Late,0,33.309267214746754,95.0,61.011217625806815,0.07394366197183098,0.07394366197183098,3164.3803854009416,3722.36867618356,1665.606241184526,0.25460455037919827
COW00014,89,534.7,Ayrshire,Foot and Mouth,3.0,20.6,20.81,Mid,1,43.226836653943536,72.51038517857852,71.88391961572894,0.03852627641668225,0.03852627641668225,3134.394575828942,5167.29789932058,1480.8087440840163,0.16644847578081165
COW00015,96,537.0,Holstein,Healthy,3.4,23.1,22.6,Early,0,42.0,52.01802002915677,64.35697352804726,0.043016759776536316,0.043016759776536316,2184.7568412245846,4141.820041689776,1486.646088497892,0.1787709497206704
COW00016,67,717.7,Guernsey,Healthy,3.1,17.5,23.68,Early,0,52.0,98.0,94.84800000000001,0.024383447122753237,0.024383447122753237,5096.0,8996.143104000002,1659.8400000000001,0.09335376898425525
COW00017,25,433.4,Jersey,Healthy,2.4,17.5,16.18,Late,0,31.906393287954057,45.27396492273613,49.850952986787796,0.04037840332256576,0.04037840332256576,1444.5289305298554,2485.117513690927,872.3916772687865,0.05768343331795109
COW00018,102,518.7,Brown Swiss,Healthy,2.6,25.7,19.55,Mid,0,23.924085213923092,91.10661568318045,44.216339884326004,0.049546944283786386,0.049546944283786386,2179.6424371565513,1955.0847127662385,1136.3599350271784,0.19664545980335452
COW00019,60,686.5,Ayrshire,Healthy,2.1,16.0,22.5,Late,0,22.36654934815534,72.84494747148536,40.09646816647799,0.023306627822286964,0.023306627822286964,1629.2901123847607,1607.7267594253829,641.5434906636478,0.08739985433357611
COW00020,66,586.0,Ayrshire,Foot and Mouth,2.3,26.0,22.75,Mid,1,32.0,98.0,59.248,0.04436860068259386,0.04436860068259386,3136.0,3510.325504,1540.4479999999999,0.11262798634812286
COW00021,52,595.1,Holstein,Healthy,2.8,21.2,21.97,Mid,0,33.36884303597435,48.835872892531285,52.358674503011684,0.03562426482944043,0.03562426482944043,1629.5965770756711,2741.430795712326,1110.0038994638476,0.08738027222315577
COW00022,31,559.2,Jersey,Healthy,4.5,26.1,21.24,Mid,0,26.168476105146276,72.30626461315521,45.84412635764003,0.04667381974248927,0.04667381974248927,1892.1447577817357,2101.683921495265,1196.5316979344047,0.05543633762517882
COW00023,112,576.4,Ayrshire,Healthy,3.6,20.9,17.79,Late,0,33.07399415139791,93.71811028243393,60.36010975406069,0.03625954198473282,0.03625954198473282,3099.632231361284,3643.342849522252,1261.5262938598682,0.19430950728660654
COW00024,96,612.2,Ayrshire,Mastitis,3.3,29.2,24.08,Late,1,27.912689459906105,95.0,51.567206554835685,0.0476968311009474,0.0476968311009474,2651.70549869108,2659.1767918690884,1505.762431401202,0.15681149950996406
COW00025,81,485.2,Holstein,Healthy,4.0,15.0,21.03,Mid,0,48.906281512701995,58.0,75.53866848752875,0.030915086562242376,0.030915086562242376,2836.5643277367158,5706.09043686877,1133.0800273129312,0.16694146743610883
COW00026,55,620.2,Ayrshire,Healthy,3.6,30.1,28.71,Early,0,46.29466992678356,88.3831135281409,81.62523827224177,0.04853273137697517,0.04853273137697517,4091.6670678867217,6662.6795230002435,2456.9196719944775,0.08868107062237987
COW00027,100,440.2,Brown Swiss,Healthy,2.4,18.8,19.31,Early,0,30.327799326403234,59.06565558981865,50.070098554293374,0.04270786006360745,0.04270786006360745,1791.3313498104674,2507.0147692366513,941.3178528207154,0.2271694684234439
COW00028,70,576.3,Brown Swiss,Healthy,2.7,14.8,22.87,Mid,0,47.02298096970638,58.943468647649425,73.24750133557262,0.025681068887732087,0.025681068887732087,2771.6976045069036,5365.196451904713,1084.0630197664748,0.12146451500954365
COW00029,59,564.3,Holstein,Ketosis,2.7,24.1,28.82,Late,1,29.254880404005064,95.0,53.91604070700886,0.04270777954988482,0.04270777954988482,2779.213638380481,2906.9394455198367,1299.3765810389136,0.10455431508063087
COW00030,60,500.7,Guernsey,Healthy,3.8,18.0,21.49,Late,0,18.19702881289347,89.08403115951671,34.340169381128625,0.035949670461354104,0.035949670461354104,1621.0646817784254,1179.247233124604,618.1230488603153,0.11983223487118035
COW00031,36,548.2,Guernsey,Healthy,3.4,22.3,20.64,Mid,0,29.09552415509363,83.40581894889422,51.933341594463315,0.040678584458226925,0.040678584458226925,2426.736019902918,2697.0719691672134,1158.1135175565319,0.06566946369937979
COW00032,21,500.2,Guernsey,Healthy,3.2,28.4,16.99,Mid,0,35.99746631216961,55.27805206131541,57.13663172170186,0.05677728908436625,0.05677728908436625,1989.869816879559,3264.5946845013873,1622.6803408963328,0.04198320671731308
COW00033,71,464.3,Guernsey,Healthy,3.7,28.2,24.55,Mid,0,42.0,46.717382489881054,62.89399756720717,0.06073659272022399,0.06073659272022399,1962.1300645750043,3955.6549299838616,1773.6107313952423,0.1529183717424079
COW00034,107,521.7,Ayrshire,Healthy,4.9,24.8,18.2,Late,0,31.208474660033723,62.80737573255076,51.923741562664944,0.047536898600728385,0.047536898600728385,1960.1223940125274,2696.074937866419,1287.7087907540906,0.2050987157370136
COW00035,18,461.7,Ayrshire,Healthy,2.9,31.6,19.89,Mid,0,49.0,65.79815809706665,78.36616270158507,0.06844271171756552,0.06844271171756552,3224.109746756266,6141.255456571303,2476.370741370088,0.03898635477582846
COW00036,104,575.8,Guernsey,Healthy,3.6,22.3,20.64,Early,0,38.97179099151263,60.62793890437884,62.47480322325604,0.038728725251823554,0.038728725251823554,2362.779363227649,3903.1010377845632,1393.1881118786098,0.1806182702327197
COW00037,101,458.0,Ayrshire,Foot and Mouth,3.4,14.7,20.0,Mid,1,42.92639026474047,84.77982382576342,74.92573562208906,0.03209606986899563,0.03209606986899563,3639.2918041206626,5613.865858511186,1101.408313644709,0.2205240174672489
COW00038,41,607.0,Guernsey,Foot and Mouth,4.1,28.7,18.16,Mid,1,41.72662586835912,46.78888920275314,62.56712539508472,0.04728171334431631,0.04728171334431631,1952.342474559388,3914.6451802042557,1795.6764988389316,0.06754530477759473
COW00039,80,455.5,Guernsey,Healthy,4.2,18.0,24.02,Mid,0,21.649743526936124,85.5670696513185,39.923187914784286,0.03951701427003293,0.03951701427003293,1852.5051123025253,1593.860933279178,718.6173824661172,0.1756311745334797
COW00040,29,504.7,Brown Swiss,Ketosis,4.2,17.2,19.26,Late,1,33.602705413987636,58.73318972002212,54.56052573336443,0.03407965127798692,0.03407965127798692,1973.59407218575,2976.850968301122,938.4410426138681,0.0574598771547454
COW00041,93,500.0,Guernsey,Ketosis,2.6,15.3,18.08,Late,1,22.182148446590777,94.42522969121599,41.49403030287736,0.030600000000000002,0.030600000000000002,2094.554462113984,1721.754550776105,634.8586636340236,0.186
COW00042,87,656.0,Holstein,Healthy,3.3,19.9,26.18,Early,0,35.87704092915069,98.0,66.14913285388823,0.030335365853658536,0.030335365853658536,3515.9500110567674,4375.707777321356,1316.3677437923757,0.1326219512195122
COW00043,50,576.4,Brown Swiss,Healthy,4.4,19.9,20.41,Early,0,38.828583015928736,44.79761934083743,58.40629004257921,0.034524635669673835,0.034524635669673835,1739.4280814916808,3411.2947165378873,1162.2851718473262,0.08674531575294935
COW00044,19,533.1,Brown Swiss,Healthy,3.1,19.4,20.57,Mid,0,21.435581358200466,83.23927910565469,39.40483229001827,0.036390921027949726,0.036390921027949726,1784.282339467217,1552.7408078044664,764.4537464263544,0.03564059275933221
COW00045,116,589.9,Ayrshire,Healthy,5.0,24.7,23.73,Early,0,19.20278570785233,84.88779697212,35.83920754696955,0.04187150364468554,0.04187150364468554,1630.082174467296,1284.4487975947588,885.2284264101478,0.19664349889811833
COW00046,60,381.4,Holstein,Healthy,3.1,27.5,20.76,Mid,0,42.0,44.797294491107714,62.36405327954573,0.07210277923439959,0.07210277923439959,1881.486368626524,3889.2751414540185,1715.0114651875076,0.15731515469323545
COW00047,108,546.5,Guernsey,Healthy,3.5,30.9,15.87,Early,0,48.41914255335598,59.632621577078304,75.42182058529437,0.05654162854528819,0.05654162854528819,2887.360404970886,5688.451020400334,2330.534256085596,0.19762122598353157
COW00048,85,709.8,Holstein,Ketosis,3.4,15.7,25.44,Early,1,25.9926666215336,95.0,48.2071665876838,0.02211890673429135,0.02211890673429135,2469.303329045692,2323.9309104126974,756.8525154266356,0.11975204282896591
COW00049,96,560.6,Ayrshire,Healthy,3.3,16.7,21.55,Late,0,45.92395975478097,67.33094254414236,74.36454703395492,0.029789511237959327,0.029789511237959327,3092.1034956486633,5530.085855565294,1241.887935467047,0.17124509454156261
COW00050,94,555.4,Ayrshire,Mastitis,4.5,24.6,20.94,Early,1,42.0,50.80715130488628,64.02277376014862,0.04429240187252431,0.04429240187252431,2133.9003548052237,4098.915559943175,1574.9602344996563,0.16924738926899532
COW00051,33,593.9,Jersey,Healthy,2.5,15.8,20.95,Late,0,34.73532148428496,69.61013669047863,58.343702269087,0.026603805354436776,0.026603805354436776,2417.930476508795,3403.987594463867,921.8304958515746,0.05556490991749453
COW00052,51,621.6,Ayrshire,Healthy,3.7,20.7,18.21,Mid,0,19.34813722077617,92.32044100931799,36.44665188058771,0.0333011583011583,0.0333011583011583,1786.228560930856,1328.3584333047475,754.4456939281655,0.08204633204633205
COW00053,62,390.2,Brown Swiss,Foot and Mouth,3.9,25.2,20.2,Mid,1,29.540746023078793,95.0,54.41630554038789,0.0645822655048693,0.0645822655048693,2806.3708721924854,2961.1343086648494,1371.2908996177748,0.15889287544848796
COW00054,65,415.4,Ayrshire,Healthy,4.6,28.0,16.66,Early,0,32.583714357172624,95.0,59.74150012505209,0.06740491092922485,0.06740491092922485,3095.4528639313994,3569.046837191599,1672.7620035014586,0.15647568608570053
COW00055,16,566.8,Guernsey,Healthy,3.8,17.9,19.24,Early,0,21.266627208156283,90.1769694433412,39.605418085812275,0.031580804516584335,0.031580804516584335,1917.759991912838,1568.589141751986,708.9369837360397,0.028228652081863093
COW00056,71,492.8,Holstein,Healthy,4.9,26.0,21.46,Mid,0,45.10821127511046,76.90883512400819,76.10389659919517,0.052759740259740256,0.052759740259740256,3469.219983696398,5791.803077580989,1978.7013115790744,0.14407467532467533
COW00057,28,655.0,Jersey,Mastitis,4.6,25.6,24.39,Late,1,28.60120472279245,63.966159496591985,48.364929041652935,0.039083969465648856,0.039083969465648856,1829.5092230928217,2339.1663612041234,1238.1421834663151,0.042748091603053436
COW00058,92,524.8,Brown Swiss,Healthy,3.0,29.5,19.38,Late,0,42.0,56.10009682198893,65.48362672286895,0.05621189024390245,0.05621189024390245,2356.204066523535,4288.105368780036,1931.766988324634,0.1753048780487805
COW00059,85,395.2,Jersey,Healthy,4.6,19.6,23.56,Early,0,38.1410905096772,54.45803337225286,59.84180340043852,0.04959514170040486,0.04959514170040486,2077.088779830118,3581.0414342167355,1172.8993466485952,0.21508097165991905
COW00060,111,448.6,Holstein,Healthy,4.9,27.5,22.47,Early,0,35.95924041310565,95.0,65.64867072293488,0.06130182790905037,0.06130182790905037,3416.1278392450363,4309.747967688328,1805.3384448807092,0.24743646901471242
COW00061,92,330.0,Ayrshire,Healthy,2.8,27.5,18.01,Early,0,31.694412962448578,57.72944012254678,51.73949814566158,0.08333333333333333,0.08333333333333333,1829.7007153349455,2676.975668364918,1422.8361990056933,0.2787878787878788
COW00062,51,531.3,Ayrshire,Healthy,3.8,18.3,18.38,Mid,0,24.59671791499305,67.44805164531151,42.95486189742569,0.03444381705251271,0.03444381705251271,1659.00070023561,1845.120160626913,786.0739727228901,0.09599096555618296
COW00063,116,534.9,Brown Swiss,Healthy,2.8,25.2,17.36,Early,0,18.0,90.74573432652888,34.06684643575504,0.04711160964666293,0.04711160964666293,1633.4232178775198,1160.5500260773158,858.4845301810269,0.21686296504019445
COW00064,56,516.0,Jersey,Healthy,3.9,26.2,21.78,Early,0,37.10452769339332,95.0,67.65292346343831,0.05077519379844961,0.05077519379844961,3524.9301308723657,4576.918053149842,1772.5065947420837,0.10852713178294573
COW00065,47,636.3,Holstein,Healthy,2.3,18.9,20.45,Late,0,30.090818237769273,75.9861783569145,52.395507722026046,0.0297029702970297,0.0297029702970297,2286.4862815206316,2745.289229448891,990.2750959462923,0.07386452931007387
COW00066,109,645.9,Ayrshire,Healthy,4.2,22.1,25.53,Late,0,26.27196447749317,67.20017231641063,45.39555216821301,0.0342158228827992,0.0342158228827992,1765.48053997816,2060.756156656949,1003.2417029175075,0.16875677349434898
COW00067,52,536.4,Jersey,Mastitis,3.3,21.8,19.55,Mid,1,52.0,73.102613820254,85.48658279641552,0.040641312453392996,0.040641312453392996,3801.3359186532084,7307.955838208406,1863.6075049618585,0.09694258016405667
COW00068,20,379.2,Holstein,Healthy,3.8,27.9,15.7,Early,0,42.34128173744027,80.94656130004628,72.89053213956794,0.07357594936708861,0.07357594936708861,3427.381157682239,5313.029675589387,2033.6458466939453,0.052742616033755275
COW00069,62,599.4,Jersey,Healthy,2.1,14.0,22.81,Mid,0,48.28037752640097,82.16538282403499,82.86224391791646,0.02335669002335669,0.02335669002335669,3966.9757023456714,6866.151467112283,1160.0714148508305,0.10343677010343677
COW00070,97,594.4,Brown Swiss,Healthy,4.1,23.0,20.47,Early,0,44.09021862327897,67.68282715030634,71.76735424996514,0.03869448183041723,0.03869448183041723,2984.150646098608,5150.553136039989,1650.6491477491982,0.16318977119784658
COW00071,32,574.8,Guernsey,Ketosis,3.5,17.3,20.97,Mid,1,50.27490154772996,65.0,79.93860724420844,0.030097425191370916,0.030097425191370916,3267.8686006024473,6390.1809281438145,1382.937905324806,0.055671537926235214
COW00072,61,628.5,Jersey,Healthy,3.9,25.6,25.03,Mid,0,21.21277478863071,88.28928131082056,39.3851697291114,0.040731901352426415,0.040731901352426415,1872.8606406964989,1551.1915945909127,1008.2603450652518,0.09705648369132856
COW00073,26,456.8,Ayrshire,Healthy,2.9,26.2,19.52,Early,0,36.02401005286774,40.0,53.86881206344129,0.05735551663747811,0.05735551663747811,1440.9604021147095,2901.8489131263577,1411.3628760621618,0.05691768826619965
COW00074,86,710.7,Guernsey,Healthy,2.4,23.0,24.01,Late,0,38.24941737826705,51.08948062478787,59.184077373208176,0.032362459546925564,0.032362459546925564,1954.1428680563986,3502.755014517892,1361.233779583788,0.12100745743633037
COW00075,63,473.2,Ayrshire,Healthy,3.3,23.8,21.25,Mid,0,47.97951508097442,62.79550171697538,75.87003703400484,0.05029585798816568,0.05029585798816568,3012.8977216469757,5756.262519541266,1805.7068814093152,0.13313609467455623
COW00076,47,609.9,Jersey,Healthy,4.8,19.7,17.74,Mid,0,42.0,48.78595925475515,63.46492475431242,0.0323003771110018,0.0323003771110018,2049.010288699716,4027.7966740705374,1250.2590176599547,0.07706181341203476
COW00077,36,415.0,Guernsey,Healthy,2.7,19.6,20.19,Early,0,36.091551871236874,94.37140775481082,65.74386436174075,0.047228915662650604,0.047228915662650604,3406.0105581444004,4322.2557012149655,1288.5797414901187,0.08674698795180723
COW00078,72,475.6,Jersey,Healthy,4.0,27.4,21.28,Mid,0,33.35245497310773,95.0,61.08679620293854,0.057611438183347345,0.057611438183347345,3168.483222445235,3731.596670339346,1673.7782159605158,0.15138772077375945
COW00079,84,671.3,Guernsey,Healthy,2.1,16.4,25.48,Early,0,19.380583065275957,93.58291046561152,36.56544104286337,0.024430210040220467,0.024430210040220467,1813.6913697690668,1337.031478659117,599.6732331029592,0.1251303441084463
COW00080,113,529.1,Guernsey,Mastitis,4.2,27.9,22.52,Mid,1,43.283777207813955,98.0,79.33312342990885,0.052731052731052726,0.052731052731052726,4241.810166365767,6293.744473145153,2213.394143694457,0.21357021357021355
COW00081,59,617.2,Jersey,Mastitis,2.7,25.8,21.88,Early,1,40.15417633468095,50.08744765696402,61.422950658860294,0.04180168502916396,0.04180168502916396,2011.2202053718352,3772.7788676407863,1584.7121269985957,0.09559300064808814
COW00082,29,569.0,Ayrshire,Healthy,3.4,29.9,23.31,Mid,0,33.56189842981971,98.0,62.02817920507909,0.05254833040421792,0.05254833040421792,3289.066046122332,3847.4950154974063,1854.6425582318648,0.050966608084358524
COW00083,101,541.6,Ayrshire,Bloat,3.1,18.7,20.75,Mid,1,38.670563174818206,54.58190248793312,60.583785665206044,0.03452732644017725,0.03452732644017725,2110.712908361385,3670.3950855276253,1132.916791939353,0.18648449039881831
COW00084,80,659.1,Ayrshire,Mastitis,2.3,23.1,23.73,Mid,1,35.907547135327846,55.3038171086836,57.02053224054791,0.03504779244424215,0.03504779244424215,1985.824419593607,3251.3410969953634,1317.1742947566568,0.12137763617053557
COW00085,87,531.1,Jersey,Foot and Mouth,3.0,14.7,20.77,Mid,1,38.12558926643625,62.09304790488849,61.632412922074344,0.027678403313876856,0.027678403313876856,2367.334040722929,3798.5543225970764,905.9964699544928,0.1638109583882508
COW00086,22,407.5,Guernsey,Mastitis,3.1,30.4,19.56,Mid,1,25.0,95.0,46.47,0.07460122699386502,0.07460122699386502,2375.0,2159.4609,1412.6879999999999,0.053987730061349694
COW00087,45,485.7,Holstein,Healthy,3.6,26.2,19.47,Mid,0,30.08610763273495,61.70552756833452,50.14808157590385,0.05394276302244184,0.05394276302244184,1856.479143955606,2514.8300857435074,1313.8797372886809,0.0926497838171711
COW00088,94,594.1,Holstein,Healthy,4.9,25.2,26.35,Mid,0,42.0,40.0,61.04,0.0424171014980643,0.0424171014980643,1680.0,3725.8815999999997,1538.2079999999999,0.1582225214610335
COW00089,101,581.6,Ayrshire,Healthy,3.4,27.2,27.0,Mid,0,46.33488859017553,91.76411852472292,82.7726798887673,0.046767537826685,0.046767537826685,4251.880208418699,6851.316535968343,2251.4168929744706,0.17365887207702888
COW00090,59,424.6,Holstein,Healthy,4.7,19.1,22.26,Early,0,44.74209144653188,71.19716649679421,73.79638252302237,0.044983513895430996,0.044983513895430996,3185.5101341335226,5445.906073484242,1409.5109061897274,0.1389543099387659
COW00091,98,492.1,Ayrshire,Healthy,3.4,24.9,24.8,Mid,0,27.497258335595717,95.0,50.840202087292504,0.050599471652103226,0.050599471652103226,2612.239541881593,2584.7261482767412,1265.9210319735832,0.19914651493598862
COW00092,102,503.5,Brown Swiss,Healthy,2.3,28.4,17.15,Early,0,34.824159320625675,63.190159217506014,57.165386250041,0.056405163853028795,0.056405163853028795,2200.5441720861327,3267.881385116377,1623.4969695011644,0.2025819265143992
COW00093,53,520.8,Jersey,Healthy,2.7,15.6,17.53,Mid,0,40.74964034748641,53.07725075668431,62.98537695870896,0.029953917050691246,0.029953917050691246,2162.8788789682367,3967.157710630666,982.5718805558598,0.10176651305683565
COW00094,108,439.9,Holstein,Bloat,3.2,31.3,19.28,Mid,1,37.36444950166516,42.77975584503265,56.115695029300305,0.07115253466696977,0.07115253466696977,1598.4420269652876,3148.971228621439,1756.4212544170996,0.2455103432598318
COW00095,43,499.7,Guernsey,Mastitis,3.0,30.1,20.61,Early,1,20.791176732633456,88.69206340133799,38.70140790590559,0.06023614168501101,0.06023614168501101,1844.0123649591496,1497.7989738992917,1164.9123779677584,0.08605163097858716
COW00096,37,491.7,Guernsey,Healthy,4.6,31.3,19.68,Mid,0,47.261468604184124,58.0,73.2688266737741,0.06365670124059386,0.06365670124059386,2741.165179042679,5368.320962151551,2293.3142748891296,0.07524913565182022
COW00097,85,611.7,Brown Swiss,Healthy,4.0,28.6,18.42,Mid,0,36.552152404122026,58.067451603260025,58.50491229964158,0.046754945234592116,0.046754945234592116,2122.4903407213405,3422.824763188753,1673.2404917697493,0.1389570050678437
COW00098,80,614.7,Ayrshire,Healthy,3.7,19.3,25.46,Mid,0,47.209467250846686,80.35868747949493,80.53283105247246,0.031397429640475025,0.031397429640475025,3793.6908248842396,6485.5368773260725,1554.2836393127186,0.13014478607450788
COW00099,27,538.3,Jersey,Bloat,3.5,24.5,25.64,Late,1,31.95054184678958,95.0,58.633448231881765,0.04551365409622887,0.04551365409622887,3035.30147544501,3437.8812515607588,1436.5194816811033,0.05015790451421141
COW00100,101,518.6,Brown Swiss,Mastitis,3.2,16.2,24.41,Early,1,26.40336886606349,81.79220861772284,47.340515596936235,0.031237948322406475,0.031237948322406475,2159.589854503753,2241.124416983763,766.916352670367,0.19475510991129966
COW00101,33,561.2,Jersey,Healthy,3.8,27.6,23.54,Early,0,24.209499096662427,86.60061337583898,44.26268566413699,0.04918032786885246,0.04918032786885246,2096.5574712927855,1959.1853422021982,1221.650124330181,0.058802565930149674
COW00102,98,484.7,Brown Swiss,Healthy,2.4,16.8,21.42,Early,0,42.0,41.794465567985746,61.535272496764065,0.03466061481328657,0.03466061481328657,1755.3675538554014,3786.589761251008,1033.7925779456364,0.20218691974417166
COW00103,12,458.3,Holstein,Healthy,2.5,29.6,16.28,Mid,0,29.53874460874378,69.9166112950756,50.61549291004462,0.06458651538293694,0.06458651538293694,2065.2489249540486,2561.9281225267773,1498.218590137321,0.026183722452542003
COW00104,98,474.8,Brown Swiss,Mastitis,2.9,18.3,20.92,Early,1,20.28809102050948,92.40485087449238,38.071354543263745,0.038542544229149114,0.038542544229149114,1874.7180252783064,1449.428036758889,696.7057881417265,0.20640269587194607
COW00105,96,499.2,Brown Swiss,Ketosis,2.5,16.9,26.33,Late,1,18.128309293812706,84.182187116614,34.04121974105368,0.033854166666666664,0.033854166666666664,1526.0807250795938,1158.804641458703,575.2966136238072,0.19230769230769232
COW00106,96,456.9,Brown Swiss,Healthy,4.0,15.3,19.67,Mid,0,41.36256764233131,83.16228409049536,71.9127412146726,0.0334865397242285,0.0334865397242285,3439.805600983887,5171.44234900847,1100.2649405844907,0.21011162179908077
COW00107,83,563.0,Brown Swiss,Healthy,2.1,26.8,20.81,Mid,0,49.0,76.51343781044223,82.073649482413,0.047602131438721135,0.047602131438721135,3749.1584527116693,6736.083939361993,2199.5738061286684,0.14742451154529307
COW00108,62,608.4,Guernsey,Healthy,2.5,17.4,25.11,Mid,0,36.991248998878845,54.60431545859278,58.328796068487065,0.028599605522682446,0.028599605522682446,2019.8818295421347,3402.248450799152,1014.9210515916749,0.10190664036817883
COW00109,88,423.0,Brown Swiss,Healthy,4.7,17.6,23.18,Mid,0,36.32621748007227,97.07216378598673,66.74522772838523,0.041607565011820336,0.041607565011820336,3526.26453295095,4454.925424514005,1174.7160080195802,0.20803782505910165
COW00110,41,552.0,Jersey,Ketosis,5.0,17.1,18.94,Mid,1,46.685740891329836,78.39684564545598,79.05959516513158,0.03097826086956522,0.03097826086956522,3660.0148225013377,6250.419587674497,1351.9190773237501,0.07427536231884058
COW00111,96,532.4,Jersey,Mastitis,3.5,19.5,20.81,Mid,1,49.0,69.13750830045961,79.52157787195904,0.036626596543951916,0.036626596543951916,3387.737906722521,6323.681347246045,1550.6707685032013,0.18031555221637868
COW00112,72,577.3,Guernsey,Healthy,3.5,30.9,20.84,Mid,0,40.21879772200621,46.487312398638046,60.57750333220644,0.053525030313528496,0.053525030313528496,1869.6638140005348,3669.6339099634824,1871.844852965179,0.12471851723540621
COW00113,61,549.0,Ayrshire,Healthy,4.3,22.8,21.78,Mid,0,41.499440689369195,98.0,76.15700442707717,0.041530054644808745,0.041530054644808745,4066.9451875581813,5799.889323305852,1736.3797009373595,0.1111111111111111
COW00114,66,433.7,Guernsey,Healthy,2.1,18.7,23.07,Mid,0,42.0,44.586018046802764,62.30574098091756,0.04311736223195757,0.04311736223195757,1872.6127579657161,3882.00535918119,1165.1173563431585,0.15217892552455614
COW00115,73,449.0,Guernsey,Healthy,3.3,17.1,18.55,Mid,0,25.40085273006398,89.72949404869263,46.59169167977939,0.03808463251670379,0.03808463251670379,2279.205663873994,2170.785733583624,796.7179277242276,0.16258351893095768
COW00116,16,552.4,Ayrshire,Healthy,2.3,14.3,22.5,Mid,0,24.686148086698957,88.51869266875677,45.25408228167742,0.02588703837798697,0.02588703837798697,2185.185555661923,2047.93196315683,647.1333766279871,0.02896451846488052
COW00117,27,632.3,Ayrshire,Foot and Mouth,3.2,20.6,21.64,Mid,1,30.585762976729917,95.0,56.245085209277356,0.032579471769729564,0.032579471769729564,2905.647482789342,3163.50961019887,1158.6487553111135,0.04270124940692709
COW00118,38,372.9,Brown Swiss,Mastitis,5.0,16.0,24.61,Mid,1,32.86679233621084,55.98945267992608,53.03288982555166,0.04290694556181282,0.04290694556181282,1840.193714249234,2812.487403249101,848.5262372088266,0.10190399570930544
COW00119,24,577.7,Holstein,Healthy,4.3,14.5,21.36,Early,0,20.742665453341292,76.09805225194741,37.820777233522904,0.025099532629392417,0.025099532629392417,1578.47643951303,1430.4111905477644,548.4012698860821,0.04154405400727021
COW00120,59,645.2,Guernsey,Mastitis,5.0,15.9,22.48,Mid,1,32.52781264899096,95.0,59.64367213573418,0.024643521388716675,0.024643521388716675,3090.142201654141,3557.3676258349537,948.3343869581735,0.09144451332920024
COW00121,84,537.8,Guernsey,Mastitis,4.2,19.7,23.08,Early,1,21.11521292255256,84.70761116735672,38.98046678953796,0.03663071773893641,0.03663071773893641,1788.619245959528,1519.4767911302715,767.9151957538977,0.15619189289698773
COW00122,82,594.0,Jersey,Healthy,3.8,27.5,21.48,Late,0,33.2501772547566,60.2343564224573,54.35442475770035,0.046296296296296294,0.046296296296296294,2002.803027872892,2954.403490740509,1494.7466808367597,0.13804713804713806
COW00123,62,493.8,Ayrshire,Healthy,4.3,15.2,16.48,Early,0,35.32534215395598,53.17608281365955,55.78755099599403,0.030781692993114618,0.030781692993114618,1878.4633197996218,3112.2508461306347,847.9707751391093,0.12555690562980965
COW00124,104,540.5,Ayrshire,Healthy,4.0,26.2,20.8,Mid,0,46.568266031321,80.50142322479526,79.55052480700857,0.0484736355226642,0.0484736355226642,3748.8116926322286,6328.285997070486,2084.2237499436246,0.19241443108233117
COW00125,73,420.3,Jersey,Foot and Mouth,3.4,25.2,19.58,Early,1,29.592133301611504,65.26626476229863,49.989044584960304,0.05995717344753747,0.05995717344753747,1931.3680069442107,2498.9045785171493,1259.7239235409995,0.17368546276469188
COW00126,20,362.5,Brown Swiss,Healthy,2.9,29.9,13.77,Early,0,46.72127719938688,72.81917330465096,77.31310861760768,0.08248275862068966,0.08248275862068966,3402.2047813967906,5977.316764118003,2311.6619476664696,0.05517241379310345
COW00127,94,625.4,Holstein,Healthy,3.6,17.3,22.42,Mid,0,42.0,47.032588364510055,62.98099438860478,0.027662296130476497,0.027662296130476497,1975.3687113094222,3966.6056541774665,1089.5712029228628,0.15030380556443876
COW00128,74,471.2,Holstein,Healthy,2.8,28.3,15.67,Mid,0,38.3311477647179,48.9679618579435,58.78351352136948,0.06005942275042445,0.06005942275042445,1876.9981817139023,3455.5014619170283,1663.5734326547563,0.1570458404074703
COW00129,80,513.6,Jersey,Healthy,3.5,29.6,20.49,Early,0,32.9640802860267,79.94478849649946,57.612278949805756,0.05763239875389408,0.05763239875389408,2635.3064264480317,3319.1746857902313,1705.3234569142505,0.1557632398753894
COW00130,73,439.1,Jersey,Healthy,2.4,31.6,21.05,Early,0,41.19495572643744,51.176035076128045,63.06856052234456,0.07196538373946709,0.07196538373946709,2108.1944992157046,3977.643326360639,1992.9665125060883,0.1662491459804145
COW00131,71,437.2,Jersey,Mastitis,3.7,28.6,20.65,Early,1,32.43396930746784,95.0,59.47944628806872,0.06541628545288199,0.06541628545288199,3081.227084209445,3537.8045307352522,1701.1121638387656,0.16239707227813358
COW00132,21,536.1,Holstein,Healthy,2.7,16.2,18.87,Mid,0,25.94647465027234,80.34938508775625,46.434701101025354,0.0302182428651371,0.0302182428651371,2084.7832833444377,2156.1814663415653,752.2421578366107,0.03917179630665921
COW00133,72,491.6,Brown Swiss,Healthy,2.9,31.0,20.85,Late,0,47.830013107938456,71.31471368254182,78.50452861831327,0.06305939788445891,0.06305939788445891,3410.983690224853,6162.961013583567,2433.6403871677117,0.14646053702196907
COW00134,97,580.2,Guernsey,Ketosis,3.5,28.7,20.06,Mid,1,33.666475663875715,95.0,61.636332411782504,0.04946570148224749,0.04946570148224749,3198.315188068193,3799.0374731757506,1768.962740218158,0.16718372974836263
COW00135,44,586.2,Jersey,Healthy,2.5,17.8,21.61,Mid,0,38.97227898456741,57.440501212683145,61.69226339576826,0.030365063118389626,0.030365063118389626,2238.5872382740704,3805.935362892848,1098.122288444675,0.07505970658478335
COW00136,77,575.7,Brown Swiss,Healthy,4.9,17.0,22.25,Mid,0,39.88360129381052,92.38386135937245,71.84961592369757,0.029529268716345317,0.029529268716345317,3684.601092439879,5162.367308382855,1221.4434707028586,0.13375021712697585
COW00137,15,569.1,Jersey,Healthy,3.3,30.9,17.67,Mid,0,34.97552573037925,58.55546242638341,56.428514822386475,0.05429625724828677,0.05429625724828677,2048.0080827482284,3184.17728506029,1743.641108011742,0.026357406431207167
COW00138,49,676.2,Guernsey,Healthy,3.1,16.8,23.5,Late,0,21.250893907942544,81.04341004620163,38.952913167998155,0.024844720496894408,0.024844720496894408,1722.2449088297158,1517.329444273604,654.408941222369,0.07246376811594202
COW00139,59,464.6,Guernsey,Healthy,2.1,28.0,21.21,Early,0,38.851211902142246,79.34506361433444,66.88179915994428,0.06026689625484287,0.06026689625484287,3082.6518798694638,4473.175058871123,1872.6903764784397,0.12699095996556176
COW00140,118,545.6,Ayrshire,Mastitis,4.5,21.3,20.61,Late,1,34.4163807251944,67.39823977812861,57.42379285622516,0.03903958944281525,0.03903958944281525,2319.6034804120163,3297.491985994656,1223.126787837596,0.21627565982404692
COW00141,35,640.6,Holstein,Healthy,3.9,27.0,27.93,Mid,0,42.633120922053955,84.69313329779598,74.41801147428625,0.04214798626287855,0.04214798626287855,3610.73259315257,5538.040431787,2009.2863098057287,0.05463627848891664
COW00142,41,651.2,Ayrshire,Healthy,3.2,15.7,21.9,Mid,0,24.515964837029944,60.32102784610777,42.11482583587126,0.024109336609336608,0.024109336609336608,1478.828197608682,1773.6585551857693,661.2027656231787,0.06296068796068796
COW00143,56,436.3,Jersey,Healthy,2.7,27.1,19.45,Late,0,26.468952562477778,89.41558414658383,48.36668648409582,0.06211322484528994,0.06211322484528994,2366.7368551221675,2339.3363614508175,1310.7372037189969,0.12835205134082053
COW00144,119,525.0,Holstein,Foot and Mouth,4.2,23.2,19.68,Mid,1,27.81459661706569,58.486728450268146,46.497435989774615,0.04419047619047619,0.04419047619047619,1626.784759296068,2162.011553623188,1078.7405149627712,0.22666666666666666
COW00145,104,658.6,Guernsey,Healthy,4.8,30.2,20.39,Late,0,45.16220509613699,75.93590075283932,75.88932160809705,0.045854843607652594,0.045854843607652594,3429.4327239596323,5759.189134137186,2291.8575125645307,0.1579107197084725
COW00146,15,590.6,Holstein,Mastitis,3.1,17.4,21.89,Late,1,42.0,40.0,61.04,0.029461564510667115,0.029461564510667115,1680.0,3725.8815999999997,1062.096,0.025397900440230273
COW00147,37,565.6,Holstein,Healthy,2.4,16.0,19.35,Early,0,28.401895409333704,65.47511264108373,48.289273118614936,0.028288543140028287,0.028288543140028287,1859.6173011464032,2331.853898324187,772.628369897839,0.06541725601131541
COW00148,100,532.6,Ayrshire,Healthy,2.3,17.5,19.97,Mid,0,31.917922112773446,46.044451591337925,50.00036885724301,0.03285767930904994,0.03285767930904994,1469.6432196176913,2500.036885860357,875.0064550017527,0.18775816748028537
COW00149,18,519.3,Jersey,Healthy,2.0,15.4,18.16,Late,0,40.35043928906454,84.69448316073364,70.6589418650648,0.029655305218563455,0.029655305218563455,3417.4596008958815,4992.686065490608,1088.147704721998,0.034662045060658585
COW00150,104,573.1,Brown Swiss,Healthy,4.2,31.6,19.33,Early,0,27.050009240022046,95.0,50.057516170038575,0.05513871924620485,0.05513871924620485,2569.7508778020942,2505.7549251136734,1581.817510973219,0.18146920258244634
COW00151,42,529.8,Jersey,Healthy,4.9,16.2,16.46,Mid,0,23.230553372913295,74.41881355529155,41.55603574881949,0.03057757644394111,0.03057757644394111,1728.7902202450837,1726.9041071571635,673.2077791308757,0.07927519818799547
COW00152,111,546.6,Holstein,Mastitis,5.0,17.6,20.12,Early,1,48.750285141249584,60.29169660316221,76.11059781268298,0.03219904866447128,0.03219904866447128,2939.2374010538665,5792.823099403983,1339.5465215032207,0.20307354555433588
COW00153,43,556.3,Holstein,Healthy,4.4,28.6,23.37,Early,0,38.118036116129176,98.0,70.13810428670993,0.05141110911378753,0.05141110911378753,3735.567539380659,4919.353672933398,2005.9497825999042,0.07729642279345678
COW00154,58,495.8,Holstein,Healthy,2.5,18.4,21.4,Mid,0,35.2933402862399,57.89770873030541,56.73143753195066,0.03711173860427591,0.03711173860427591,2043.4035360122716,3218.4560044416203,1043.858450587892,0.11698265429608713
COW00155,83,592.6,Brown Swiss,Healthy,4.9,18.0,26.21,Mid,0,29.12583671251099,95.0,53.69021424689423,0.030374620317246033,0.030374620317246033,2766.954487688544,2882.639105877404,966.4238564440961,0.1400607492406345
COW00156,25,783.1,Brown Swiss,Healthy,3.0,26.1,24.96,Mid,0,42.0,41.80804690980084,61.53902094710503,0.03332907674626485,0.03332907674626485,1755.937970211635,3787.0510991282317,1606.1684467194414,0.031924403013663644
COW00157,72,407.8,Holstein,Healthy,3.0,21.2,21.37,Mid,0,25.816792469478465,87.34524451978118,47.0254592743647,0.0519862677783227,0.0519862677783227,2254.974050963042,2211.393819964933,996.9397366165316,0.1765571358509073
COW00158,66,575.9,Jersey,Healthy,4.1,29.0,26.72,Early,0,25.517445395153292,95.0,47.37552944151826,0.05035596457718354,0.05035596457718354,2424.1573125395626,2244.4407898641634,1373.8903538040295,0.11460322972738322
COW00159,96,489.2,Jersey,Healthy,2.1,25.5,20.7,Mid,0,23.28617619608434,87.33893285459192,42.79003241810631,0.05212591986917416,0.05212591986917416,2033.7897792300068,1830.9868743425886,1091.1458266617108,0.19623875715453803
COW00160,119,596.2,Brown Swiss,Healthy,4.5,19.2,21.75,Early,0,42.612946263914864,68.60561245594499,69.84602158735734,0.03220395840322039,0.03220395840322039,2923.487276988152,4878.466731581588,1341.043614477261,0.19959745051995972
COW00161,83,553.7,Ayrshire,Healthy,5.0,24.8,21.81,Early,0,31.240191892936515,81.36499560156932,55.09417490733284,0.044789597254831136,0.044789597254831136,2541.8580759609613,3035.368108719784,1366.3355377018545,0.14990066823189452
COW00162,56,610.9,Guernsey,Healthy,4.3,29.6,26.1,Mid,0,38.515335986162896,51.77191978542714,59.697241191672816,0.04845310198068424,0.04845310198068424,1994.0128851844006,3563.7606058967576,1767.0383392735155,0.09166803077426748
COW00163,55,644.0,Ayrshire,Healthy,4.3,20.6,22.62,Mid,0,37.70087613499618,68.32235630631664,62.480408523442534,0.031987577639751553,0.031987577639751553,2575.8126923555187,3903.8014492562706,1287.0964155829163,0.08540372670807453
COW00164,57,565.4,Holstein,Healthy,3.2,27.3,20.1,Early,0,32.58159304860021,87.87616987417205,58.44256203209875,0.04828440042447825,0.04828440042447825,2863.145605509935,3415.5330568757104,1595.4819434762958,0.10081358330385568
COW00165,99,640.6,Jersey,Bloat,2.2,21.5,24.18,Early,1,42.0,57.54103751639138,65.88132635452402,0.033562285357477364,0.033562285357477364,2416.723575688438,4340.349162231301,1416.4485166222664,0.15454261629722135
COW00166,46,362.5,Guernsey,Healthy,4.4,23.8,16.93,Mid,0,30.502984788310435,95.0,56.100223379543266,0.06565517241379311,0.06565517241379311,2897.7835548894914,3147.235063234653,1335.1853164331299,0.12689655172413794
COW00167,30,677.2,Jersey,Foot and Mouth,3.8,27.2,23.41,Early,1,18.067292414460226,86.09524047100054,34.01119815457247,0.04016538688718251,0.04016538688718251,1555.507885082837,1156.7615999095938,925.1045898043711,0.04430005906674542
COW00168,48,580.0,Ayrshire,Healthy,4.7,15.1,22.68,Late,0,46.486498416433754,61.177569522480184,73.21893860919027,0.026034482758620688,0.026034482758620688,2843.930988728041,5361.012971056374,1105.605972998773,0.08275862068965517
COW00169,14,636.2,Brown Swiss,Healthy,2.3,22.2,20.18,Mid,0,30.393822274649914,70.55648426183707,51.99973651579949,0.034894687205281355,0.034894687205281355,2144.4812429784097,2703.972597712571,1154.3941506507485,0.02200565859792518
COW00170,23,452.4,Jersey,Healthy,2.9,15.7,20.42,Early,0,49.0,74.67695968899002,81.43822805239054,0.03470380194518126,0.03470380194518126,3659.171024760511,6632.18498831317,1278.5801804225314,0.050839964633068085
COW00171,21,483.5,Ayrshire,Healthy,3.1,27.1,15.54,Late,0,29.967624013139748,71.42270928943739,51.49291805268925,0.056049638055842815,0.056049638055842815,2140.3688979856433,2651.5206095809704,1395.4580792278787,0.04343329886246122
COW00172,95,561.7,Brown Swiss,Mastitis,4.0,24.9,22.24,Mid,1,42.0,46.56312134052198,62.85142148998407,0.044329713370126395,0.044329713370126395,1955.6510963019232,3950.301183311631,1565.0003951006033,0.16912942852056256
COW00173,90,548.6,Ayrshire,Foot and Mouth,4.4,19.9,20.58,Late,1,36.25094440628107,92.53119692436395,65.61969592343408,0.03627415238789646,0.03627415238789646,3354.343275551764,4305.944493083951,1305.8319488763382,0.16405395552314983
COW00174,87,572.6,Brown Swiss,Healthy,4.9,15.4,29.2,Mid,0,40.8778339094333,63.26720038855238,65.85405136557588,0.02689486552567237,0.02689486552567237,2586.2261093980783,4336.756081259907,1014.1523910298687,0.1519385260216556
COW00175,61,636.8,Holstein,Healthy,2.9,30.7,23.05,Mid,0,37.32676449495574,87.2041240807305,66.25449575384266,0.04820979899497488,0.04820979899497488,3255.0478025503257,4389.658207595955,2034.0130196429698,0.09579145728643217
COW00176,89,408.8,Guernsey,Healthy,3.5,19.7,18.57,Mid,0,33.044229706791704,54.44868849864526,52.98692232145626,0.04818982387475538,0.04818982387475538,1799.2149699827814,2807.61393710004,1043.8423697326884,0.21771037181996086
COW00177,29,627.9,Holstein,Healthy,2.1,19.0,17.99,Mid,0,38.388175667833856,84.91183296396348,67.47934018844029,0.030259595476986784,0.030259595476986784,3259.6103600983956,4553.461352267253,1282.1074635803654,0.04618569835961141
COW00178,109,550.7,Guernsey,Mastitis,2.8,15.8,24.65,Mid,1,35.05034601986827,95.0,64.05810553476948,0.02869075721808607,0.02869075721808607,3329.7828718874857,4103.440884703665,1012.1180674493579,0.19792990739059377
COW00179,66,533.7,Brown Swiss,Healthy,3.1,24.4,20.63,Early,0,25.248360336211668,90.37439044358806,46.40282779594461,0.04571856848416713,0.04571856848416713,2281.8051750851955,2153.22242746009,1132.2289982210484,0.12366498032602585
COW00180,113,432.3,Guernsey,Healthy,3.8,18.8,17.86,Mid,0,26.69593036220248,77.23139161851334,47.25306242093426,0.0434883182974786,0.0434883182974786,2061.7638524238205,2232.8519081567097,888.3575735135641,0.26139255146888735
COW00181,28,590.2,Ayrshire,Bloat,3.4,29.2,21.77,Early,1,25.35950360906897,83.78587236506672,45.87011859299459,0.049474754320569296,0.049474754320569296,2124.7681326309016,2104.067779735388,1339.4074629154418,0.047441545238902066
COW00182,65,356.9,Brown Swiss,Ketosis,3.1,26.3,20.99,Mid,1,32.16973586635833,78.81322577510258,56.140690741079034,0.07369010927430654,0.07369010927430654,2535.400655960714,3151.7771568854773,1476.5001664903787,0.18212384421406558
COW00183,87,601.9,Ayrshire,Healthy,3.9,14.1,23.98,Mid,0,46.08629089605046,58.0,71.64708143654963,0.02342581824223293,0.02342581824223293,2673.0048719709266,5133.3042783755745,1010.2238482553497,0.14454228277122447
COW00184,65,430.6,Holstein,Healthy,4.5,24.2,20.3,Late,0,27.043439997418936,95.0,50.04601999548314,0.05620065025545749,0.05620065025545749,2569.126799754799,2504.6041173882986,1211.113683890692,0.15095215977705526
COW00185,60,554.3,Holstein,Foot and Mouth,2.7,18.2,22.05,Early,1,19.548959977369115,83.29829430613043,36.32816381754908,0.032834205303987014,0.032834205303987014,1628.3950215736575,1319.7354863546823,661.1725814793933,0.10824463287028686
COW00186,29,540.5,Ayrshire,Healthy,3.0,14.3,20.97,Mid,0,35.15465942716635,49.19223407413371,54.73340818843401,0.02645698427382054,0.02645698427382054,1729.3362353376183,2995.7459719217354,782.6877370946064,0.05365402405180388
COW00187,53,643.6,Brown Swiss,Healthy,4.1,25.1,23.4,Mid,0,45.241180571188785,85.18600471160858,78.86531399143962,0.038999378495960225,0.038999378495960225,3853.915421296022,6219.737750968362,1979.5193811851345,0.08234928527035426
COW00188,37,535.7,Brown Swiss,Healthy,4.3,17.7,21.77,Mid,0,20.958737040848114,95.0,39.397789821484196,0.0330408810901624,0.0330408810901624,1991.0800188805708,1552.1858428178436,697.3408798402702,0.06906850849355982
COW00189,44,494.5,Holstein,Bloat,4.5,30.2,23.22,Late,1,42.0,51.233325224630576,64.14039776199803,0.06107178968655207,0.06107178968655207,2151.799659434484,4113.990625067322,1937.0400124123405,0.08897876643073811
COW00190,85,509.5,Jersey,Bloat,2.6,24.3,21.44,Mid,1,28.6623323985324,74.42047880847412,49.94396197906986,0.04769381746810599,0.04769381746810599,2133.0645008664214,2494.399338166776,1213.6382760913978,0.16683022571148184
COW00191,80,651.8,Guernsey,Mastitis,3.6,17.8,20.98,Mid,1,42.0,43.81751571685065,62.09363433785078,0.02730899048787972,0.02730899048787972,1840.3356601077273,3855.6194252827213,1105.266691213744,0.122737035900583
COW00192,77,592.9,Ayrshire,Healthy,4.7,31.6,21.95,Mid,0,40.39826760385981,43.454102022018986,60.0159278116266,0.053297351998650704,0.053297351998650704,1755.4704419709485,3601.9115910903747,1896.5033188474006,0.12987012987012989
COW00193,51,519.1,Ayrshire,Healthy,3.2,23.8,22.89,Early,0,21.64444395520655,91.39462179740194,40.336587318351015,0.04584858408784435,0.04584858408784435,1978.1857693011652,1627.0402764909559,960.0107781767542,0.09824696590252359
COW00194,115,531.1,Brown Swiss,Healthy,3.3,17.0,16.49,Mid,0,41.305186918846005,52.384912802007,63.538408241731275,0.03200903784598004,0.03200903784598004,2163.768615014348,4037.129321892905,1080.1529401094317,0.2165317266051591
COW00195,21,424.6,Brown Swiss,Bloat,5.0,23.3,14.1,Mid,1,45.77245520852799,73.35306333946644,76.03062110707967,0.054875176636834666,0.054875176636834666,3357.5498061140443,5780.655345928309,1771.5134717949563,0.049458313707018364
COW00196,48,581.1,Holstein,Healthy,2.3,31.3,23.96,Early,0,32.994968583398546,95.0,60.46119502094745,0.0538633625881948,0.0538633625881948,3134.522015422862,3655.5561033610406,1892.4354041556553,0.08260196179659267
COW00197,24,409.2,Holstein,Healthy,4.1,21.6,22.34,Mid,0,32.54751410544272,95.0,59.67814968452476,0.05278592375366569,0.05278592375366569,3092.0138400170586,3561.481549768543,1289.048033185735,0.05865102639296188
COW00198,48,610.1,Brown Swiss,Mastitis,4.6,21.7,18.85,Mid,1,39.38503226205273,47.754561688222566,59.83951845404647,0.03556793968201934,0.03556793968201934,1880.814952750833,3580.767968812168,1298.5175504528083,0.07867562694640223
COW00199,115,560.3,Brown Swiss,Healthy,2.5,22.3,21.56,Early,0,48.388976124271984,70.41281543448186,79.04377592587133,0.03980010708548992,0.03980010708548992,3407.2040449019123,6247.918512619356,1762.6762031469307,0.20524718900588973
COW00200,51,741.0,Holstein,Foot and Mouth,4.1,19.0,22.67,Mid,1,18.688903414065344,80.35336916139889,34.797401124532044,0.02564102564102564,0.02564102564102564,1501.7163552521206,1210.8591250215838,661.1506213661088,0.06882591093117409
COW00201,110,462.0,Brown Swiss,Healthy,3.4,16.9,19.64,Mid,0,27.71863535815171,75.79046459415235,48.6691639020656,0.036580086580086574,0.036580086580086574,2100.808251710217,2368.687514926125,822.5088699449085,0.23809523809523808
COW00202,65,541.8,Guernsey,Foot and Mouth,4.6,24.4,22.35,Mid,1,27.77491640572386,67.47948048227161,47.645257230099666,0.045035068290882246,0.045035068290882246,1874.2369294967689,2270.0705365223644,1162.5442764144318,0.11997046880767812
COW00203,87,693.9,Ayrshire,Healthy,4.7,30.1,20.27,Mid,0,42.0,43.85858844914139,62.10497041196302,0.043378008358553106,0.043378008358553106,1842.0607148639385,3857.0273498708025,1869.359609400087,0.12537829658452226
COW00204,61,645.3,Ayrshire,Healthy,4.6,27.2,20.0,Mid,0,35.3415416727434,53.06841221844303,55.786576997983225,0.04215093754842709,0.04215093754842709,1875.5195019244295,3112.1421731519113,1517.3948943451437,0.09452967611963428
COW00205,40,494.3,Jersey,Healthy,2.2,15.7,19.58,Mid,0,49.0,62.86064448915582,77.34978299324791,0.03176208780093061,0.03176208780093061,3080.171579968635,5982.988929102544,1214.3915929939922,0.08092251669026906
COW00206,94,567.9,Jersey,Healthy,4.3,21.2,21.55,Early,0,42.0,59.97759563886335,66.55381639632628,0.03733051593590421,0.03733051593590421,2519.0590168322606,4429.410476915909,1410.9409076021172,0.16552209896108472
COW00207,116,550.2,Ayrshire,Healthy,4.8,14.1,18.34,Early,0,20.92883293931692,95.0,39.34545764380461,0.025627044711014173,0.025627044711014173,1988.2391292351074,1548.0650372004225,554.770952777645,0.21083242457288257
COW00208,40,572.6,Guernsey,Healthy,3.9,19.5,23.25,Early,0,49.0,72.38857022533287,80.64644529796519,0.034055186866922806,0.034055186866922806,3547.0399410413106,6503.849139197691,1572.6056833103212,0.069856793573175
COW00209,96,494.1,Jersey,Healthy,3.8,26.0,19.96,Early,0,30.087985947155005,80.14679025607361,53.04380595019263,0.052620926937866824,0.052620926937866824,2411.455498934323,2813.6453496816907,1379.1389547050082,0.19429265330904674
COW00210,40,542.9,Guernsey,Mastitis,2.1,19.2,19.86,Early,1,21.821130617510594,87.90697272732102,40.380595762002386,0.03536562902928716,0.03536562902928716,1918.2295340728135,1630.592514094245,775.3074386304457,0.07367839381101492
COW00211,89,422.2,Holstein,Healthy,4.6,29.1,20.93,Mid,0,31.73745626156027,95.0,58.26054845773047,0.06892468024632876,0.06892468024632876,3015.0583448482257,3394.2915065955603,1695.3819601199568,0.21080056845097112
COW00212,97,560.8,Brown Swiss,Mastitis,2.1,22.6,21.46,Mid,1,42.0,43.87897523119027,62.110597163808514,0.040299572039942944,0.040299572039942944,1842.9169597099913,3857.726280044898,1403.6994959020724,0.17296718972895864
COW00213,60,586.0,Jersey,Mastitis,2.9,26.0,24.13,Early,1,23.525362487346577,85.15246349381988,42.99076095059379,0.04436860068259386,0.04436860068259386,2003.242570382659,1848.2055271110996,1117.7597847154384,0.10238907849829351
COW00214,91,531.8,Ayrshire,Healthy,4.8,29.9,19.19,Mid,0,20.31235760427761,84.91732036949296,37.67050173163659,0.05622414441519368,0.05622414441519368,1724.8709781421483,1419.0667007132354,1126.348001775934,0.17111696126363296
COW00215,41,420.8,Holstein,Mastitis,4.8,26.3,16.0,Early,1,32.75601948956715,95.0,60.04303410674252,0.0625,0.0625,3111.8218515088793,3605.1659447434454,1579.1317970073283,0.09743346007604563
COW00216,20,629.1,Ayrshire,Healthy,5.0,30.2,20.17,Mid,0,52.0,98.0,94.84800000000001,0.04800508663169607,0.04800508663169607,5096.0,8996.143104000002,2864.4096000000004,0.03179144810046097
COW00217,22,579.2,Jersey,Healthy,3.4,28.5,20.62,Late,0,39.58817949335766,48.21613931233902,60.21531130944546,0.04920580110497237,0.04920580110497237,1908.7891775736155,3625.8837160934304,1716.1363723191957,0.03798342541436464
COW00218,60,491.9,Holstein,Healthy,2.5,24.2,17.8,Mid,0,23.725476026871405,72.36226357803584,42.128506363968356,0.04919699125838585,0.04919699125838585,1716.829149770839,1774.8110484589222,1019.5098540080342,0.12197601138442773
COW00219,109,527.6,Guernsey,Foot and Mouth,3.5,19.4,17.64,Early,1,38.935791661589825,47.219570129337775,59.134328679704474,0.03677028051554207,0.03677028051554207,1838.5313449057257,3496.868828399319,1147.2059763862667,0.2065959059893859
COW00220,25,429.9,Guernsey,Healthy,2.3,19.4,19.3,Mid,0,41.049252857390755,45.39149528485501,61.33589664012422,0.04512677366829495,0.04512677366829495,1863.2869675230736,3762.0922166480013,1189.9163948184098,0.05815305885089556
COW00221,61,468.0,Holstein,Healthy,4.6,29.8,18.74,Mid,0,37.14928513842372,94.50427838358227,67.61847586822984,0.06367521367521367,0.06367521367521367,3510.7663844726712,4572.258278742381,2015.0305808732492,0.13034188034188035
COW00222,88,507.0,Holstein,Ketosis,3.7,15.0,17.62,Early,1,19.64917362596731,95.0,37.106053845442794,0.029585798816568046,0.029585798816568046,1866.6714944668945,1376.8592319809,556.5908076816419,0.17357001972386588
COW00223,33,648.3,Holstein,Healthy,3.2,30.9,24.29,Late,0,36.24282311239676,63.589824170299764,59.28407130092011,0.04766311892642296,0.04766311892642296,2304.6747491525866,3514.6011100125797,1831.8778031984314,0.05090236001850995
COW00224,89,498.8,Brown Swiss,Bloat,2.2,19.9,19.57,Mid,1,40.92762614392608,43.947638535421,60.800366164901334,0.03989574979951884,0.03989574979951884,1798.6725198861095,3696.684525786079,1209.9272866815365,0.1784282277465918
COW00225,45,601.2,Holstein,Mastitis,3.2,27.3,24.68,Early,1,21.91436709489699,71.30523172579916,39.28963054566109,0.045409181636726546,0.045409181636726546,1562.609023825858,1543.675068414545,1072.606913896548,0.0748502994011976
COW00226,99,506.9,Guernsey,Bloat,4.6,19.9,21.17,Mid,1,30.785409884011678,70.00765294813885,52.49936879293828,0.03925823633852831,0.03925823633852831,2155.214291026093,2756.1837236569413,1044.7374389794716,0.19530479384493984
COW00227,74,569.8,Holstein,Bloat,4.1,31.2,22.76,Mid,1,34.37428543638711,94.69754674617592,62.814586637446986,0.05475605475605476,0.05475605475605476,3255.1605019786625,3945.6722944333333,1959.815103088346,0.12987012987012989
COW00228,71,538.7,Guernsey,Ketosis,2.2,14.7,21.1,Mid,1,24.784961640910346,80.08899774430066,44.545181007063455,0.027287915351772784,0.027287915351772784,1985.002736951447,1984.2731509520468,654.8141608038328,0.1317987748282903
COW00229,31,619.8,Ayrshire,Healthy,2.5,20.4,14.8,Late,0,52.0,79.35368087306489,87.8369840082724,0.03291384317521781,0.03291384317521781,4126.391405399374,7715.3357596695005,1791.8744737687568,0.0500161342368506
COW00230,62,507.2,Guernsey,Mastitis,3.2,29.6,18.28,Late,1,41.56605684857468,47.65431324827669,62.598643306684444,0.058359621451104106,0.058359621451104106,1980.8018935576545,3918.590143837509,1852.9198418778597,0.1222397476340694
COW00231,104,424.2,Ayrshire,Foot and Mouth,2.3,18.9,19.69,Early,1,41.520944724752496,84.47977617896987,72.52846918089504,0.04455445544554455,0.04455445544554455,3507.6801170864705,5260.378841724042,1370.7880675189163,0.24516737388024518
COW00232,14,439.4,Ayrshire,Healthy,4.8,19.0,19.21,Early,0,43.947026420198654,98.0,80.51370702795361,0.0432407828857533,0.0432407828857533,4306.808589179468,6482.457019383147,1529.7604335311187,0.03186162949476559
COW00233,93,507.4,Holstein,Healthy,4.0,30.2,16.73,Mid,0,29.44293914794647,95.0,54.24514350890632,0.05951911706740245,0.05951911706740245,2797.0792190549146,2942.5355943018412,1638.2033339689708,0.18328734726054396
COW00234,65,450.1,Jersey,Ketosis,2.3,29.0,20.35,Mid,1,31.929099292535405,78.4858450100708,55.70114113642908,0.06443012663852477,0.06443012663852477,2505.9823383850953,3102.617123900392,1615.3330929564434,0.14441235281048656
COW00235,89,582.8,Guernsey,Healthy,4.4,15.9,19.35,Mid,0,25.27075260359361,95.0,46.943817056288815,0.02728208647906658,0.02728208647906658,2400.721497341393,2203.7219598143124,746.4066911949922,0.15271105010295127
COW00236,83,512.7,Jersey,Healthy,3.1,24.4,21.93,Early,0,29.832803017708482,75.5219203105512,51.921391610884925,0.047591183928223126,0.047591183928223126,2253.030572143751,2695.8309068108715,1266.881955305592,0.16188804369026719
COW00237,58,740.0,Guernsey,Healthy,2.7,18.0,23.79,Late,0,23.849237454962655,95.0,44.45616554618465,0.024324324324324326,0.024324324324324326,2265.6775582214523,1976.350655069775,800.2109798313237,0.07837837837837838
COW00238,45,411.0,Guernsey,Healthy,3.7,17.9,21.38,Mid,0,34.47367860061733,53.9570405447583,54.81010578185343,0.043552311435523114,0.043552311435523114,1860.097673980476,3004.147695817963,981.1008934951764,0.10948905109489052
COW00239,79,566.3,Ayrshire,Mastitis,2.0,25.1,24.66,Late,1,40.96931903307083,51.68749090121308,62.908469584189426,0.04432279710400848,0.04432279710400848,2117.6013047507445,3957.475545424886,1579.0025865631546,0.13950203072576375
COW00240,27,459.8,Jersey,Healthy,3.4,16.2,20.46,Late,0,21.835208914516844,79.60755600432407,39.787155232275964,0.035232709873858195,0.035232709873858195,1738.247616528516,1583.0177214772245,644.5519147628706,0.058721183123096994
COW00241,75,510.5,Jersey,Mastitis,4.5,22.5,23.46,Early,1,23.19432739600532,95.0,43.31007294300931,0.04407443682664055,0.04407443682664055,2203.4611026205052,1875.7624183287871,974.4766412177095,0.14691478942213515
COW00242,22,561.3,Holstein,Foot and Mouth,4.8,18.6,19.38,Early,1,36.65195392781554,47.09640236788232,56.201432898812236,0.03313735970069482,0.03313735970069482,1726.1751697534855,3158.6010598796943,1045.3466519179076,0.03919472652770355
COW00243,82,364.0,Jersey,Healthy,3.0,29.4,26.62,Early,0,31.714270044139315,67.1200632360492,53.392765037798085,0.08076923076923076,0.08076923076923076,2128.663810847772,2850.7873583815135,1569.7472921112637,0.22527472527472528
COW00244,79,568.9,Jersey,Mastitis,3.9,24.0,18.98,Late,1,32.05763156797306,95.0,58.820855243952856,0.042186676041483566,0.042186676041483566,3045.4749989574407,3459.893011630056,1411.7005258548686,0.13886447530321674
COW00245,21,702.2,Brown Swiss,Healthy,2.7,17.9,20.57,Mid,0,32.10423488596155,86.10544257731974,57.327697712254675,0.02549131301623469,0.02549131301623469,2764.3493534619474,3286.4649249876497,1026.1657890493586,0.029906009683850755
COW00246,93,513.7,Brown Swiss,Foot and Mouth,3.7,30.7,23.53,Late,1,25.822631140499563,74.26649631316963,45.54129284722572,0.059762507299980526,0.059762507299980526,1917.75634039225,2074.0093541967726,1398.1176904098295,0.18103951722795406
COW00247,56,570.8,Ayrshire,Ketosis,2.8,28.8,23.64,Mid,1,33.8776775527324,56.23213028462939,54.454855060058414,0.05045550105115628,0.05045550105115628,1905.013977885913,2965.3312396119695,1568.2998257296824,0.09810791871058165
COW00248,96,632.0,Guernsey,Healthy,3.7,18.8,23.87,Mid,0,34.381685532529495,56.93815342447383,55.28255119133113,0.029746835443037977,0.029746835443037977,1957.6296858431767,3056.160466222147,1039.3119623970254,0.1518987341772152
COW00249,16,536.9,Guernsey,Mastitis,2.5,31.3,21.28,Late,1,52.0,88.973118322269,91.45389248917314,0.05829763456882101,0.05829763456882101,4626.602152757988,8363.81445142124,2862.5068349111193,0.029800707766809462
COW00250,31,503.5,Holstein,Healthy,4.8,18.8,14.83,Mid,0,38.08099208943183,98.0,70.07216591918865,0.03733862959285005,0.03733862959285005,3731.9372247643196,4910.108436606303,1317.3567192807466,0.06156901688182721
COW00251,65,367.9,Brown Swiss,Healthy,4.7,19.3,23.48,Mid,0,25.28183058990993,89.83087002588678,46.400707565587126,0.0524599075835825,0.0524599075835825,2271.0888377386873,2153.0256625871343,895.5336560158315,0.17667844522968199
COW00252,32,601.3,Guernsey,Mastitis,3.0,20.9,20.75,Mid,1,30.181087733058614,52.50719482834439,48.83107666847594,0.034758024280725094,0.034758024280725094,1584.7242537310635,2384.474048602575,1020.569502371147,0.05321802760685183
COW00253,47,540.9,Jersey,Healthy,4.3,17.0,24.26,Early,0,39.05570688160467,46.87712389313051,59.202451766900666,0.0314290996487336,0.0314290996487336,1830.819210222772,3504.9302952122,1006.4416800373114,0.08689221667591052
COW00254,83,469.0,Brown Swiss,Healthy,2.3,26.4,15.74,Early,0,39.79239138085143,45.97305390281873,59.907570881414664,0.05628997867803838,0.05628997867803838,1829.3777538739419,3588.9170489117223,1581.559871269347,0.17697228144989338
COW00255,27,560.1,Guernsey,Healthy,4.2,24.0,21.16,Early,0,19.33147126647049,95.0,36.55007471632336,0.04284949116229245,0.04284949116229245,1836.4897703146967,1335.90796176882,877.2017931917605,0.048205677557579
COW00256,85,503.3,Guernsey,Healthy,2.8,30.1,19.82,Mid,0,18.0,86.22268354381356,33.90401660757729,0.05980528511821975,0.05980528511821975,1552.008303788644,1149.4823421268768,1020.5108998880764,0.1688853566461355
COW00257,23,507.7,Ayrshire,Foot and Mouth,2.4,18.3,21.1,Mid,1,33.56814103761164,52.9560890585732,53.40521066883985,0.03604490841047863,0.03604490841047863,1777.6374663185077,2852.1165265831655,977.3153552397692,0.04530234390388024
COW00258,30,598.5,Brown Swiss,Healthy,4.0,17.1,21.92,Mid,0,33.120565537699974,63.69516857525684,54.82054820763941,0.028571428571428574,0.028571428571428574,2109.620005231642,3005.2925057861166,937.431374350634,0.05012531328320802
COW00259,75,442.9,Jersey,Healthy,3.4,20.5,21.42,Early,0,25.420084655981274,71.84291639533934,44.65321793087726,0.04628584330548657,0.04628584330548657,1826.2530167021112,1993.9098715824186,915.3909675829839,0.1693384511176338
COW00260,97,633.8,Jersey,Healthy,3.6,16.6,20.01,Mid,0,36.240455078001794,48.69236389590135,56.02699792550293,0.026191227516566745,0.026191227516566745,1764.6334264111294,3139.02449654431,930.0481655633488,0.15304512464499842
COW00261,30,438.2,Guernsey,Foot and Mouth,3.6,31.0,19.07,Late,1,21.21939512860805,84.3888235935205,39.13032342811262,0.07074395253308992,0.07074395253308992,1790.6797922693129,1531.1822115886991,1213.0400262714911,0.06846188954815154
COW00262,44,497.0,Brown Swiss,Healthy,2.2,26.9,20.07,Mid,0,42.0,46.2285218251314,62.759072023736266,0.05412474849094567,0.05412474849094567,1941.597916655519,3938.701121280516,1688.2190374385054,0.08853118712273642
COW00263,111,703.8,Brown Swiss,Healthy,2.2,28.3,24.4,Late,0,42.78120364427981,73.303036578643,71.42924700424945,0.04021028701335607,0.04021028701335607,3135.9921356150185,5102.137327594079,2021.4476902202593,0.1577152600170503
COW00264,118,640.2,Holstein,Healthy,3.8,27.5,24.63,Early,0,25.43552833656408,81.3057982197981,45.720947071066696,0.0429553264604811,0.0429553264604811,2068.055934546636,2090.405001075282,1257.3260444543341,0.18431740081224615
COW00265,74,557.8,Brown Swiss,Healthy,3.9,18.4,22.25,Early,0,42.0,44.03427272300846,62.15345927155034,0.032986733596271064,0.032986733596271064,1849.4394543663554,3863.052499420267,1143.6236505965262,0.13266403728935103
COW00266,60,474.8,Jersey,Ketosis,2.1,16.5,17.51,Mid,1,47.489223133858125,64.8416190432142,75.8469665159019,0.03475147430497051,0.03475147430497051,3079.278115103823,5752.762329664343,1251.4749475123813,0.12636899747262004
COW00267,49,507.7,Brown Swiss,Healthy,3.1,21.7,21.08,Early,0,38.35823480459923,58.35530104591439,61.067487889190296,0.04274177663974788,0.04274177663974788,2238.4063396122588,3729.2380770964037,1325.1644871954293,0.09651368918652747
COW00268,78,555.9,Ayrshire,Healthy,3.8,28.9,28.4,Mid,0,48.85756658701891,65.9122001433098,78.19779352296527,0.05198776758409786,0.05198776758409786,3220.309707398676,6114.89491186031,2259.9162328136963,0.14031300593631948
COW00269,75,553.0,Guernsey,Mastitis,4.0,19.9,25.94,Mid,1,31.71224506984733,65.45630357601509,53.101751744620834,0.03598553345388788,0.03598553345388788,2075.766340368915,2819.796038347342,1056.7248597179546,0.13562386980108498
COW00270,43,542.7,Brown Swiss,Healthy,4.5,14.2,13.59,Early,0,38.19708885423715,58.8373986115488,60.959259110501684,0.0261654689515386,0.0261654689515386,2247.417342717499,3716.0312713012827,865.6214793691239,0.07923346231803943
COW00271,14,547.5,Ayrshire,Healthy,3.3,25.9,19.75,Late,0,42.0,47.54237563326342,63.1216956747807,0.04730593607305936,0.04730593607305936,1996.7797765970636,3984.348464859629,1634.8519179768202,0.025570776255707764
COW00272,28,532.8,Ayrshire,Healthy,3.6,17.6,22.57,Early,0,33.72634009127309,50.474644164646456,53.13597346413797,0.03303303303303304,0.03303303303303304,1702.325015082859,2823.4316759815742,935.1931329688283,0.052552552552552555
COW00273,115,434.6,Brown Swiss,Healthy,3.7,23.8,19.35,Mid,0,40.78675756724201,98.0,74.88842846969078,0.05476300046019328,0.05476300046019328,3997.1022415897173,5608.276718659992,1782.3445975786406,0.2646111366774045
COW00274,57,508.7,Guernsey,Mastitis,2.9,14.3,19.89,Mid,1,22.368670316004774,82.80193683186846,40.893149614201945,0.02811087084725772,0.02811087084725772,1852.1692265187185,1672.2496853695047,584.7720394830878,0.11205032435620209
COW00275,64,623.2,Jersey,Foot and Mouth,2.2,23.2,21.88,Mid,1,40.95523172631254,60.02339184011448,65.103536174185,0.03722721437740693,0.03722721437740693,2458.2719218111456,4238.470422383414,1510.4020392410919,0.10269576379974325
COW00276,62,440.5,Ayrshire,Bloat,2.0,21.1,21.7,Early,1,46.38435819802266,61.74889906878996,73.2574756199154,0.04790011350737798,0.04790011350737798,2864.1830527403013,5366.657734202498,1545.732735580215,0.14074914869466515
COW00277,96,534.8,Jersey,Bloat,4.5,29.8,18.62,Late,1,38.01651639261206,82.37254984511817,66.26673985127452,0.05572176514584892,0.05572176514584892,3131.517391488189,4391.280810516495,1974.7488475679809,0.17950635751682872
COW00278,19,484.4,Jersey,Healthy,2.6,27.0,22.12,Late,0,23.37893687196739,90.33460561046053,43.21423670887788,0.05573905862923204,0.05573905862923204,2111.927041921028,1867.4702543309281,1166.7843911397026,0.03922378199834847
COW00279,20,558.9,Holstein,Healthy,3.9,14.6,19.97,Mid,0,45.62041762172364,98.0,83.49234336666808,0.02612274109858651,0.02612274109858651,4470.800926928917,6970.971400857604,1218.9882131533539,0.035784576847378784
COW00280,41,518.9,Ayrshire,Healthy,3.7,28.2,18.33,Mid,0,31.038058524786855,62.81689221057776,51.68195810927769,0.05434573135478898,0.05434573135478898,1949.7143767771402,2671.0247940091335,1457.4312186816308,0.07901329735979958
COW00281,64,668.2,Jersey,Ketosis,3.2,28.2,25.9,Mid,1,52.0,77.07340201310835,86.97959915692874,0.04220293325351691,0.04220293325351691,4007.8169046816342,7565.450669499999,2452.8246962253907,0.0957797066746483
COW00282,84,590.5,Ayrshire,Mastitis,4.5,25.9,18.42,Mid,1,49.0,61.844938486939185,76.99834871648096,0.043861134631668075,0.043861134631668075,3030.40198586002,5928.745705064805,1994.2572317568568,0.14225232853513972
COW00283,64,445.1,Holstein,Healthy,4.1,30.7,19.03,Mid,0,38.0491448218966,45.44995710947374,57.58784203582661,0.06897326443495844,0.06897326443495844,1729.3320002073553,3316.3595503433185,1767.946750499877,0.14378791282857784
COW00284,59,603.7,Brown Swiss,Mastitis,2.1,28.5,20.79,Mid,1,30.150825839293315,73.05128864681524,52.026841919553966,0.04720887858207719,0.04720887858207719,2202.556681326071,2706.792280122258,1482.764994707288,0.09773066092430015
COW00285,113,488.0,Brown Swiss,Mastitis,4.3,17.9,25.87,Late,1,42.0,61.876033237234886,67.07778517347683,0.036680327868852454,0.036680327868852454,2598.7933959638654,4499.429263779108,1200.692354605235,0.23155737704918034
COW00286,29,503.8,Brown Swiss,Bloat,3.5,20.9,18.23,Mid,1,37.49471198160004,56.63927727179773,59.47644753966157,0.04148471615720524,0.04148471615720524,2123.6733881520413,3537.447811938115,1243.0577535789268,0.057562524811433105
COW00287,73,575.1,Holstein,Mastitis,3.0,20.3,16.69,Early,1,49.0,78.71972150100123,82.83702363934643,0.0352982090071292,0.0352982090071292,3857.26635354906,6861.972485425638,1681.5915798787325,0.12693444618327246
COW00288,70,510.7,Holstein,Healthy,4.2,23.1,19.82,Late,0,29.850253987490767,68.8761916068379,50.92174973015987,0.04523203446250245,0.04523203446250245,2055.9718131551913,2593.0245955810365,1176.292418766693,0.13706677109849227
COW00289,63,621.4,Jersey,Healthy,4.1,31.2,23.65,Early,0,32.65499914618097,54.505523058290336,52.47398208585715,0.0502092050209205,0.0502092050209205,1779.8778089306181,2753.518795946857,1637.1882410787432,0.10138397167685871
COW00290,99,488.0,Brown Swiss,Healthy,2.9,25.1,22.84,Early,0,18.0,91.09626649447436,34.079465593801075,0.0514344262295082,0.0514344262295082,1639.7327969005385,1161.4099751590713,855.394586404407,0.2028688524590164
COW00291,40,500.5,Guernsey,Healthy,4.9,19.6,26.1,Late,0,35.42898623003204,60.5874196599678,57.484109121451986,0.039160839160839164,0.039160839160839164,2146.5508568461714,3304.4228014869996,1126.688538780459,0.07992007992007992
COW00292,115,497.5,Brown Swiss,Bloat,3.9,30.9,24.07,Early,1,31.511407641863766,93.71981220399354,57.64590522090553,0.06211055276381909,0.06211055276381909,2953.243206478959,3323.050388737624,1781.258471325981,0.23115577889447236
COW00293,47,504.7,Jersey,Healthy,3.8,26.6,21.18,Early,0,48.75556630095977,79.48796181400843,82.71299246306108,0.05270457697642164,0.05270457697642164,3875.4805923510467,6841.4391221944,2200.165599517425,0.09312462849217357
COW00294,70,637.9,Jersey,Healthy,2.2,18.8,20.58,Mid,0,22.02529422437081,91.16867363263344,40.97211498444132,0.02947170402884465,0.02947170402884465,2008.0168608043887,1678.714206298281,770.2757617074968,0.10973506819250667
COW00295,68,600.3,Guernsey,Healthy,2.8,30.3,26.39,Late,0,33.84520431051452,94.1556768678766,61.784927185318075,0.05047476261869066,0.05047476261869066,3186.718120588069,3817.3772272950564,1872.0832937151376,0.11327669498584042
COW00296,103,686.8,Brown Swiss,Healthy,3.3,20.2,22.26,Early,0,25.459230189778552,69.55877589511691,44.46004929525601,0.029411764705882353,0.029411764705882353,1770.9128872330011,1976.6959833365947,898.0929957641714,0.14997087944088527
COW00297,59,731.4,Ayrshire,Healthy,3.9,23.3,22.11,Mid,0,19.625269219686466,88.39673464443155,36.71918274233258,0.031856713152857534,0.031856713152857534,1734.8097155381547,1348.2983812648147,855.5569578963491,0.0806672135630298
COW00298,42,467.5,Brown Swiss,Healthy,3.5,22.6,19.05,Early,0,25.1143236377572,94.31124682643284,46.59627112199379,0.04834224598930482,0.04834224598930482,2368.563175479436,2171.2124824743523,1053.0757273570596,0.08983957219251337
COW00299,14,555.6,Brown Swiss,Foot and Mouth,4.3,30.6,16.56,Mid,1,26.54619607212497,95.0,49.1758431262187,0.0550755939524838,0.0550755939524838,2521.8886268518722,2418.263547174471,1504.7807996622923,0.025197984161267097
COW00300,51,455.9,Holstein,Healthy,2.8,18.8,19.09,Mid,0,23.188030525008614,95.0,43.29905341876507,0.04123711340206186,0.04123711340206186,2202.862899875818,1874.8080269610712,814.0222042727834,0.11186663742048696
COW00301,101,487.8,Holstein,Healthy,4.1,20.0,20.25,Early,0,44.82688032802941,68.09932432270196,72.98200417828869,0.04100041000410004,0.04100041000410004,3052.680261833423,5326.3729338797475,1459.6400835657737,0.2070520705207052
COW00302,13,499.6,Ayrshire,Healthy,4.4,25.9,20.78,Late,0,30.41075807671052,71.0170195086855,52.09896964819436,0.05184147317854283,0.05184147317854283,2159.6813996076658,2714.3026384034774,1349.363313888234,0.02602081665332266
COW00303,108,465.4,Jersey,Healthy,4.3,30.0,19.42,Mid,0,33.52812539302898,68.43721993962247,56.313257559977195,0.06446067898581866,0.06446067898581866,2294.571691685965,3171.1829770163286,1689.397726799316,0.23205844434894715
COW00304,70,465.8,Brown Swiss,Mastitis,4.3,16.1,17.57,Late,1,31.998258695997766,94.76338340111312,58.675312316806306,0.03456419063975955,0.03456419063975955,3032.263256976838,3442.792275474762,944.6725283005816,0.15027908973808501
COW00305,27,538.5,Brown Swiss,Bloat,4.7,17.8,16.25,Late,1,43.428931107709886,74.18408793579033,72.67799266593141,0.03305478180129991,0.03305478180129991,3221.7356442517303,5282.09061794918,1293.6682694535791,0.05013927576601671
COW00306,44,452.7,Holstein,Healthy,2.3,31.1,20.51,Late,0,34.882830945065656,49.77641958782751,54.501884630733784,0.06869891760547825,0.06869891760547825,1736.3424295328418,2970.4554283018156,1695.0086120158207,0.09719461011707532
COW00307,71,617.4,Brown Swiss,Ketosis,4.1,28.0,22.75,Mid,1,33.23835792040238,95.0,60.887126360704166,0.045351473922902494,0.045351473922902494,3157.644002438226,3707.242156464356,1704.8395380997167,0.11499838030450275
COW00308,46,476.6,Jersey,Mastitis,4.9,20.2,18.96,Mid,1,39.384190741613985,45.41884161777185,59.25488261570686,0.042383550146873686,0.042383550146873686,1788.784321537482,3511.1411138011995,1196.9486288372786,0.09651699538396978
COW00309,23,774.8,Holstein,Healthy,3.7,20.4,21.7,Late,0,40.290142227080814,47.66126704118944,60.971683605857386,0.02632937532266391,0.02632937532266391,1920.2792278124018,3717.546201732778,1243.8223455594905,0.02968508002065049
COW00310,83,513.9,Brown Swiss,Healthy,2.7,22.5,22.33,Mid,0,33.47112180854897,71.8110203767636,56.872064614853684,0.043782837127845885,0.043782837127845885,2403.5954102268465,3234.4317335560927,1279.6214538342078,0.1615100214049426
COW00311,84,555.8,Brown Swiss,Healthy,5.0,26.1,25.34,Early,0,45.042274847988836,83.8337333741719,78.12238287423497,0.04695933789132782,0.04695933789132782,3776.062060172465,6103.106705948561,2038.9941930175328,0.15113350125944586
COW00312,24,446.4,Holstein,Foot and Mouth,2.5,24.1,17.04,Mid,1,49.0,71.16409495824625,80.2227768555532,0.05398745519713262,0.05398745519713262,3487.0406529540664,6435.693926415884,1933.3689222188325,0.053763440860215055
COW00313,42,686.5,Brown Swiss,Healthy,3.0,28.0,22.94,Mid,0,43.65604650552117,64.11067467361708,70.08108600193373,0.04078659868900218,0.04078659868900218,2798.8185950517654,4911.358615210432,1962.2704080541444,0.06117989803350328
COW00314,38,639.6,Guernsey,Healthy,2.5,15.0,24.39,Mid,0,35.18880108566159,48.153982992164714,54.561676607593704,0.02345215759849906,0.02345215759849906,1694.4809289936154,2976.976554231638,818.4251491139056,0.05941213258286429
COW00315,83,573.8,Jersey,Mastitis,3.4,28.7,20.14,Mid,1,42.0,58.939285664934836,66.26724284352201,0.050017427675148135,0.050017427675148135,2475.449997927263,4391.347474082319,1901.8698696090817,0.1446497037295225
COW00316,90,442.3,Ayrshire,Foot and Mouth,3.3,15.0,20.42,Mid,1,39.17708069096563,53.83288508857463,61.079881929443445,0.033913633280578795,0.033913633280578795,2109.015282942569,3730.7519765147517,916.1982289416517,0.20348179968347274
COW00317,90,566.9,Guernsey,Mastitis,3.5,29.9,21.86,Early,1,31.716455720089154,95.0,58.22379751015602,0.052742988181337096,0.052742988181337096,3013.0632934084697,3390.01059650365,1740.8915455536649,0.1587581584053625
COW00318,113,460.3,Guernsey,Mastitis,4.8,14.8,16.9,Early,1,48.40072777642077,68.75745955153536,78.4986188692368,0.03215294373234847,0.03215294373234847,3327.9110823521255,6162.033164377699,1161.7795592647046,0.24549207038887683
COW00319,95,667.0,Holstein,Healthy,3.4,16.3,23.51,Late,0,44.573503753592206,98.0,81.62883668139412,0.024437781109445278,0.024437781109445278,4368.2033678520365,6663.2669779577145,1330.5500379067241,0.1424287856071964
COW00320,46,614.7,Guernsey,Foot and Mouth,3.5,17.2,22.08,Mid,1,28.679673910942192,75.10942599161031,50.06912023673616,0.027981129006019193,0.027981129006019193,2154.1138450774297,2506.9168012807427,861.188868071862,0.07483325199284203
COW00321,23,557.6,Jersey,Healthy,4.7,18.0,21.65,Mid,0,38.38117222748154,84.18420926632818,67.29329799448686,0.032281205164992825,0.032281205164992825,3231.0886346852894,4528.38795497481,1211.2793639007637,0.04124820659971305
COW00322,78,355.1,Guernsey,Healthy,4.5,21.2,16.49,Mid,0,48.74319376057032,71.67250536504682,80.00918239902944,0.059701492537313425,0.059701492537313425,3493.546816313993,6401.469268161162,1696.1946668594242,0.21965643480709657
COW00323,110,471.3,Ayrshire,Ketosis,2.7,25.8,20.43,Late,1,26.872889947127675,65.39606405790225,46.055091057397405,0.0547422024188415,0.0547422024188415,1757.3812324033188,2121.0714123051666,1188.221349280853,0.23339698705707618
COW00324,117,605.0,Jersey,Healthy,2.0,30.1,25.23,Mid,0,27.33846317496785,85.48867672845785,49.33169149725311,0.04975206611570248,0.04975206611570248,2337.129040617676,2433.6157859801547,1484.8839140673188,0.1933884297520661
COW00325,36,647.0,Jersey,Healthy,3.9,23.4,27.19,Mid,0,26.73088197411592,95.0,49.499043454702864,0.036166924265842344,0.036166924265842344,2539.4337875410124,2450.1553029305624,1158.277616840047,0.05564142194744977
COW00326,37,638.7,Holstein,Healthy,4.5,23.6,25.14,Early,0,20.012293083366487,82.3262196475993,37.0302231977725,0.036950054798810084,0.036950054798810084,1647.5364360333617,1371.2374300768486,873.9132674674311,0.057930170659151396
COW00327,16,422.6,Guernsey,Healthy,3.7,19.7,15.28,Late,0,36.31747554901297,86.61280252583461,64.43732025512506,0.04661618551822053,0.04661618551822053,3145.5583379634872,4152.16824166155,1269.4152090259636,0.03786086133459536
COW00328,27,574.1,Guernsey,Healthy,2.6,28.4,21.81,Mid,0,26.916391773901207,95.0,49.82368560432711,0.049468733670092316,0.049468733670092316,2557.0572185206147,2482.3996471988326,1414.9926711628898,0.04703013412297509
COW00329,71,631.2,Brown Swiss,Healthy,4.2,16.0,21.53,Mid,0,52.0,87.19706354687766,90.786095893626,0.025348542458808618,0.025348542458808618,4534.247304437638,8242.115207606656,1452.577534298016,0.11248415716096323
COW00330,71,417.3,Holstein,Mastitis,4.0,19.4,20.88,Early,1,25.284346906903963,85.51045972805689,45.93473260401329,0.046489336208962374,0.046489336208962374,2162.076127933031,2109.999659402202,891.1338125178578,0.17014138509465612
COW00331,52,549.4,Jersey,Mastitis,3.7,15.7,19.47,Mid,1,40.04927255962886,46.78576266535533,60.43962583284115,0.028576629049872588,0.028576629049872588,1873.7357608949235,3652.9483708138396,948.9021255756061,0.09464870768110667
COW00332,45,571.9,Brown Swiss,Healthy,4.6,17.9,17.17,Mid,0,22.22856457930847,81.30813152959657,40.548111248470306,0.031299178178003144,0.031299178178003144,1807.3630525285444,1644.149325818324,725.8111913476184,0.07868508480503585
COW00333,101,525.9,Ayrshire,Healthy,4.4,24.6,20.43,Mid,0,18.0,86.96057990389302,33.93058087654015,0.04677695379349687,0.04677695379349687,1565.2904382700744,1151.284318619432,834.6922895628877,0.192051720859479
COW00334,61,401.8,Holstein,Foot and Mouth,4.0,16.3,21.65,Mid,1,46.05306512844782,76.05343538120806,77.31569553639403,0.04056744649079144,0.04056744649079144,3502.4938128529725,5977.71677627638,1260.2458372432227,0.15181682429069188
COW00335,99,523.9,Jersey,Healthy,4.0,15.8,22.03,Mid,0,23.1503311914243,81.50921306125117,42.05259104752259,0.03015842718075969,0.03015842718075969,1886.965277520332,1768.420413810177,664.4309385508569,0.1889673601832411
COW00336,116,523.8,Guernsey,Healthy,4.0,28.9,21.84,Mid,0,34.82038038336386,53.90732731861631,55.264385599657565,0.05517373043146239,0.05517373043146239,1877.0736426847222,3054.1523157076385,1597.1407438301035,0.2214585719740359
COW00337,46,538.2,Jersey,Healthy,3.6,16.1,21.62,Late,0,23.769828512924132,91.48504061106676,43.98785423057526,0.029914529914529916,0.029914529914529916,2174.583726822957,1934.9313198103378,708.2044531122617,0.08547008547008546
COW00338,33,504.9,Ayrshire,Healthy,3.4,24.9,21.17,Early,0,35.68928805677202,44.190626057736914,54.35930012094019,0.04931669637551991,0.04931669637551991,1577.1319827836685,2954.9335096384484,1353.5465730114106,0.06535947712418301
COW00339,114,514.6,Ayrshire,Healthy,4.1,20.3,22.12,Mid,0,26.436974439847006,79.33877957062322,47.09956816968008,0.0394481150408084,0.0394481150408084,2097.4772875972217,2218.3693217703412,956.1212338445057,0.22153128643606684
COW00340,80,546.8,Jersey,Mastitis,3.8,30.1,21.07,Early,1,38.276746860338,69.39065179806967,63.58962776283408,0.055047549378200444,0.055047549378200444,2656.0484133485706,4043.6407590157983,1914.0477956613058,0.1463057790782736
COW00341,43,585.4,Guernsey,Ketosis,3.5,26.7,21.75,Early,1,29.690171162316595,90.38490442262093,53.97214352096828,0.04560983942603348,0.04560983942603348,2683.543282797242,2912.9922762479982,1441.0562320098531,0.07345404851383669
COW00342,79,525.6,Guernsey,Healthy,2.4,15.1,25.86,Late,0,18.0,87.67040250188313,33.95613449006779,0.028729071537290714,0.028729071537290714,1578.0672450338964,1153.0190695075712,512.7376308000236,0.15030441400304415
COW00343,67,517.2,Guernsey,Healthy,4.1,30.1,21.68,Early,0,28.086958946725026,84.17637100578177,50.39075249978432,0.05819798917246713,0.05819798917246713,2364.2582767236877,2539.2279374945197,1516.761650243508,0.12954369682907965
COW00344,109,557.4,Holstein,Healthy,3.9,21.5,21.57,Late,0,18.0,95.0,34.22,0.03857194115536419,0.03857194115536419,1710.0,1171.0084,735.73,0.19555077143882313
COW00345,39,396.3,Holstein,Healthy,3.0,19.4,19.37,Mid,0,18.5320589645278,94.47183389121146,35.12927905287785,0.04895281352510724,0.04895281352510724,1750.7575961590064,1234.0662467749623,681.5080136258302,0.0984102952308857
COW00346,119,588.2,Jersey,Mastitis,3.1,26.1,20.95,Mid,1,40.40812054732512,86.88486097328786,71.32361581716864,0.044372662359741584,0.044372662359741584,3510.8539359461993,5087.058173235069,1861.5463728281018,0.20231213872832368
COW00347,113,550.0,Holstein,Healthy,2.7,26.9,20.17,Early,0,42.0,48.88536387881358,63.492360430552544,0.04890909090909091,0.04890909090909091,2053.1852829101704,4031.2798330431947,1707.9444955818633,0.20545454545454545
COW00348,31,553.2,Jersey,Bloat,4.9,19.5,21.16,Mid,1,27.714534163788837,94.72862688250616,51.18430272019041,0.03524945770065076,0.03524945770065076,2625.3597660240225,2619.8328449520914,998.093903043713,0.05603759942154735
COW00349,29,626.9,Guernsey,Healthy,4.6,20.3,20.16,Late,0,35.60174979165842,58.863187928520695,57.36142565732538,0.03238156005742543,0.03238156005742543,2095.632488570562,3290.333153440866,1164.436940843705,0.04625937151060775
COW00350,69,393.8,Brown Swiss,Healthy,3.7,16.8,19.5,Mid,0,34.91222935719225,93.24172723809143,63.45574043343871,0.04266124936515998,0.04266124936515998,3255.276566997008,4026.6309939559487,1066.0564392817705,0.17521584560690706
COW00351,16,392.1,Jersey,Healthy,3.2,24.7,15.88,Mid,0,45.4844667815445,67.82687465882162,73.87119574751682,0.06299413414945167,0.06299413414945167,3085.0692273151544,5456.953561167948,1824.6185349636655,0.0408059168579444
COW00352,44,571.9,Holstein,Healthy,4.2,31.2,21.68,Mid,0,36.94117818600963,86.54686417290107,65.46162541642506,0.05455499213149152,0.05455499213149152,3197.143130851511,4285.224402160348,2042.402712992462,0.07693652736492394
COW00353,58,549.4,Jersey,Foot and Mouth,3.6,21.5,23.01,Mid,1,29.37626006601942,95.0,54.12845511553398,0.0391336002912268,0.0391336002912268,2790.7447062718447,2929.889653194377,1163.7617849839805,0.10556971241354204
COW00354,116,563.6,Brown Swiss,Mastitis,4.9,31.9,20.79,Early,1,36.71043486526876,57.09854242203353,58.50728100830065,0.056600425833924765,0.056600425833924765,2096.112322485847,3423.101930984258,1866.3822641647907,0.20581973030518097
COW00355,119,513.0,Guernsey,Healthy,2.2,17.2,15.57,Mid,0,35.45101341482691,89.06332146303389,63.50954248073521,0.03352826510721248,0.03352826510721248,3157.3850039550557,4033.4619861123106,1092.3641306686457,0.23196881091617932
COW00356,28,603.1,Jersey,Healthy,2.1,28.3,22.56,Mid,0,18.0,84.26918717735467,33.83369073838477,0.04692422483833527,0.04692422483833527,1516.845369192384,1144.7186289806632,957.4934478962889,0.04642679489305256
COW00357,108,624.6,Jersey,Mastitis,3.7,30.7,22.6,Mid,1,20.261436662129505,85.17658155935224,37.60172070877211,0.049151456932436756,0.049151456932436756,1725.7999123615234,1413.8894002605016,1154.3728257593039,0.17291066282420747
COW00358,21,588.7,Brown Swiss,Mastitis,2.6,26.4,18.04,Mid,1,32.5642870934703,75.33268163490257,56.13507424214992,0.04484457278749787,0.04484457278749787,2453.1550722799648,3151.146560171683,1481.9659599927577,0.0356718192627824
COW00359,92,529.1,Holstein,Healthy,3.8,16.0,23.41,Mid,0,30.390014162373905,95.0,55.90252478415433,0.03024003024003024,0.03024003024003024,2887.051345425521,3125.092277242989,894.4403965464693,0.17388017388017388
COW00360,103,381.4,Jersey,Healthy,4.3,19.9,16.02,Late,0,28.339487141913274,73.357027220016,49.29718309055457,0.05217619297325642,0.05217619297325642,2078.9005296706255,2430.2122606636594,981.0139435020359,0.27005768222338755
COW00361,108,611.5,Holstein,Healthy,2.4,15.5,24.76,Mid,0,50.83093825829105,70.59546198910266,82.78333977703815,0.025347506132461162,0.025347506132461162,3588.4335696836097,6853.081344640547,1283.1417665440913,0.17661488143908421
COW00362,36,647.7,Brown Swiss,Healthy,3.3,24.8,21.86,Mid,0,40.309732699448546,41.50409280489983,59.401385664639434,0.038289331480623745,0.038289331480623745,1673.0188868986177,3528.524618879231,1473.154364483058,0.0555812876331635
COW00363,108,601.6,Brown Swiss,Healthy,4.1,32.0,16.36,Late,0,45.18173899348995,66.4727234430895,73.00685142690818,0.05319148936170213,0.05319148936170213,3003.3532407921107,5330.000355270646,2336.219245661062,0.17952127659574468
COW00364,24,479.6,Brown Swiss,Healthy,4.5,20.7,19.83,Early,0,21.97700038166273,86.58703970724925,40.54230063441892,0.04316096747289407,0.04316096747289407,1902.9234046932627,1643.678140731605,839.2256231324717,0.0500417014178482
COW00365,68,603.9,Guernsey,Healthy,3.5,16.9,21.36,Mid,0,42.16134984795265,80.61464990204794,72.50879486637186,0.02798476568968372,0.02798476568968372,3398.8224573904654,5257.525332973594,1225.3986332416844,0.11260142407683392
COW00366,62,618.8,Jersey,Healthy,2.6,18.8,21.07,Mid,0,34.98048185369744,98.0,64.55325769958145,0.030381383322559796,0.030381383322559796,3428.0872216623493,4167.123079628572,1213.6012447521314,0.10019392372333549
COW00367,46,674.7,Ayrshire,Healthy,3.8,24.3,20.87,Mid,0,23.346676591242986,95.0,43.576684034675225,0.03601600711427301,0.03601600711427301,2217.9342761680837,1898.9273914579187,1058.913422042608,0.06817844968133985
COW00368,14,479.9,Ayrshire,Bloat,3.4,24.2,18.46,Late,1,49.0,62.16351376901992,77.10857576408088,0.05042717232756824,0.05042717232756824,3046.0121746819764,5945.732456365002,1866.0275334907574,0.029172744321733696
COW00369,95,531.9,Holstein,Healthy,4.3,18.1,20.26,Mid,0,27.580842186824675,79.18519074869639,48.901948777381506,0.034028952810678706,0.034028952810678706,2183.9942495734044,2391.4005942256445,885.1252728706053,0.17860500094002632
COW00370,48,609.8,Ayrshire,Healthy,3.7,27.5,17.36,Mid,0,30.361434019262408,95.0,55.85250953370921,0.04509675303378157,0.04509675303378157,2884.3362318299287,3119.5028212130783,1535.9440121770033,0.0787143325680551
COW00371,83,554.6,Holstein,Healthy,2.8,15.6,25.03,Mid,0,42.0,51.627438006691854,64.24917288984696,0.0281283808150018,0.0281283808150018,2168.3523962810577,4127.956217029446,1002.2870970816125,0.14965741074648395
COW00372,56,460.6,Jersey,Healthy,4.3,25.2,19.83,Early,0,40.8852290908291,63.50897289430792,65.92868023695328,0.054711246200607896,0.054711246200607896,2596.578906107035,4346.590877786434,1661.4027419712227,0.121580547112462
COW00373,52,583.2,Brown Swiss,Foot and Mouth,3.6,21.7,19.98,Late,1,42.0,40.0,61.04,0.037208504801097386,0.037208504801097386,1680.0,3725.8815999999997,1324.568,0.08916323731138545
COW00374,107,596.3,Holstein,Healthy,2.5,16.3,19.17,Early,0,49.0,65.02679698537158,78.09927175693858,0.027335233942646323,0.027335233942646323,3186.313052283207,6099.496248964144,1273.0181296380988,0.17943987925540836
COW00375,22,557.0,Jersey,Healthy,3.7,25.4,22.13,Mid,0,43.82122828850706,75.47212566859835,73.6618090179529,0.04560143626570915,0.04560143626570915,3307.281248342542,5426.062107797368,1871.0099490560037,0.03949730700179533
COW00376,91,567.6,Holstein,Bloat,4.8,26.1,18.7,Mid,1,25.649420352989104,67.41233096687249,44.50303276260301,0.0459830866807611,0.0459830866807611,1729.087213944137,1980.5199250693172,1161.5291551039386,0.16032417195207893
COW00377,92,529.3,Brown Swiss,Foot and Mouth,4.1,21.9,21.81,Early,1,33.789129679489584,62.53269376122791,55.55584882903424,0.041375401473644435,0.041375401473644435,2112.925298705939,3086.452339114505,1216.6730893558497,0.1738144719440771
COW00378,53,668.3,Ayrshire,Foot and Mouth,2.9,28.4,21.4,Early,1,47.37013377298335,78.10657204299147,80.04794830645258,0.0424958850815502,0.0424958850815502,3699.9187662256677,6407.674028072505,2273.3617319032533,0.07930570103247045
COW00379,40,477.9,Ayrshire,Healthy,4.1,23.2,18.82,Mid,0,19.965331449715027,89.79040871944382,37.36939901506289,0.04854572086210504,0.04854572086210504,1792.695271089078,1396.4719827469833,866.970057149459,0.08369951872776732
COW00380,12,503.0,Jersey,Healthy,2.8,19.1,16.17,Early,0,35.08472428808757,95.0,64.11826750415324,0.03797216699801193,0.03797216699801193,3333.048807368319,4111.152227734153,1224.658909329327,0.02385685884691849
COW00381,113,550.9,Brown Swiss,Mastitis,3.6,31.2,19.72,Late,1,30.244271435285185,86.65782481246237,54.3257181314286,0.05663459793065892,0.05663459793065892,2620.9027756195032,2951.2836504954303,1694.9624057005724,0.20511889635142494
COW00382,114,620.3,Brown Swiss,Healthy,3.6,31.0,22.09,Late,0,23.184602555361437,95.0,43.29305447188251,0.04997581815250685,0.04997581815250685,2202.5372427593366,1874.2885655053865,1342.084688628358,0.18378204094792844
COW00383,38,430.2,Brown Swiss,Mastitis,2.7,15.7,20.07,Early,1,52.0,98.0,94.84800000000001,0.036494653649465365,0.036494653649465365,5096.0,8996.143104000002,1489.1136000000001,0.08833100883310088
COW00384,15,445.2,Guernsey,Mastitis,3.0,31.0,16.47,Late,1,36.761258341291786,48.88282920953961,56.73982239711102,0.06963162623539983,0.06963162623539983,1796.9943130251297,3219.4074456557014,1758.9344943104416,0.03369272237196765
COW00385,25,387.0,Ayrshire,Healthy,4.8,28.0,18.1,Mid,0,40.699728562294666,81.82586969639372,70.4797644737242,0.07235142118863049,0.07235142118863049,3330.2906860169173,4967.397200271636,1973.4334052642776,0.06459948320413436
COW00386,19,552.6,Brown Swiss,Healthy,2.8,15.9,22.19,Early,0,22.942500265776363,94.91195268895851,42.86185402332891,0.028773072747014114,0.028773072747014114,2177.5174997917843,1837.1385303171567,681.5034789709297,0.03438291711907347
COW00387,101,460.5,Holstein,Healthy,4.4,23.3,16.35,Mid,0,23.12103928377107,65.9104749633969,40.644909840694794,0.05059717698154181,0.05059717698154181,1523.9186808407092,1652.0086959582086,947.0263992881887,0.21932681867535286
COW00388,108,519.2,Ayrshire,Healthy,4.0,14.6,21.02,Late,0,37.57805059670146,51.078511966925134,58.30144382509729,0.028120184899845913,0.028120184899845913,1919.4309070973336,3399.0583520909745,851.2010798464204,0.20801232665639444
COW00389,28,602.9,Ayrshire,Mastitis,3.6,24.6,18.71,Mid,1,22.980498345986266,85.87105129993128,42.15256281326063,0.04080278653176315,0.04080278653176315,1973.3595523661727,1776.838551725883,1036.9530452062115,0.046442196052413336
COW00390,92,498.7,Jersey,Mastitis,2.4,30.8,18.48,Early,1,25.34291328304668,81.1726024332209,45.55697812029695,0.06176057750150391,0.06176057750150391,2057.150224424341,2075.438255453215,1403.154926105146,0.1844796470824143
COW00391,31,568.5,Brown Swiss,Healthy,2.6,20.6,21.47,Mid,0,41.4179309945055,53.92634907038363,64.10412857529681,0.03623570800351803,0.03623570800351803,2233.5178045827647,4109.3393003981855,1320.5450486511145,0.05452946350043975
COW00392,51,526.1,Ayrshire,Mastitis,2.5,23.2,19.73,Mid,1,26.364940702385418,94.4712558935623,48.795382310371856,0.04409808021288728,0.04409808021288728,2490.729059713649,2380.9893348153505,1132.052869600627,0.09693974529557119
COW00393,76,603.8,Brown Swiss,Healthy,3.8,18.1,19.4,Mid,0,30.014681200801224,95.0,55.24569210140214,0.02997681351440875,0.02997681351440875,2851.394714076116,3052.086495762927,999.9470270353788,0.12586949320967208
COW00394,89,588.0,Brown Swiss,Mastitis,4.9,23.7,25.53,Mid,1,32.22641984817364,63.1886581148003,53.445411370510264,0.04030612244897959,0.04030612244897959,2036.3442260502588,2856.411996563068,1266.6562494810933,0.15136054421768708
COW00395,106,494.6,Ayrshire,Healthy,4.6,28.4,23.1,Late,0,39.23596540840794,85.36370850139373,68.98967344146669,0.05742013748483622,0.05742013748483622,3349.3275138941035,4759.575041560214,1959.306725737654,0.21431459765467042
COW00396,16,536.5,Ayrshire,Mastitis,2.1,17.9,14.76,Mid,1,20.805674439325358,88.51451228395825,38.7144910399273,0.03336439888164026,0.03336439888164026,1841.6041257357006,1498.8118164806115,692.9893896146987,0.02982292637465051
COW00397,33,633.5,Brown Swiss,Mastitis,2.8,24.0,18.01,Early,1,41.62132195444906,55.02345308285787,64.6751688776992,0.037884767166535126,0.037884767166535126,2290.14885580715,4182.877469358912,1552.204053064781,0.05209155485398579
COW00398,42,581.5,Holstein,Healthy,2.5,20.4,22.94,Late,0,33.8771294547162,62.82278511660506,55.7377787479923,0.035081685296646604,0.035081685296646604,2128.2556241010475,3106.6999797601425,1137.050686459043,0.07222699914015478
COW00399,45,438.2,Brown Swiss,Healthy,4.9,27.5,19.13,Mid,0,29.372605786381556,58.2089849194272,48.61348647334537,0.06275673208580557,0.06275673208580557,1709.7495672637642,2363.2710670941333,1336.8708780169977,0.1026928343222273
COW00400,119,602.4,Guernsey,Foot and Mouth,2.7,26.6,25.42,Mid,1,40.23779194611631,40.0,58.92535033533957,0.04415670650730412,0.04415670650730412,1609.5116778446525,3472.1969121425036,1567.4143189200327,0.19754316069057107
COW00401,95,463.2,Jersey,Healthy,2.6,26.6,22.19,Mid,0,33.073275759938966,86.5683979839098,59.0237762844481,0.057426597582038004,0.057426597582038004,2863.1004986179933,3483.8061668765777,1570.0324491663196,0.20509499136442141
COW00402,46,663.0,Brown Swiss,Mastitis,3.9,20.8,23.33,Mid,1,19.763992365190347,78.0618956815148,36.398428016631584,0.03137254901960784,0.03137254901960784,1542.8147102617438,1324.845562081911,757.087302745937,0.0693815987933635
COW00403,116,631.9,Guernsey,Ketosis,3.7,24.8,19.58,Early,1,37.374426122275814,55.690132664943164,59.09402928432541,0.03924671625257161,0.03924671625257161,2081.3867490256575,3492.104297056709,1465.53192625127,0.1835733502136414
COW00404,65,573.2,Holstein,Foot and Mouth,2.7,25.7,23.19,Mid,1,32.46276237594991,59.73637888025866,53.160250069898176,0.04483600837404047,0.04483600837404047,1939.2078727895496,2826.012187494109,1366.218426796383,0.11339846475924632
COW00405,66,562.6,Brown Swiss,Healthy,4.0,26.3,18.66,Late,0,27.530541139304727,95.0,50.898446993783274,0.04674724493423391,0.04674724493423391,2615.401408233949,2590.6519063789656,1338.6291559365002,0.1173124777817277
COW00406,58,533.3,Guernsey,Healthy,2.3,24.4,24.62,Late,0,36.87168460131901,46.178900930821065,56.27452465058489,0.04575285955372211,0.04575285955372211,1702.6938703567912,3166.8221246492863,1373.0984014742712,0.10875679729983125
COW00407,27,604.3,Jersey,Ketosis,2.1,29.6,22.1,Mid,1,27.925648266948524,95.0,51.58988446715992,0.04898229356279994,0.04898229356279994,2652.93658536011,2661.5161793349084,1527.0605802279338,0.04467979480390535
COW00408,112,520.3,Brown Swiss,Healthy,2.2,18.5,18.87,Early,0,40.18758848709126,48.79840696054344,61.13400316491405,0.035556409763597925,0.035556409763597925,1961.0902977559297,3737.366342967721,1130.97905855091,0.2152604266769172
COW00409,13,568.8,Guernsey,Healthy,3.1,15.0,21.79,Mid,0,43.20190788007891,89.3573050122492,76.69813497781229,0.026371308016877638,0.026371308016877638,3860.4060595513038,5882.603909074713,1150.4720246671843,0.022855133614627286
COW00410,30,619.8,Holstein,Healthy,4.9,31.3,26.99,Mid,0,31.226804274019983,95.0,57.36690747953497,0.05050016134236851,0.05050016134236851,2966.546406031898,3290.9620737655255,1795.5842041094447,0.048402710551790906
COW00411,36,505.1,Guernsey,Mastitis,3.6,15.1,19.75,Mid,1,25.052841485633166,95.0,46.56247259985804,0.02989507028311225,0.02989507028311225,2380.019941135151,2168.0638546125306,703.0933362578564,0.07127301524450604
COW00412,42,500.7,Jersey,Healthy,4.3,30.3,21.86,Mid,0,36.31505678681573,62.79051738392719,59.212622970875636,0.06051527860994608,0.06051527860994608,2280.2412044708562,3506.134719091069,1794.1424760175319,0.08388256440982625
COW00413,26,454.5,Jersey,Healthy,3.0,25.0,18.12,Mid,0,25.46007235428023,82.88849338661457,45.93558522535654,0.05500550055005501,0.05500550055005501,2110.347038960485,2110.077989995994,1148.3896306339136,0.05720572057205721
COW00414,13,464.8,Guernsey,Healthy,4.2,30.5,18.75,Early,0,33.689762444274955,62.10396416596481,55.33151711151222,0.06561962134251291,0.06561962134251291,2092.267799599119,3061.5767858615695,1687.6112719011228,0.027969018932874352
COW00415,85,403.7,Holstein,Mastitis,4.9,24.2,16.26,Mid,1,42.0,49.38511993087983,63.630293100922835,0.05994550408719346,0.05994550408719346,2074.175037096953,4048.814200109348,1539.8530930423326,0.21055239038890267
COW00416,116,608.4,Holstein,Healthy,3.1,28.8,21.85,Mid,0,36.899598309826295,50.33911037916524,57.24577627591329,0.04733727810650888,0.04733727810650888,1857.492952265205,3277.078901431917,1648.6783567463028,0.190664036817883
COW00417,25,694.7,Brown Swiss,Foot and Mouth,5.0,27.0,22.13,Mid,1,27.747220301863376,95.0,51.27763552826091,0.03886569742334821,0.03886569742334821,2635.9859286770206,2629.3959053691656,1384.4961592630445,0.03598675687347056
COW00418,44,664.0,Ayrshire,Mastitis,3.9,23.5,27.02,Early,1,49.0,59.753706684424614,76.27478251281093,0.035391566265060244,0.035391566265060244,2927.931627536806,5817.842447376608,1792.457389051057,0.06626506024096386
COW00419,66,419.9,Holstein,Ketosis,4.2,20.5,15.65,Late,1,27.926696965152246,91.63599810575005,51.13668134687926,0.048821147892355324,0.048821147892355324,2559.0907501985466,2614.960179172269,1048.3019676110248,0.15718028101929032
COW00420,112,608.0,Guernsey,Bloat,2.8,14.1,21.28,Mid,1,19.802255966850847,82.31607368772387,36.68872977595308,0.02319078947368421,0.02319078947368421,1630.043961350464,1346.062892572906,517.3110898409384,0.18421052631578946
COW00421,86,663.8,Holstein,Healthy,3.9,18.5,26.37,Mid,0,32.59741236714239,71.88022524733285,55.558270892401865,0.027869840313347397,0.027869840313347397,2343.1093434303884,3086.721464553508,1027.8280115094344,0.129557095510696
COW00422,94,513.5,Brown Swiss,Mastitis,3.5,31.1,20.66,Mid,1,30.45693534943036,83.6163661104409,54.19177412744078,0.06056475170399221,0.06056475170399221,2546.698256779998,2936.74838307956,1685.3641753634083,0.1830574488802337
COW00423,74,558.1,Brown Swiss,Healthy,4.9,19.0,21.45,Mid,0,32.779811906914766,65.32662419279478,54.63076017730457,0.03404407812220032,0.03404407812220032,2141.3944535535206,2984.5199575501674,1037.984443368787,0.13259272531804336
COW00424,57,389.4,Brown Swiss,Ketosis,4.7,27.5,17.53,Mid,1,29.95786447904635,95.0,55.14626283833111,0.07062146892655367,0.07062146892655367,2845.9971255094033,3041.110305034299,1516.5222280541057,0.14637904468412943
COW00425,33,571.3,Holstein,Healthy,3.2,23.2,18.62,Mid,0,18.0,95.0,34.22,0.04060913705583757,0.04060913705583757,1710.0,1171.0084,793.904,0.057762996674251714
COW00426,105,464.9,Guernsey,Mastitis,4.8,19.6,15.9,Mid,1,49.0,58.51313809479176,75.84554578079795,0.042159604215960426,0.042159604215960426,2867.1437666447964,5752.546814787118,1486.5726973036399,0.22585502258550227
COW00427,98,566.0,Jersey,Foot and Mouth,4.7,31.8,20.26,Mid,1,22.271261500734784,91.80009467330716,41.44283471024593,0.05618374558303887,0.05618374558303887,2044.5039142614341,1717.508548820765,1317.8821437858207,0.17314487632508835
COW00428,14,425.1,Guernsey,Healthy,3.8,14.8,15.65,Early,0,28.222865441109942,70.83686543652966,48.769976944879566,0.034815337567631145,0.034815337567631145,1999.2193214851884,2378.5106512040843,721.7956587842176,0.03293342742884027
COW00429,89,593.4,Guernsey,Foot and Mouth,2.2,24.5,22.58,Late,1,21.59551319670186,86.82953061033358,39.92424089106232,0.04128749578699023,0.04128749578699023,1875.1282741588868,1593.9450107275725,978.1439018310268,0.14998314796090328
COW00430,21,632.0,Brown Swiss,Healthy,2.5,22.3,19.07,Mid,0,30.681695883805126,95.0,56.41296779665897,0.03528481012658228,0.03528481012658228,2914.761108961487,3182.422935626882,1258.009181865495,0.03322784810126582
COW00431,91,487.3,Jersey,Healthy,2.2,15.4,19.79,Early,0,21.961099517491196,86.14740180454201,40.48257039616738,0.03160270880361174,0.03160270880361174,1891.8916642028478,1638.8385058806477,623.4315841009777,0.18674327929406936
COW00432,101,459.0,Guernsey,Healthy,2.3,17.9,19.36,Mid,0,25.0,95.0,46.47,0.038997821350762525,0.038997821350762525,2375.0,2159.4609,831.8129999999999,0.22004357298474944
COW00433,26,377.5,Ayrshire,Healthy,4.9,26.5,18.15,Early,0,22.098574325318634,95.0,41.39250506930761,0.07019867549668875,0.07019867549668875,2099.36456090527,1713.339475912656,1096.9013843366517,0.06887417218543046
COW00434,58,528.7,Ayrshire,Healthy,2.6,15.9,19.98,Late,0,40.04630397000673,73.98316070926899,67.41098945812311,0.03007376584074144,0.03007376584074144,2962.7521424252445,4544.241499723185,1071.8347323841574,0.10970304520522034
COW00435,25,503.5,Ayrshire,Bloat,4.1,28.4,17.08,Mid,1,49.0,58.84923331949622,75.96183472854568,0.056405163853028795,0.056405163853028795,2883.612432655315,5770.200335326889,2157.3161062906975,0.04965243296921549
COW00436,73,425.9,Jersey,Healthy,3.9,25.3,20.5,Early,0,39.2071820856148,61.61651806676993,63.0510675001312,0.05940361587227049,0.05940361587227049,2415.810043325422,3975.4371129061005,1595.1920077533193,0.17140173749706505
COW00437,112,586.2,Brown Swiss,Healthy,3.9,15.8,24.39,Early,0,37.127083255196496,89.87352507702101,66.52729747279167,0.026953258273626747,0.026953258273626747,3336.7418479725493,4425.881309033313,1051.1313000701084,0.19106107130672123
COW00438,20,514.0,Jersey,Foot and Mouth,2.6,19.2,19.89,Early,1,25.0,95.0,46.47,0.03735408560311284,0.03735408560311284,2375.0,2159.4609,892.2239999999999,0.038910505836575876
COW00439,54,463.9,Ayrshire,Mastitis,3.7,16.5,18.9,Early,1,18.894964747781046,80.83579872493274,35.1495124544978,0.03556801034705756,0.03556801034705756,1527.3895672663282,1235.4882257888962,579.9669554992138,0.11640439749946109
COW00440,117,505.6,Ayrshire,Healthy,3.9,28.4,20.27,Early,0,20.756291151960816,85.96371058979352,38.4691366516849,0.05617088607594936,0.05617088607594936,1784.2878055046517,1479.8744747260064,1092.523480907851,0.23140822784810125
COW00441,44,635.7,Ayrshire,Bloat,3.7,23.6,17.05,Mid,1,40.115746523668896,45.323633165140606,60.147907839000204,0.03712442976246657,0.03712442976246657,1818.1913795845335,3617.770817408862,1419.4906250004049,0.06921503854019191
COW00442,26,598.2,Holstein,Healthy,2.6,14.1,20.57,Mid,0,39.62563713152635,98.0,72.82163409411689,0.023570712136409225,0.023570712136409225,3883.312438889582,5302.990392137447,1026.785040727048,0.043463724506853894
COW00443,64,539.6,Jersey,Healthy,4.2,23.8,20.55,Mid,0,42.0,40.0,61.04,0.04410674573758339,0.04410674573758339,1680.0,3725.8815999999997,1452.752,0.11860637509266123
COW00444,66,599.5,Guernsey,Healthy,2.2,22.7,19.96,Early,0,41.070601164686565,49.79659712779342,62.5375327452888,0.03786488740617181,0.03786488740617181,2045.17617999418,3910.943001868069,1419.6019933180557,0.11009174311926606
COW00445,83,457.1,Guernsey,Mastitis,3.8,25.6,18.8,Early,1,25.0,95.0,46.47,0.05600525049223365,0.05600525049223365,2375.0,2159.4609,1189.632,0.18157952308028877
COW00446,45,552.6,Jersey,Healthy,3.3,14.6,20.19,Early,0,29.025900114011414,69.88391666914401,49.84187193899711,0.02642055736518277,0.02642055736518277,2028.4435848144715,2484.212198383387,727.6913303093578,0.08143322475570032
COW00447,115,561.8,Holstein,Healthy,2.8,14.6,23.81,Early,0,31.913016797479248,95.0,58.56777939558868,0.02598789604841581,0.02598789604841581,3031.7365957605284,3430.184783330342,855.0895791755947,0.2046991812032752
COW00448,68,512.4,Holstein,Mastitis,4.4,20.3,24.01,Mid,1,35.80110249569748,54.74426649589123,56.75675857986144,0.03961748633879782,0.03961748633879782,1959.9050958711794,3221.329644492675,1152.1621991711872,0.1327088212334114
COW00449,42,584.8,Guernsey,Healthy,2.5,26.4,19.18,Early,0,29.62658323629663,86.55036927895776,53.279930608619914,0.04514363885088919,0.04514363885088919,2564.1917195752526,2838.7510056593533,1406.5901680675656,0.07181942544459645
COW00450,115,487.6,Brown Swiss,Healthy,4.8,26.0,19.14,Mid,0,32.03331776874023,54.68818162721375,51.6699950632646,0.05332239540607055,0.05332239540607055,1751.8439002591194,2669.788389837788,1343.4198716448795,0.23584905660377356
COW00451,111,590.8,Brown Swiss,Mastitis,4.7,19.0,20.58,Late,1,23.794014532861276,85.20860589934041,43.43972044772155,0.03215978334461747,0.03215978334461747,2027.4548070937549,1887.0093125761975,825.3546885067094,0.18788083953960732
COW00452,65,594.1,Ayrshire,Mastitis,3.1,17.9,24.24,Early,1,29.024827147441233,95.0,53.51344750802216,0.03012960781013297,0.03012960781013297,2757.358579006917,2863.689064193843,957.8907103935966,0.10940919037199125
COW00453,14,316.6,Holstein,Healthy,2.9,26.3,17.18,Early,0,47.69426159654437,74.92982611415931,79.50274159751953,0.08307012002526848,0.08307012002526848,3573.722728072296,6320.685921521962,2090.9221040147636,0.04421983575489576
COW00454,76,645.2,Guernsey,Healthy,2.4,14.5,23.17,Mid,0,35.583339284614844,46.48087476094111,54.71287283075895,0.022473651580905144,0.022473651580905144,1653.9447368642584,2993.4984533948004,793.3366560460047,0.11779293242405454
COW00455,71,306.2,Jersey,Ketosis,4.7,24.0,20.17,Mid,1,36.424028846797654,44.170348650137555,55.26731340587552,0.07838014369693011,0.07838014369693011,1608.8620534057202,3054.475931103268,1326.4155217410125,0.23187459177008493
COW00456,28,500.7,Ayrshire,Healthy,3.9,21.6,18.37,Early,0,28.31572723783353,72.78230813501384,49.180769267734874,0.04313960455362493,0.04313960455362493,2060.8839848910043,2418.748065766175,1062.3046161830734,0.05592170960655083
COW00457,80,632.0,Ayrshire,Healthy,2.1,18.3,26.19,Mid,0,37.75923635773953,79.41464558739125,65.15804385161152,0.028955696202531647,0.028955696202531647,2998.6363730004227,4245.570678568531,1192.392202484491,0.12658227848101267
COW00458,102,524.6,Brown Swiss,Healthy,3.5,23.4,21.25,Mid,0,18.0,80.6010893754382,33.701639217515776,0.04460541364849409,0.04460541364849409,1450.8196087578876,1135.8004859475973,788.6183576898691,0.19443385436523064
COW00459,23,432.7,Jersey,Healthy,2.3,17.9,16.63,Late,0,20.648881768961665,86.44243251741361,38.32079082139698,0.04136815345504968,0.04136815345504968,1784.9395688735208,1468.4830091772633,685.9421557030059,0.053154610584700716
COW00460,90,462.5,Jersey,Ketosis,3.7,24.2,20.13,Late,1,30.31267504040155,95.0,55.76718132070271,0.05232432432432432,0.05232432432432432,2879.7041288381474,3109.9785124561336,1349.5657879610055,0.1945945945945946
COW00461,27,632.2,Holstein,Healthy,3.5,16.7,24.46,Mid,0,41.49044831880956,61.591512541949,66.27777552899745,0.02641569123695033,0.02641569123695033,2555.459467999046,4392.743529072173,1106.8388513342575,0.042708003796267
COW00462,92,396.3,Ayrshire,Healthy,2.2,21.3,18.82,Mid,0,29.41038925284673,73.29947016454675,50.930847194250106,0.053747161241483724,0.053747161241483724,2155.7659495667453,2593.951195924054,1084.8270452375273,0.232147363108756
COW00463,57,640.3,Holstein,Healthy,4.4,23.2,24.99,Mid,0,38.73125315728626,53.6428719256044,60.436985494886656,0.03623301577385601,0.03623301577385601,2077.655652634468,3652.62921570914,1402.1380634813704,0.08902077151335312
COW00464,12,545.6,Brown Swiss,Healthy,2.8,14.6,17.87,Late,0,25.334680945256256,70.25505565410872,44.349910939894,0.026759530791788853,0.026759530791788853,1779.8894197880659,1966.9146003765297,647.5086997224524,0.0219941348973607
COW00465,116,454.6,Brown Swiss,Healthy,3.6,25.0,18.09,Mid,0,18.0,82.24559621482084,33.76084146373355,0.05499340079190497,0.05499340079190497,1480.420731866775,1139.7944163393504,844.0210365933387,0.25516937967443903
COW00466,29,503.4,Guernsey,Ketosis,3.9,27.5,21.59,Mid,1,21.010284410591463,89.56583344912823,39.12878385417721,0.05462852602304331,0.05462852602304331,1881.8036342378505,1531.0617259069188,1076.0415559898731,0.057608263806118394
COW00467,76,468.6,Ayrshire,Mastitis,4.9,31.2,18.63,Early,1,28.458731351642758,82.02467317533075,50.69861352509694,0.06658130601792574,0.06658130601792574,2334.318138103036,2570.349413367142,1581.7967419830245,0.16218523260776782
COW00468,31,619.3,Brown Swiss,Healthy,3.5,17.7,23.49,Mid,0,42.0,44.08495526643119,62.16744765353501,0.028580655578879382,0.028580655578879382,1851.5681211901099,3864.791547755015,1100.3638234675695,0.05005651542063621
COW00469,112,608.6,Guernsey,Healthy,4.8,17.8,22.87,Mid,0,35.49431543634859,86.79853416193164,63.10500893932353,0.02924745317121262,0.02924745317121262,3080.854550956281,3982.2421532321027,1123.2691591199589,0.18402891883010186
COW00470,91,412.5,Brown Swiss,Healthy,3.1,19.5,17.91,Late,0,47.48014721054691,64.73452330723148,75.79839337451551,0.04727272727272727,0.04727272727272727,3073.604696231931,5745.396438157797,1478.0686708030526,0.2206060606060606
COW00471,98,517.7,Brown Swiss,Healthy,4.6,30.0,21.07,Early,0,28.398107363765448,62.85767837339591,47.91737119609069,0.057948618891249755,0.057948618891249755,1785.0390990847345,2296.074462343942,1437.5211358827207,0.18929882171141585
COW00472,58,480.9,Holstein,Healthy,2.7,21.3,19.36,Late,0,41.81142979799933,75.5405283526822,70.55588273683273,0.044291952588895823,0.044291952588895823,3158.45749812195,4978.13258877369,1502.8403022945372,0.12060719484300271
COW00473,62,653.5,Jersey,Healthy,4.1,19.4,23.75,Early,0,48.38942438977966,66.4708366493449,77.70459427600676,0.02968630451415455,0.02968630451415455,3216.48552416887,6038.003971598822,1507.469128954531,0.09487375669472073
COW00474,80,442.0,Brown Swiss,Mastitis,2.3,27.3,25.22,Mid,1,42.0,44.347206557926185,62.23982900998762,0.061764705882352944,0.061764705882352944,1862.5826754328998,3873.796315192497,1699.1473319726622,0.18099547511312217
COW00475,96,678.3,Holstein,Bloat,5.0,14.7,22.28,Mid,1,42.0,40.008054789049694,61.04222312177772,0.021671826625386997,0.021671826625386997,1680.3383011400872,3726.153003648894,897.3206798901324,0.14153029632905795
COW00476,103,547.3,Jersey,Healthy,4.9,23.9,22.84,Mid,0,42.80572932913685,71.9812714856342,71.09138860918989,0.04366892015348072,0.04366892015348072,3081.2108239811737,5053.985534382854,1699.0841877596383,0.18819660149826423
COW00477,13,457.0,Brown Swiss,Bloat,3.3,22.1,18.5,Mid,1,18.0,92.17690440272395,34.11836855849806,0.04835886214442013,0.04835886214442013,1659.184279249031,1164.063073093509,754.0159451428073,0.028446389496717725
COW00478,83,495.8,Brown Swiss,Healthy,3.6,25.2,21.21,Early,0,18.0,84.40604454548529,33.83861760363747,0.050826946349334406,0.050826946349334406,1519.3088018187352,1145.0520413252038,852.7331636116643,0.1674062121823316
COW00479,23,485.9,Ayrshire,Healthy,3.8,27.2,18.99,Early,0,37.271030786575054,49.91007489365902,57.63177322379146,0.05597859641901626,0.05597859641901626,1860.199937921832,3321.4212849185265,1567.5842316871278,0.04733484256019757
COW00480,43,448.0,Ayrshire,Foot and Mouth,2.8,19.8,17.75,Late,1,35.9822929778653,53.68149962412779,56.77153290608316,0.044196428571428574,0.044196428571428574,1931.583446966532,3223.006948506483,1124.0763515404467,0.09598214285714286
COW00481,101,557.6,Guernsey,Healthy,4.0,25.5,22.51,Early,0,38.4598659925911,40.0,56.79183919110932,0.04573170731707317,0.04573170731707317,1538.3946397036439,3225.3129987088205,1448.1918993732877,0.18113342898134863
COW00482,39,451.8,Holstein,Healthy,4.1,23.4,19.06,Mid,0,32.707037285020085,91.00488722348663,59.225928463210245,0.05179282868525896,0.05179282868525896,2976.5002395376255,3507.7106023292977,1385.8867260391196,0.08632138114209827
COW00483,98,375.6,Brown Swiss,Mastitis,3.6,16.4,17.28,Mid,1,41.401328438841546,55.58513515659368,64.52978765787907,0.04366347177848775,0.04366347177848775,2301.298436935533,4164.093495170961,1058.2885175892166,0.2609158679446219
COW00484,62,519.6,Guernsey,Healthy,2.4,29.9,23.81,Early,0,36.45932848353848,61.70308885051477,59.17874984085544,0.057544264819091605,0.057544264819091605,2249.6531848498785,3502.1244327265476,1769.4446202415775,0.1193225558121632
COW00485,37,405.8,Brown Swiss,Foot and Mouth,4.8,27.6,19.39,Late,1,36.90762303351251,68.05253327341865,61.24310608074675,0.06801379990142928,0.06801379990142928,2511.6572445309025,3750.7180424175995,1690.3097278286104,0.09117792015771316
COW00486,48,489.8,Brown Swiss,Healthy,2.3,30.6,20.0,Mid,0,36.63278062834646,63.36799208813916,59.794691172221086,0.062474479379338504,0.062474479379338504,2321.345753023596,3575.4050923812943,1829.7175498699653,0.09799918334013882
COW00487,69,477.3,Brown Swiss,Foot and Mouth,3.9,27.0,24.22,Mid,1,41.89723567152916,45.542314968830674,62.440666214472806,0.056568196103079824,0.056568196103079824,1908.097103276109,3898.836797307206,1685.8979877907657,0.14456316781898176
COW00488,94,480.3,Brown Swiss,Healthy,2.3,18.4,16.28,Late,0,33.10521564858199,95.0,60.65412738501848,0.03830938996460545,0.03830938996460545,3144.995486615289,3678.9231688380482,1116.03594388434,0.19571101394961482
COW00489,77,710.1,Brown Swiss,Healthy,2.4,21.7,26.9,Mid,0,37.05571805203719,78.29954924256285,63.78389955404082,0.03055907618645261,0.03055907618645261,2901.4460203340113,4068.385842319969,1384.1106203226857,0.10843543162934798
COW00490,112,554.5,Holstein,Healthy,2.1,21.0,19.14,Late,0,18.0,89.73674548094263,34.03052283731393,0.03787195671776375,0.03787195671776375,1615.2614186569674,1158.0764845809451,714.6409795835925,0.20198376916140667
COW00491,105,569.6,Brown Swiss,Foot and Mouth,3.1,14.6,22.25,Early,1,37.98850960196553,95.0,69.19989180343967,0.02563202247191011,0.02563202247191011,3608.9084121867254,4788.6250256077565,1010.3184203302192,0.18433988764044942
COW00492,93,407.9,Jersey,Healthy,3.9,21.4,18.54,Early,0,37.4923683312645,98.0,69.0244156296508,0.05246383917626869,0.05246383917626869,3674.252096463921,4764.369953014782,1477.122494474527,0.2279970581024761
COW00493,77,497.7,Guernsey,Foot and Mouth,3.6,20.2,18.86,Mid,1,42.0,53.16471571759375,64.67346153805588,0.040586698814546913,0.040586698814546913,2232.9180601389376,4182.656627314393,1306.4039230687285,0.15471167369901548
COW00494,43,567.2,Ayrshire,Healthy,4.0,14.1,24.61,Early,0,22.272620046876707,82.09217333587696,40.680900932458385,0.024858956276445694,0.024858956276445694,1828.4077855323308,1654.9357006764935,573.6007031476632,0.07581100141043723
COW00495,56,468.0,Brown Swiss,Healthy,4.0,29.2,25.17,Mid,0,40.54929291322283,95.0,73.68126259813995,0.062393162393162394,0.062393162393162394,3852.1828267561687,5428.928458056057,2151.4928678656865,0.11965811965811966
COW00496,24,622.6,Jersey,Healthy,2.4,16.6,20.55,Mid,0,38.08867982529427,56.73671775521015,60.31112327264804,0.02666238355284292,0.02666238355284292,2161.026676916288,3637.431590408548,1001.1646463259575,0.03854802441374879
COW00497,52,453.8,Ayrshire,Healthy,2.2,23.0,21.09,Mid,0,25.699651672705883,95.0,47.69439042723529,0.050683120317320404,0.050683120317320404,2441.466908907059,2274.7548782255535,1096.9709798264116,0.11458792419568091
COW00498,112,527.1,Guernsey,Bloat,3.9,28.1,21.16,Late,1,42.0,51.789391083865006,64.29387193914675,0.053310567254790366,0.053310567254790366,2175.1544255223303,4133.701968927402,1806.657801490024,0.21248339973439573
COW00499,57,503.1,Brown Swiss,Healthy,4.0,24.9,25.3,Early,0,36.313768281070104,86.0424508635251,64.30615793044257,0.049493142516398324,0.049493142516398324,3124.5256229934107,4135.281947775022,1601.2233324680199,0.11329755515802027
COW00500,24,563.1,Holstein,Mastitis,3.7,17.0,15.11,Early,1,20.75912108668562,95.0,39.04846190169984,0.03019001953471852,0.03019001953471852,1972.116503235134,1524.7823768885037,663.8238523288973,0.042621204049014386
COW00501,82,498.8,Holstein,Healthy,2.7,25.1,22.13,Mid,0,20.29175528573355,83.94656749967822,37.579330556441015,0.050320769847634325,0.050320769847634325,1703.4232047807839,1412.2060850702615,943.2411969666696,0.1643945469125902
COW00502,115,528.3,Jersey,Healthy,4.4,27.6,19.11,Mid,0,27.63864669218337,79.2042411149589,48.99648700018115,0.05224304372515617,0.05224304372515617,2189.0980366988533,2400.65573835892,1352.3030412049998,0.21767934885481735
COW00503,105,531.1,Jersey,Healthy,2.2,29.4,15.37,Late,0,28.999374042473296,73.40601841575571,50.316318432181646,0.05535680662775371,0.05535680662775371,2128.728585007183,2531.7319005687023,1479.2997619061402,0.19770288081340612
COW00504,41,491.2,Guernsey,Bloat,3.9,19.7,19.43,Early,1,37.12839038597477,94.85228596930854,67.66111015390544,0.04010586319218241,0.04010586319218241,3521.7127024706047,4578.025827258926,1332.9238700319372,0.08346905537459283
COW00505,61,588.8,Brown Swiss,Mastitis,2.4,14.6,26.71,Late,1,20.0735786046502,93.13040244947675,37.742689471518304,0.024796195652173916,0.024796195652173916,1869.4604540522791,1424.5106085434586,551.0432662841672,0.10360054347826088
COW00506,69,569.1,Ayrshire,Healthy,4.0,24.9,20.33,Mid,0,42.0,55.79614358318944,65.39973562896029,0.0437532946758039,0.0437532946758039,2343.4380304939564,4277.125420337898,1628.453417161111,0.12124406958355298
COW00507,38,542.9,Brown Swiss,Healthy,3.3,18.1,22.81,Late,0,27.934098690257166,89.91866935007083,50.91696040301034,0.03333947319948426,0.03333947319948426,2511.7969837214805,2592.5368566817233,921.5969832944872,0.06999447412046418
COW00508,41,515.6,Ayrshire,Healthy,4.2,28.1,23.62,Early,0,38.736988246834756,85.69629099241655,68.24548686426553,0.05449961210240496,0.05449961210240496,3319.616216970571,4657.446477340639,1917.6981808858616,0.0795190069821567
COW00509,37,613.7,Brown Swiss,Healthy,2.2,26.2,21.61,Mid,0,38.57760600764111,60.297550593105946,61.84058902077211,0.04269186899136385,0.04269186899136385,2326.1351500066476,3824.2584504360398,1620.2234323442292,0.060290043995437505
COW00510,119,531.1,Jersey,Healthy,3.7,27.9,21.11,Mid,0,34.804130930832926,57.330723506044905,55.94114063243355,0.052532479758990766,0.052532479758990766,1995.3460072637677,3129.411215257708,1560.757823644896,0.22406326492186027
COW00511,92,525.5,Guernsey,Healthy,2.4,31.4,17.14,Mid,0,25.472464332959003,86.12560871974257,46.31419877340453,0.059752616555661275,0.059752616555661275,2193.8314962680256,2145.0050080224255,1454.265841484902,0.17507136060894388
COW00512,102,558.4,Brown Swiss,Mastitis,4.0,24.5,19.87,Early,1,33.907846160185194,70.3034127106262,57.2409585250972,0.043875358166189114,0.043875358166189114,2383.8373027279217,3276.5273328718977,1402.4034838648813,0.1826647564469914
COW00513,100,685.7,Jersey,Ketosis,2.4,30.3,25.5,Mid,1,47.53683756249277,73.6372219435224,78.83051667095151,0.04418842059209567,0.04418842059209567,3500.480658082453,6214.250358609164,2388.564655129831,0.1458363715910748
COW00514,115,442.8,Brown Swiss,Ketosis,2.2,25.6,20.05,Mid,1,42.0,48.45368920667499,63.3732182210423,0.05781391147244806,0.05781391147244806,2035.0549466803495,4016.164787691848,1622.354386458683,0.25971093044263777
COW00515,23,611.6,Guernsey,Foot and Mouth,4.1,17.3,21.83,Mid,1,39.14542553637575,45.303958861058405,58.92699783409411,0.02828646173969915,0.02828646173969915,1773.442748098592,3472.3910737393317,1019.4370625298282,0.037606278613472856
COW00516,107,398.5,Jersey,Healthy,2.2,28.4,19.95,Mid,0,41.02806850132438,56.02817625099736,64.14167595321783,0.071267252195734,0.071267252195734,2298.7278532301953,4114.154594087602,1821.6235970713863,0.2685069008782936
COW00517,19,567.4,Guernsey,Mastitis,2.7,26.5,25.63,Early,1,18.0,94.27932521460585,34.19405570772581,0.04670426506873458,0.04670426506873458,1697.0278538629052,1169.2334457430559,906.142476254734,0.03348607684173423
COW00518,63,676.0,Ayrshire,Healthy,4.5,31.6,22.09,Late,0,41.30751260057043,85.36675470718228,72.41608035998948,0.04674556213017752,0.04674556213017752,3526.2882957367374,5244.088694704454,2288.348139375668,0.09319526627218935
COW00519,76,589.1,Brown Swiss,Healthy,4.4,18.4,26.27,Mid,0,27.467582372345927,85.03269020130412,49.48578273335388,0.031234085893736205,0.031234085893736205,2335.642422446493,2448.842692732705,910.5384022937113,0.12901035477847564
COW00520,50,563.7,Jersey,Healthy,4.6,20.0,21.85,Mid,0,31.894788313812864,95.0,58.53587954917251,0.035479865176512325,0.035479865176512325,3030.0048898122222,3426.4491945952327,1170.7175909834502,0.08869966294128082
COW00521,27,505.2,Brown Swiss,Healthy,3.0,28.8,24.09,Late,0,42.0,51.5480527024388,64.22726254587312,0.057007125890736345,0.057007125890736345,2165.0182135024297,4125.141254136515,1849.7451613211458,0.053444180522565325
COW00522,32,552.5,Ayrshire,Ketosis,3.6,15.1,17.62,Mid,1,51.54091830324204,70.42666132450381,83.78984338882856,0.02733031674208145,0.02733031674208145,3629.8547976963464,7020.7378551244165,1265.2266351713113,0.0579185520361991
COW00523,101,529.8,Holstein,Foot and Mouth,4.3,25.4,21.8,Early,1,25.51484361789397,81.29933202894877,45.84816851172521,0.04794261985654964,0.04794261985654964,2074.3397429578663,2102.054555879551,1164.5434801978204,0.1906379765949415
COW00524,46,487.1,Ayrshire,Healthy,2.4,23.6,19.48,Mid,0,35.747415772340375,54.065534829405436,56.53952712744498,0.048450010264832685,0.048450010264832685,1932.7031525007058,3196.7181277950863,1334.3328402077016,0.09443646068569082
COW00525,45,526.8,Brown Swiss,Healthy,4.2,17.0,21.26,Late,0,38.621520592516674,48.73781672405866,59.102256788174245,0.032270311313591496,0.032270311313591496,1882.328592242535,3493.0767574552888,1004.7383653989622,0.08542141230068338
COW00526,111,565.9,Ayrshire,Mastitis,2.3,17.0,24.57,Early,1,37.72767169360597,95.0,68.74342546381044,0.03004064322318431,0.03004064322318431,3584.1288108925673,4725.658544498461,1168.6382328847774,0.19614772928079166
COW00527,27,488.6,Guernsey,Healthy,4.7,28.6,20.61,Mid,0,31.197729855732444,75.85985580189408,54.1009175311363,0.05853458862054851,0.05853458862054851,2366.6552882023093,2926.909277710811,1547.2862413904982,0.05525992632009824
COW00528,110,485.5,Guernsey,Foot and Mouth,3.9,14.3,23.63,Early,1,18.0,95.0,34.22,0.02945417095777549,0.02945417095777549,1710.0,1171.0084,489.346,0.22657054582904224
COW00529,111,441.2,Ayrshire,Ketosis,3.5,27.4,18.34,Late,1,37.272296781269596,45.436727267102796,56.610260533243476,0.06210335448776065,0.06210335448776065,1693.5311834690601,3204.7215976417037,1551.1211386108712,0.2515865820489574
COW00530,76,581.3,Holstein,Healthy,3.5,27.2,20.11,Mid,0,18.0,92.36899863970561,34.1252839510294,0.046791673834508864,0.046791673834508864,1662.641975514701,1164.535004738385,928.2077234679997,0.13074144159642181
COW00531,29,593.6,Brown Swiss,Healthy,2.5,25.7,21.06,Late,0,29.29552651182565,95.0,53.98717139569488,0.043295148247978435,0.043295148247978435,2783.075018623437,2914.6146753081352,1387.4703048693584,0.0488544474393531
COW00532,28,568.5,Holstein,Healthy,3.0,21.4,20.57,Mid,0,42.0,45.83361587823119,62.650077982391814,0.0376429199648197,0.0376429199648197,1925.01186688571,3925.0322711997756,1340.7116688231847,0.04925241864555849
COW00533,42,627.2,Jersey,Healthy,4.2,14.5,21.54,Early,0,26.92752411186789,88.56570160829394,49.0371089133183,0.02311862244897959,0.02311862244897959,2384.8550655418317,2404.638050576641,711.0380792431154,0.06696428571428571
COW00534,74,557.0,Holstein,Healthy,3.6,28.4,19.47,Mid,0,26.239454145310027,66.89502925866198,45.31156963081904,0.05098743267504488,0.05098743267504488,1755.2890527818336,2053.138342408562,1286.8485775152606,0.13285457809694792
COW00535,28,581.4,Guernsey,Healthy,3.6,16.3,23.82,Late,0,42.0,61.785226116091486,67.05272240804126,0.028035775713794293,0.028035775713794293,2594.9794968758424,4496.067582329839,1092.9593752510725,0.048159614723082216
COW00536,61,574.3,Guernsey,Healthy,2.6,19.1,21.0,Early,0,32.313790963433014,79.69723872850844,56.527829520199596,0.0332578791572349,0.0332578791572349,2575.3199126358395,3195.3955102647487,1079.6815438358124,0.10621626327703292
COW00537,24,542.7,Guernsey,Healthy,4.1,31.0,23.71,Early,0,42.81669501641609,70.91902253734308,70.80619835619305,0.05712179841533075,0.05712179841533075,3036.518158843758,5013.517725656556,2194.9921490419847,0.04422332780541735
COW00538,70,507.5,Holstein,Healthy,3.2,19.4,21.27,Mid,0,52.0,74.99519455734075,86.19819315356011,0.038226600985221675,0.038226600985221675,3899.750116981719,7430.128502938457,1672.244947179066,0.13793103448275862
COW00539,14,727.1,Jersey,Mastitis,2.5,18.6,23.37,Mid,1,32.23591876035327,95.0,59.13285783061823,0.02558107550543254,0.02558107550543254,3062.4122822335607,3496.6948752161074,1099.871155649499,0.019254572961078256
COW00540,88,513.8,Guernsey,Healthy,4.8,31.5,22.73,Early,0,39.11445631599272,80.9788425383732,67.70504571713695,0.06130790190735695,0.06130790190735695,3167.4433989868517,4583.973215559605,2132.708940089814,0.17127286882055276
COW00541,17,496.7,Ayrshire,Foot and Mouth,3.5,15.5,17.12,Early,1,30.55251880572271,82.6442537494388,54.19114367330547,0.031205959331588484,0.031205959331588484,2524.9901168646484,2936.6800526208353,839.9627269362347,0.03422589087980672
COW00542,33,584.7,Ayrshire,Healthy,3.6,16.9,22.03,Mid,0,23.879815922975055,80.90844460264928,43.173824352853444,0.0289037113049427,0.0289037113049427,1932.0787637254896,1863.979109251041,729.6376315632232,0.05643919958953309
COW00543,30,570.1,Holstein,Healthy,4.9,21.9,25.61,Mid,0,24.131146526127928,68.55071058392805,42.37568731252627,0.03841431327837221,0.03841431327837221,1654.2072415709563,1795.6988752089997,928.0275521443252,0.05262234695667427
COW00544,101,437.6,Brown Swiss,Healthy,3.1,28.2,20.86,Mid,0,45.92168647089577,58.0,71.41992732983616,0.06444241316270566,0.06444241316270566,2663.4578153119546,5100.806019799077,2014.0419507013796,0.23080438756855576
COW00545,17,639.8,Holstein,Mastitis,4.8,29.9,23.15,Mid,1,45.064271958579404,75.20547329188724,75.51262842482464,0.04673335417317912,0.04673335417317912,3389.0799011992867,5702.157051625634,2257.8275899022565,0.026570803376055017
COW00546,58,542.5,Ayrshire,Healthy,4.1,27.6,23.2,Late,0,38.00395168967831,52.266829306326066,59.14019849093448,0.05087557603686636,0.05087557603686636,1986.3460559302782,3497.563077547129,1632.2694783497918,0.10691244239631337
COW00547,75,461.1,Holstein,Healthy,3.9,31.6,21.49,Early,0,41.909057421618925,73.60289053342939,70.17470735810755,0.0685317718499241,0.0685317718499241,3084.627765762624,4924.489552796034,2217.5207525161986,0.16265452179570591
COW00548,67,645.1,Ayrshire,Healthy,2.7,14.3,23.32,Mid,0,23.074094895378153,85.51732184148742,42.27712956481909,0.02216710587505813,0.02216710587505813,1973.2347993690753,1787.3556842405005,604.562952776913,0.1038598666873353
COW00549,85,600.1,Holstein,Ketosis,2.2,25.2,23.76,Mid,1,45.48936465899523,74.55902797462079,75.97141982042831,0.041993001166472255,0.041993001166472255,3391.6428121577515,5771.656629531767,1914.4797794747933,0.141643059490085
COW00550,98,448.8,Holstein,Healthy,3.3,16.1,22.33,Mid,0,37.19868321833047,73.62962120262728,62.94553066750806,0.03587344028520499,0.03587344028520499,2738.924954602201,3962.1398310141976,1013.4230437468799,0.21836007130124777
COW00551,54,692.2,Ayrshire,Healthy,2.0,30.4,19.79,Mid,0,42.0,53.61997823516402,64.79911399290526,0.04391794279110083,0.04391794279110083,2252.0390858768887,4198.925174265531,1969.89306538432,0.07801213522103438
COW00552,101,602.7,Brown Swiss,Foot and Mouth,2.2,30.8,22.83,Mid,1,42.0,44.177799312347034,62.193072610207786,0.051103368176538905,0.051103368176538905,1855.4675711185755,3867.9782806985777,1915.5466363944,0.16757922681267629
COW00553,46,549.2,Brown Swiss,Healthy,3.8,19.5,20.75,Late,0,27.44681646602343,79.21417276412099,48.692380908432334,0.035506190823015295,0.035506190823015295,2174.176861364701,2370.9479585318654,949.5014277144305,0.08375819373634377
COW00554,118,677.2,Guernsey,Healthy,4.2,28.9,21.63,Early,0,41.98681582319763,79.23891097972893,71.84894509084344,0.04267572356763142,0.04267572356763142,3326.989561336631,5162.270910667036,2076.4345131253754,0.17424689899586532
COW00555,66,562.7,Jersey,Foot and Mouth,2.5,25.3,25.09,Early,1,49.0,59.01983628729697,76.02086335540474,0.04496179136307091,0.04496179136307091,2891.9719780775513,5779.17166530112,1923.3278428917401,0.11729162964279366
COW00556,91,547.8,Guernsey,Healthy,4.2,15.8,19.88,Mid,0,47.91329165405441,59.648963337090066,74.7209643750225,0.02884264330047463,0.02884264330047463,2857.9781772319952,5583.222517133382,1180.5912371253555,0.1661190215407083
COW00557,106,497.2,Brown Swiss,Healthy,4.8,24.8,17.34,Mid,0,35.22765375278139,90.20900616796652,63.3705424607144,0.0498793242156074,0.0498793242156074,3177.8516346676456,4015.825651765206,1571.5894530257171,0.21319388576025744
COW00558,97,596.5,Jersey,Healthy,4.2,31.6,24.2,Early,0,22.752235486309264,76.35168815333326,40.97886118138629,0.05297569153394803,0.05297569153394803,1737.1715886418876,1679.2670637233284,1294.932013331807,0.16261525565800503
COW00559,103,588.1,Jersey,Healthy,4.4,19.5,18.44,Late,0,37.80915318632781,78.00456927902442,64.90753166392429,0.033157626254038425,0.033157626254038425,2949.286709104155,4212.987666703334,1265.6968674465236,0.17514028226492093
COW00560,69,551.2,Holstein,Bloat,4.1,14.0,16.93,Mid,1,44.37024705405925,74.14767713414417,74.1184396651966,0.025399129172714075,0.025399129172714075,3289.950752926597,5493.543098403389,1037.6581553127526,0.12518142235123367
COW00561,16,486.8,Jersey,Healthy,2.7,31.6,21.26,Mid,0,49.0,64.22547064571067,77.8220128434159,0.06491372226787182,0.06491372226787182,3147.048061639823,6056.26568300079,2459.1756058519427,0.03286770747740345
COW00562,65,560.4,Brown Swiss,Healthy,3.1,21.5,22.21,Mid,0,22.088648222497213,73.96850817939972,39.75809696734089,0.03836545324768023,0.03836545324768023,1633.8643567176682,1580.7062744644809,854.7990847978291,0.11598857958601
COW00563,31,544.4,Holstein,Healthy,4.8,21.8,21.71,Early,0,25.99413664477367,83.99241342836584,46.9335044999469,0.040044085231447465,0.040044085231447465,2183.3102717812644,2202.753844646536,1023.1503980988424,0.056943423952975754
COW00564,108,443.3,Holstein,Mastitis,4.0,26.8,19.02,Mid,1,25.734629284482494,90.43686007515485,47.238386253630956,0.06045567335889917,0.06045567335889917,2327.3590676867257,2231.46513584723,1265.9887515973096,0.24362734040153394
COW00565,37,432.3,Guernsey,Mastitis,4.4,24.9,16.0,Mid,1,21.034910554433388,89.49964290155741,39.16614969660233,0.05759888965995836,0.05759888965995836,1882.6169830879892,1533.987282056663,975.237127445398,0.08558871154291002
COW00566,36,595.2,Brown Swiss,Healthy,4.9,19.4,18.41,Late,0,22.219543664140428,95.0,41.60420141224574,0.03259408602150537,0.03259408602150537,2110.8566480933405,1730.9095751507107,807.1215073975674,0.06048387096774193
COW00567,38,341.8,Holstein,Bloat,2.7,15.8,17.74,Mid,1,34.32554123574546,67.15158671422111,57.24075008979587,0.04622586307782329,0.04622586307782329,2305.014558804734,3276.5034708424655,904.4038514187747,0.11117612638970158
COW00568,81,566.4,Guernsey,Healthy,3.0,28.9,18.82,Early,0,42.0,59.839028375068345,66.51557183151886,0.051024011299435026,0.051024011299435026,2513.2391917528703,4424.321296073945,1922.300025930895,0.1430084745762712
COW00569,73,511.8,Guernsey,Mastitis,3.9,22.7,22.08,Early,1,30.452751055862798,89.70839867998318,55.16286676098885,0.044353262993356776,0.044353262993356776,2731.8675326216185,3042.9418692906083,1252.1970754744468,0.1426338413442751
COW00570,114,654.7,Holstein,Healthy,2.1,26.1,21.32,Early,0,43.80298342988163,71.36027430520059,72.42443637338151,0.039865587291889416,0.039865587291889416,3125.7929129425092,5245.298984001986,1890.2777893452576,0.17412555368871238
COW00571,56,510.5,Jersey,Healthy,3.7,29.5,21.5,Late,0,22.732274817030365,86.7145861612523,41.811117479030415,0.05778648383937316,0.05778648383937316,1971.2198032626454,1748.1695448452826,1233.4279656313972,0.10969637610186092
COW00572,42,602.8,Jersey,Mastitis,4.4,14.3,22.1,Mid,1,44.32457631962955,88.93824950582187,78.47405540641586,0.02372262773722628,0.02372262773722628,3942.150227955057,6158.177371929226,1122.178992311747,0.06967485069674852
COW00573,17,518.2,Guernsey,Mastitis,3.8,29.5,20.4,Late,1,26.930194399397006,95.0,49.84784019894476,0.05692782709378618,0.05692782709378618,2558.3684679427156,2484.807172499533,1470.5112858688703,0.032805866460825936
COW00574,12,559.1,Holstein,Healthy,2.9,27.5,20.85,Late,0,23.886851259322412,85.77930905411625,43.64723646869642,0.04918619209443749,0.04918619209443749,2048.997596503123,1905.0812513543028,1200.2990028891516,0.021463065641209086
COW00575,52,608.9,Ayrshire,Healthy,4.2,31.0,21.26,Early,0,39.512543257100994,82.27586114473027,68.67159582580354,0.050911479717523404,0.050911479717523404,3250.9285224963896,4715.788073262517,2128.8194705999094,0.08539990146165216
COW00576,111,513.0,Jersey,Foot and Mouth,2.4,18.2,21.34,Mid,1,22.2775707794922,81.72830841077618,40.66026196553433,0.0354775828460039,0.0354775828460039,1820.708175309234,1653.2569031058779,740.0167677727248,0.21637426900584794
COW00577,68,629.7,Holstein,Healthy,4.7,19.8,23.27,Mid,0,27.11091342970957,75.03915928618491,47.62689331901649,0.031443544545021435,0.031443544545021435,2034.380151245946,2268.3209672209773,943.0124877165265,0.10798793076067968
COW00578,108,470.5,Ayrshire,Healthy,2.3,25.9,14.38,Early,0,32.29206470500923,98.0,59.76787517491643,0.05504782146652497,0.05504782146652497,3164.6223410909047,3572.1989029243923,1547.9879670303355,0.22954303931987247
COW00579,22,573.6,Holstein,Healthy,4.6,30.7,22.02,Mid,0,38.42032496535932,51.449511956744395,59.49459993738886,0.05352161785216178,0.05352161785216178,1976.7069686872596,3539.607421709951,1826.484218077838,0.03835425383542538
COW00580,22,623.8,Holstein,Healthy,3.5,31.9,21.38,Mid,0,34.507447465945184,66.51020094826313,57.379461687922735,0.05113818531580635,0.05113818531580635,2295.0972651716475,3292.402623595793,1830.404827844735,0.03526771401090093
COW00581,102,602.8,Ayrshire,Healthy,3.3,21.5,23.6,Late,0,30.152576466636635,60.24869104628708,50.012782300523334,0.03566688785666888,0.03566688785666888,1816.653263787937,2501.27839343954,1075.2748194612516,0.16921035169210352
COW00582,23,703.3,Brown Swiss,Healthy,3.5,23.7,18.8,Early,0,43.90487509606595,63.28491889576435,70.19603635169467,0.03369827953931466,0.03369827953931466,2778.5164595831975,4927.48351948844,1663.6460615351637,0.03270297170482014
COW00583,17,488.9,Brown Swiss,Bloat,2.6,17.1,18.29,Late,1,45.9666655042684,65.52378867236803,73.85700759934485,0.03497647780732257,0.03497647780732257,3011.910076475112,5454.857571529684,1262.9548299487972,0.03477193700143179
COW00584,55,439.7,Guernsey,Healthy,3.4,26.5,17.44,Late,0,25.659204202193358,73.12174441515944,45.1602898816634,0.06026836479417785,0.06026836479417785,1876.2457715691678,2039.4517821958698,1196.7476818640803,0.12508528542187855
COW00585,111,470.5,Guernsey,Mastitis,4.5,29.1,22.23,Late,1,23.326322687431993,86.10238090573453,42.74683451115329,0.06184909670563231,0.06184909670563231,2008.4519211633467,1827.2918607239258,1243.9328842745608,0.2359192348565356
COW00586,86,602.8,Guernsey,Ketosis,4.4,28.4,18.9,Early,1,49.0,67.05662613600481,78.80159264305766,0.047113470471134705,0.047113470471134705,3285.774680664236,6209.691003082399,2237.9652310628376,0.14266755142667553
COW00587,22,589.8,Holstein,Mastitis,2.5,20.2,18.27,Early,1,38.17801178702452,55.23218269333944,60.07552434067279,0.0342488979315022,0.0342488979315022,2108.654921889405,3609.068624806769,1213.5255916815904,0.037300779925398445
COW00588,102,558.2,Brown Swiss,Healthy,4.0,31.3,22.99,Mid,0,41.40212898778699,51.48119658906691,63.42272229766563,0.056073092081691145,0.056073092081691145,2131.4311416261676,4022.441703646813,1985.1312079169343,0.1827302042278753
COW00589,103,460.2,Jersey,Healthy,4.6,16.2,18.88,Mid,0,38.9408323688737,88.514009129757,69.2747404986022,0.035202086049543675,0.035202086049543675,3446.8091918188234,4798.989671148675,1122.2507960773555,0.22381573229030857
COW00590,98,611.3,Ayrshire,Healthy,4.5,22.9,20.05,Early,0,28.689437380441383,95.0,52.92651541577242,0.037461148372321285,0.037461148372321285,2725.4965511419314,2801.216034055996,1212.0172030211884,0.1603140847374448
COW00591,109,452.0,Brown Swiss,Healthy,3.3,24.0,22.47,Mid,0,31.89149608789703,61.7244653132352,52.709729305857515,0.05309734513274336,0.05309734513274336,1968.4855440645763,2778.3155634967743,1265.0335033405804,0.2411504424778761
COW00592,37,642.7,Holstein,Ketosis,2.1,23.7,24.36,Early,1,49.0,71.51805594360528,80.34524735648742,0.036875680721954254,0.036875680721954254,3504.3847412366586,6455.358772775148,1904.182362348752,0.057569628131320986
COW00593,117,778.6,Ayrshire,Mastitis,4.8,27.6,25.66,Mid,1,33.08997857057554,95.0,60.62746249850719,0.0354482404315438,0.0354482404315438,3143.547964204676,3675.689209007896,1673.3179649587985,0.1502697148728487
COW00594,46,579.3,Jersey,Healthy,3.2,25.0,23.7,Late,0,27.72540769850748,68.74585023683726,47.74099097866992,0.04315553253927154,0.04315553253927154,1906.00672539685,2279.202219625443,1193.524774466748,0.07940617987225963
COW00595,98,596.6,Jersey,Healthy,3.1,15.4,21.62,Mid,0,37.211969027451616,53.46655090942653,58.36634825546633,0.02581293999329534,0.02581293999329534,1989.5956364462452,3406.630608678377,898.8417631341815,0.1642641635936976
COW00596,74,510.6,Ayrshire,Bloat,4.3,17.2,20.8,Late,1,20.530357448837357,74.47428153741292,37.389825624766786,0.03368585977281629,0.03368585977281629,1528.9836207084359,1397.999060250467,643.1050007459887,0.14492753623188406
COW00597,96,405.2,Guernsey,Healthy,2.8,23.6,18.31,Mid,0,27.837808645361804,82.14671363957287,49.70896510362857,0.05824284304047384,0.05824284304047384,2286.784495143762,2470.981211673763,1173.1315764456344,0.23692003948667326
COW00598,79,501.8,Ayrshire,Foot and Mouth,4.5,26.5,21.64,Mid,1,29.4077935854734,68.17474833780238,50.15776037633206,0.05280988441610203,0.05280988441610203,2004.8689268596881,2515.800925969546,1329.1806499727995,0.15743324033479472
COW00599,81,462.6,Guernsey,Healthy,2.2,23.3,19.43,Early,0,27.710213907340545,89.51214027999804,50.48242847017891,0.050367488110678774,0.050367488110678774,2480.4005544626193,2548.4755842467303,1176.2405833551686,0.17509727626459143
COW00600,78,434.2,Ayrshire,Mastitis,4.2,20.4,19.33,Mid,1,33.77713101767829,73.82934669328878,57.72771405239714,0.04698295716259788,0.04698295716259788,2493.743516208809,3332.4889697153303,1177.6453666689015,0.17964071856287425
COW00601,96,687.8,Holstein,Foot and Mouth,4.9,14.9,24.83,Mid,1,35.84160321815247,98.0,66.0860537283114,0.021663274207618495,0.021663274207618495,3512.477115378942,4367.366497381261,984.6822005518399,0.13957545798197152
COW00602,91,571.8,Brown Swiss,Healthy,5.0,28.1,24.96,Late,0,21.02882762700026,88.52332143303386,39.0911204890914,0.049143057012941596,0.049143057012941596,1861.5416673848067,1528.1157010926615,1098.4604857434686,0.15914655473941938
COW00603,26,580.4,Jersey,Healthy,4.8,22.9,21.7,Late,0,23.39511867175026,82.09946796319223,42.50103950956493,0.039455547898001375,0.039455547898001375,1920.7267958864409,1806.3383593935994,973.2738047690369,0.044796691936595454
COW00604,101,525.3,Jersey,Foot and Mouth,4.6,23.7,25.77,Early,1,27.720947972745464,65.69285946548152,47.327670009401956,0.04511707595659623,0.04511707595659623,1821.0683394234925,2239.9083485188453,1121.6657792228264,0.1922710831905578
COW00605,69,536.2,Jersey,Healthy,2.8,22.4,19.81,Early,0,30.206912874511612,95.0,55.58209753039532,0.041775456919060046,0.041775456919060046,2869.656723078603,3089.3695658783777,1245.0389846808553,0.12868332711674746
COW00606,46,627.2,Jersey,Healthy,4.9,18.8,17.55,Mid,0,20.737648272718342,81.92747590693718,38.182393879872414,0.029974489795918366,0.029974489795918366,1698.9831792296693,1457.8952023977183,717.8290049416014,0.07334183673469387
COW00607,67,547.4,Brown Swiss,Healthy,4.8,19.0,23.47,Mid,0,38.827599290060746,43.69376229895038,58.135416601187835,0.034709535988308365,0.034709535988308365,1696.523894018809,3379.726663393666,1104.572915422569,0.12239678480087687
COW00608,116,592.5,Ayrshire,Healthy,3.6,15.1,19.73,Early,0,28.521876219082223,95.0,52.63328338339389,0.02548523206751055,0.02548523206751055,2709.578240812811,2770.262519716647,794.7625790892477,0.19578059071729959
COW00609,104,534.3,Guernsey,Mastitis,3.2,26.7,20.64,Early,1,41.70804826989928,81.48907558245301,72.01951471067039,0.04997192588433465,0.04997192588433465,3398.750297862421,5186.810499160469,1922.9210427748994,0.19464720194647203
COW00610,102,522.6,Jersey,Healthy,2.3,18.9,16.8,Early,0,28.876588712968964,81.02934504534954,51.23155598940292,0.03616532721010333,0.03616532721010333,2339.8510705558083,2624.6723290953264,968.2764081997151,0.1951779563719862
COW00611,61,437.4,Brown Swiss,Healthy,3.8,19.4,18.02,Mid,0,21.502716414637774,83.02501171719054,39.499204267202046,0.04435299497027892,0.04435299497027892,1785.2632822767266,1560.1871377421523,766.2845627837196,0.13946044810242342
COW00612,96,391.8,Brown Swiss,Bloat,4.1,31.9,16.02,Early,1,27.216780248891023,71.40999360124614,47.32588615473168,0.08141909137314957,0.08141909137314957,1943.5501034198303,2239.7395003306233,1509.6957683359403,0.2450229709035222
COW00613,53,529.1,Jersey,Healthy,3.2,20.9,20.1,Mid,0,34.9715803139388,69.44587556222749,58.66337831715267,0.039501039501039496,0.039501039501039496,2428.6320146962385,3441.391955581378,1226.0646068284907,0.10017010017010017
COW00614,86,554.5,Brown Swiss,Healthy,3.2,23.2,20.85,Mid,0,49.0,74.25955813958787,81.29380711629742,0.041839495040577095,0.041839495040577095,3638.7183488398055,6608.683075461769,1886.0163250981,0.1550946798917944
COW00615,81,447.1,Guernsey,Mastitis,3.7,21.0,20.79,Mid,1,25.17362644663621,90.38000769316585,46.276105568611726,0.0469693580854395,0.0469693580854395,2275.192551911864,2141.477946597297,971.7982169408463,0.18116752404383807
COW00616,38,547.2,Jersey,Bloat,2.1,19.2,23.98,Mid,1,22.105332974556465,83.7583337883804,40.53812489198032,0.03508771929824561,0.03508771929824561,1851.505857786192,1643.3395697577942,778.331997926022,0.06944444444444443
COW00617,40,554.3,Brown Swiss,Healthy,4.9,14.1,22.74,Early,0,44.84710068846202,67.45426176448778,72.81554754886196,0.025437488724517412,0.025437488724517412,3025.1280692178575,5302.103964840577,1026.6992204389535,0.07216308858019124
COW00618,18,377.5,Guernsey,Foot and Mouth,2.9,29.4,13.75,Late,1,35.228275455316854,45.541092803591766,54.06804461874706,0.07788079470198675,0.07788079470198675,1604.3341618210789,2923.353448894823,1589.6005117911634,0.04768211920529802
COW00619,27,476.8,Brown Swiss,Healthy,2.4,22.5,21.04,Mid,0,44.04947158655325,78.3522119515734,74.87059408926034,0.04718959731543624,0.04718959731543624,3451.3735341044303,5605.605859278785,1684.5883670083576,0.05662751677852349
COW00620,58,582.6,Jersey,Healthy,2.0,27.0,22.23,Late,0,18.0,88.4196696244486,33.983108106480145,0.04634397528321318,0.04634397528321318,1591.5540532400748,1154.8516365767166,917.5439188749639,0.09955372468245795
COW00621,63,581.0,Brown Swiss,Bloat,4.6,31.3,21.78,Mid,1,34.67903896757804,62.131071588850276,56.742815392539185,0.05387263339070568,0.05387263339070568,2154.6458527271193,3219.7470986717817,1776.0501217864764,0.10843373493975904
COW00622,29,457.7,Guernsey,Bloat,4.6,14.1,19.34,Mid,1,36.46196142423374,87.88284837486009,64.95824924636645,0.03080620493773214,0.03080620493773214,3204.3810272959317,4219.574145153068,915.9113143737669,0.0633602796591654
COW00623,57,562.7,Jersey,Healthy,2.3,26.2,22.2,Early,0,32.923065006114236,66.4661636352665,55.050022702122064,0.04656122267638173,0.04656122267638173,2188.269826070905,3030.5049995041545,1442.310594795598,0.10129731650968543
COW00624,77,631.8,Brown Swiss,Healthy,2.5,16.1,21.05,Mid,0,30.93553879202185,69.12515383635625,52.578647661272946,0.02548274770496993,0.02548274770496993,2138.4238780090764,2764.514189888283,846.5162273464945,0.12187401076289966
COW00625,37,612.2,Guernsey,Healthy,3.3,22.2,21.17,Mid,0,45.63994693769079,71.17715464826384,75.14766289402837,0.03626265926167919,0.03626265926167919,3248.521561322573,5647.171238434528,1668.2781162474298,0.060437765436131975
COW00626,48,542.4,Jersey,Healthy,2.6,29.2,24.16,Mid,0,18.325205106628225,87.68196957262039,34.50186123255928,0.05383480825958702,0.05383480825958702,1606.7900765714037,1190.3784285107768,1007.4543479907309,0.08849557522123894
COW00627,51,512.6,Jersey,Bloat,4.2,15.3,19.17,Early,1,38.840264526861944,56.27798104850993,61.22669906012262,0.029847834568864612,0.029847834568864612,2185.851670961849,3748.70867779882,936.7684956198761,0.09949278189621537
COW00628,66,499.7,Ayrshire,Foot and Mouth,2.2,31.8,18.52,Early,1,27.85227885852269,64.57033451745323,47.36800454598689,0.06363818290974585,0.06363818290974585,1798.4309629682007,2243.727854668635,1506.3025445623832,0.13207924754852912
COW00629,51,587.4,Jersey,Healthy,3.6,24.5,21.67,Early,0,32.0,98.0,59.248,0.04170922710248553,0.04170922710248553,3136.0,3510.325504,1451.576,0.08682328907048009
COW00630,91,565.6,Brown Swiss,Healthy,3.1,21.1,19.1,Mid,0,25.769249897006105,74.8185098779121,45.52170327484091,0.03730551626591231,0.03730551626591231,1928.0168779655369,2072.2254690426616,960.5079390991433,0.1608910891089109
COW00631,47,600.4,Holstein,Healthy,3.4,14.4,17.55,Mid,0,46.64762110155221,98.0,85.32076556076294,0.023984010659560295,0.023984010659560295,4571.466867952116,7279.633035874671,1228.6190240749863,0.07828114590273151
COW00632,58,560.5,Ayrshire,Healthy,3.3,24.6,20.82,Late,0,45.716057192699274,83.98169108022817,79.27260016423969,0.043889384478144514,0.043889384478144514,3839.3117925633137,6284.145136799415,1950.1059640402966,0.10347903657448707
COW00633,52,615.5,Brown Swiss,Mastitis,2.5,22.9,25.82,Early,1,52.0,83.74109707765348,89.48665250119771,0.0372055239642567,0.0372055239642567,4354.537048037981,8007.860975870114,2049.244342277427,0.08448415922014622
COW00634,31,557.6,Guernsey,Healthy,2.7,17.9,20.59,Early,0,30.88224549737866,54.806933611651026,50.13920974536059,0.03210186513629842,0.03210186513629842,1692.5611787535408,2513.940353889262,897.4918544419545,0.05559540889526542
COW00635,86,612.8,Guernsey,Healthy,2.2,22.8,22.98,Early,0,39.518403946118475,51.32493651838303,60.90672803667111,0.037206266318537864,0.037206266318537864,2028.2795738423483,3709.629520133019,1388.6733992361014,0.14033942558746737
COW00636,37,619.7,Jersey,Healthy,2.3,14.2,16.39,Early,0,31.120314475332684,95.0,57.1805503318322,0.022914313377440695,0.022914313377440695,2956.429875156605,3269.6153362511955,811.9638147120172,0.059706309504598994
COW00637,44,485.6,Jersey,Ketosis,4.9,32.0,21.47,Mid,1,22.86363725822246,84.68521452588159,41.8583591753961,0.06589785831960461,0.06589785831960461,1936.2120260545082,1752.1222328564672,1339.4674936126753,0.09060955518945633
COW00638,97,405.3,Guernsey,Healthy,2.8,20.0,20.15,Early,0,22.87459308866768,95.0,42.75053790516844,0.04934616333580064,0.04934616333580064,2173.0863434234298,1827.6084911812438,855.0107581033689,0.2393288921786331
COW00639,114,673.5,Ayrshire,Healthy,2.9,22.6,21.04,Late,0,31.209110841281017,95.0,57.33594397224178,0.03355605048255383,0.03355605048255383,2964.8655299216966,3287.410471188048,1295.7923337726643,0.16926503340757237
COW00640,84,570.5,Holstein,Healthy,2.4,28.1,22.49,Late,0,20.206565517824277,82.5627135871964,37.35931047199359,0.04925503943908852,0.04925503943908852,1668.3088814290447,1395.7180789428098,1049.7966242630198,0.147239263803681
COW00641,110,412.8,Ayrshire,Healthy,4.3,26.8,20.13,Mid,0,19.121917830690638,85.63603334149822,35.74119739240089,0.06492248062015504,0.06492248062015504,1637.5251929024128,1277.4331910425642,957.864090116344,0.26647286821705424
COW00642,104,492.9,Ayrshire,Healthy,4.8,30.0,18.18,Late,0,35.77662747085663,78.38083072897254,61.776480170180484,0.060864272671941576,0.060864272671941576,2804.2017818467225,3816.3335022167025,1853.2944051054146,0.21099614526273078
COW00643,63,611.7,Holstein,Healthy,4.4,30.9,23.23,Mid,0,42.0,49.1174110838314,63.556405459137466,0.05051495831289848,0.05051495831289848,2062.9312655209187,4039.4166748862785,1963.8929286873476,0.10299166257969593
COW00644,95,527.6,Holstein,Healthy,3.8,17.4,24.41,Late,0,31.271701110296238,90.19132946086691,56.63417242227701,0.03297952994692949,0.03297952994692949,2820.4362976404855,3207.429485956202,985.4346001476199,0.1800606520090978
COW00645,47,509.0,Guernsey,Healthy,4.4,21.0,20.19,Early,0,24.470674518471565,74.99729267935378,43.52927285818048,0.0412573673870334,0.0412573673870334,1835.2343389230166,1894.7975955619274,914.11473002179,0.09233791748526522
COW00646,61,662.1,Ayrshire,Foot and Mouth,3.2,26.4,20.8,Late,1,34.49269951605703,87.81578713077278,61.63872184869208,0.03987313094698686,0.03987313094698686,3029.0035582677733,3799.3320311404304,1627.2622568054708,0.09213109802144691
COW00647,69,466.2,Jersey,Healthy,4.6,14.8,20.29,Early,0,39.14372364261552,75.82513723068251,66.47694132208647,0.03174603174603175,0.03174603174603175,2968.0782169212334,4419.1837275401285,983.8587315668799,0.148005148005148
COW00648,115,486.1,Guernsey,Healthy,4.4,26.9,22.56,Mid,0,34.67129300455994,95.0,63.3947627579799,0.055338407735033936,0.055338407735033936,3293.7728354331944,4018.895945140555,1705.319118189659,0.23657683604196666
COW00649,103,566.9,Ayrshire,Healthy,2.0,14.1,18.67,Late,0,52.0,98.0,94.84800000000001,0.024872111483506792,0.024872111483506792,5096.0,8996.143104000002,1337.3568000000002,0.1816898923972482
COW00650,64,581.2,Jersey,Foot and Mouth,3.5,30.5,23.49,Mid,1,44.288437202059534,75.21478012395599,74.31127208566338,0.05247763248451479,0.05247763248451479,3331.1450661865406,5522.165158989493,2266.493798612733,0.11011699931176874
COW00651,82,589.7,Jersey,Mastitis,2.8,26.9,20.58,Early,1,25.541704951283343,80.06419573909096,45.75388042189416,0.04561641512633542,0.04561641512633542,2044.9760647296584,2093.4175736609895,1230.7793833489527,0.13905375614719348
COW00652,33,622.9,Ayrshire,Foot and Mouth,2.3,24.2,22.18,Early,1,34.78066137038557,95.0,63.586157398174755,0.038850537807031627,0.038850537807031627,3304.1628301866294,4043.199412665454,1538.785009035829,0.052978006100497674
COW00653,98,565.9,Jersey,Healthy,4.5,21.7,20.42,Early,0,52.0,93.6335371586595,93.20620997165597,0.03834599752606468,0.03834599752606468,4868.943932250294,8687.39757728042,2022.5747563849343,0.17317547269835662
COW00654,71,589.2,Brown Swiss,Healthy,2.0,31.8,20.81,Mid,0,30.18449417729125,95.0,55.54286481025969,0.05397148676171079,0.05397148676171079,2867.5269468426686,3085.009831330784,1766.263100966258,0.12050237610319076
COW00655,69,529.3,Brown Swiss,Healthy,4.2,27.3,25.3,Mid,0,37.61625988629184,45.660945882174104,57.09377177157808,0.05157755526166636,0.05157755526166636,1717.5940069577684,3259.6987751050465,1558.6599693640817,0.13036085395805783
COW00656,94,555.0,Brown Swiss,Healthy,5.0,28.5,18.24,Mid,0,27.95692790245876,95.0,51.64462382930283,0.051351351351351354,0.051351351351351354,2655.9081507335823,2667.167170470194,1471.8717791351307,0.16936936936936936
COW00657,80,558.6,Jersey,Healthy,3.4,28.9,23.12,Late,0,41.34456404923803,48.83110956154413,62.63298083115428,0.05173648406731113,0.05173648406731113,2018.900936862621,3922.8902877957394,1810.0931460203585,0.14321518080916576
COW00658,19,567.2,Guernsey,Healthy,3.1,14.4,24.47,Early,0,29.436703374771902,89.6349660136632,53.42750665936966,0.02538787023977433,0.02538787023977433,2638.557906551964,2854.4984678369897,769.3560958949231,0.03349788434414668
COW00659,43,611.8,Guernsey,Healthy,3.8,15.0,23.57,Late,0,42.0,58.94688375318597,66.26933991587933,0.02451781627983001,0.02451781627983001,2475.7691176338108,4391.6254128863575,994.04009873819,0.07028440666884603
COW00660,31,594.4,Jersey,Healthy,4.4,17.6,17.8,Mid,0,49.0,71.05442767793414,80.18483197656522,0.02960969044414536,0.02960969044414536,3481.666956218773,6429.607279109996,1411.253042787548,0.05215343203230148
COW00661,91,553.5,Brown Swiss,Healthy,2.7,25.8,18.58,Mid,0,23.007670435020025,78.22302216942532,41.5393163006728,0.046612466124661245,0.046612466124661245,1799.729514505403,1725.514798727341,1071.7143605573583,0.16440831074977416
COW00662,15,485.3,Holstein,Healthy,2.8,25.2,17.03,Mid,0,42.0,44.024600747634864,62.15078980634723,0.05192664331341438,0.05192664331341438,1849.0332314006644,3862.7206735527543,1566.19990311995,0.03090871625798475
COW00663,33,555.4,Jersey,Mastitis,3.8,19.9,21.16,Late,1,42.40397530850347,72.9112336954531,70.74122412800273,0.03583003240907454,0.03583003240907454,3091.7261533345195,5004.320791128315,1407.7503601472542,0.05941663665826432
COW00664,76,547.8,Ayrshire,Healthy,4.8,31.5,22.33,Early,0,38.5346030683912,48.20743098569427,58.8623545725789,0.0575027382256298,0.0575027382256298,1857.6542179805915,3464.7767858280004,1854.1641690362353,0.13873676524278936
COW00665,87,565.5,Brown Swiss,Foot and Mouth,2.9,15.7,18.78,Mid,1,18.0,82.99864434260179,33.787951196333665,0.027763041556145004,0.027763041556145004,1493.9755981668322,1141.6256460458255,530.4708337824385,0.15384615384615385
COW00666,66,726.5,Guernsey,Healthy,3.1,28.0,21.64,Late,0,32.28383959234578,95.0,59.21671928660511,0.038540949759119064,0.038540949759119064,3066.964761272849,3506.61984306859,1658.0681400249432,0.09084652443220922
COW00667,104,508.1,Ayrshire,Foot and Mouth,5.0,22.7,18.98,Mid,1,34.01946476479522,72.97381207386856,57.932643159196694,0.04467624483369415,0.04467624483369415,2482.530028599759,3356.1911434108197,1315.0709997137649,0.20468411729974414
COW00668,111,583.8,Guernsey,Mastitis,2.5,21.5,21.27,Early,1,52.0,69.5927724327889,84.16688243472862,0.0368276807125728,0.0368276807125728,3618.824166505023,7084.0640987814295,1809.5879723466653,0.19013360739979446
COW00669,26,635.5,Guernsey,Healthy,2.2,14.5,26.33,Mid,0,39.93578760507059,77.32286865723599,68.09363359451595,0.022816679779701022,0.022816679779701022,3087.949659710146,4636.742936104191,987.3576871204813,0.040912667191188044
COW00670,114,557.8,Guernsey,Ketosis,3.8,27.1,18.98,Mid,1,42.0,52.169546747859016,64.3987949024091,0.04858372176407315,0.04858372176407315,2191.1209634100787,4147.204784882551,1745.2073418552866,0.20437432771602726
COW00671,78,737.0,Brown Swiss,Healthy,2.1,27.9,21.6,Early,0,33.51505417129015,95.0,61.37134479975777,0.0378561736770692,0.0378561736770692,3183.9301462725643,3766.441962530755,1712.2605199132418,0.10583446404341927
COW00672,80,519.8,Guernsey,Healthy,2.5,19.7,18.6,Mid,0,40.454092175328114,77.76865600436386,69.02519105915329,0.0378991919969219,0.0378991919969219,3146.06037835192,4764.477000752615,1359.7962638653196,0.15390534821085033
COW00673,22,575.9,Jersey,Mastitis,3.9,23.3,22.02,Late,1,25.0,95.0,46.47,0.04045841291890954,0.04045841291890954,2375.0,2159.4609,1082.751,0.03820107657579441
COW00674,79,486.1,Ayrshire,Healthy,4.0,24.9,20.93,Mid,0,29.52180488587512,79.54192557392236,52.045618696456636,0.051224027977782347,0.051224027977782347,2348.221207040136,2708.7464254969564,1295.9359055417701,0.16251800041143796
COW00675,90,521.9,Holstein,Healthy,3.5,20.6,19.17,Early,0,40.319101333978324,57.472396694001176,63.55160980536683,0.039471163058057104,0.039471163058057104,2317.2353862120344,4038.8071088535976,1309.1631619905568,0.17244682889442423
COW00676,74,569.9,Ayrshire,Healthy,3.2,25.1,21.11,Mid,0,25.60308244487398,74.89271920002592,45.272759033086054,0.044042814528864715,0.044042814528864715,1917.48446419906,2049.6227104678746,1136.34625173046,0.129847341638884
COW00677,21,617.7,Ayrshire,Healthy,3.7,21.8,18.89,Mid,0,33.34455983153378,52.07422316401403,52.94088022934009,0.03529221304840537,0.03529221304840537,1736.392049973108,2802.7367994573324,1154.111188999614,0.033997085964060224
COW00678,68,575.5,Holstein,Healthy,3.9,29.8,22.77,Mid,0,50.9762395082772,69.56536104104259,82.62538467579128,0.05178105994787142,0.05178105994787142,3546.1805059079634,6826.954192822484,2462.23646333858,0.11815812337098175
COW00679,113,650.7,Guernsey,Healthy,4.4,26.9,29.17,Mid,0,37.5458726562337,50.66591170744443,58.163765528911846,0.04134009528200399,0.04134009528200399,1902.2958689796885,3383.023620502234,1564.6052927277285,0.17365913631473795
COW00680,90,542.4,Ayrshire,Healthy,4.4,16.0,23.04,Mid,0,34.23339617815709,58.87200346239664,55.463034627241164,0.029498525073746312,0.029498525073746312,2015.3886183300604,3076.1482100625526,887.4085540358586,0.16592920353982302
COW00681,26,523.4,Brown Swiss,Healthy,4.0,28.4,19.79,Late,0,42.95393087632564,74.59632964772005,72.06332910494652,0.054260603744745894,0.054260603744745894,3204.2055873157683,5193.123401687832,2046.598546580481,0.04967520061138709
COW00682,115,766.3,Jersey,Healthy,4.7,20.1,22.12,Mid,0,34.98178941623583,68.55913544582212,58.49612841603967,0.026229936056374793,0.026229936056374793,2398.3212387249387,3421.7970396658034,1175.7721811623974,0.1500717734568707
COW00683,115,581.5,Ayrshire,Healthy,4.5,30.8,18.21,Late,0,37.89979414710017,61.62341383278205,61.201210714799565,0.0529664660361135,0.0529664660361135,2335.5146989040045,3745.588192957297,1884.9972900158266,0.19776440240756663
COW00684,30,492.4,Brown Swiss,Mastitis,2.4,24.9,21.69,Mid,1,21.015432638718508,83.76600123410576,38.753829496765185,0.05056864337936637,0.05056864337936637,1760.378756350161,1501.8593006643473,964.970354469453,0.060926076360682375
COW00685,98,494.5,Holstein,Healthy,4.9,14.5,22.67,Early,0,41.241692947821335,55.797707163415254,64.3704035869855,0.029322548028311426,0.029322548028311426,2301.191906026023,4143.548857951396,933.3708520112898,0.19817997977755308
COW00686,55,474.6,Jersey,Healthy,4.7,27.2,19.42,Mid,0,35.58360135454266,53.40703162728981,56.18041375885372,0.057311420143278544,0.057311420143278544,1900.4145229549324,3156.238890116,1528.107254240821,0.11588706278971765
COW00687,76,624.9,Guernsey,Mastitis,3.0,16.4,25.72,Early,1,36.44703273496294,90.23527517431228,65.45182684413487,0.026244199071851496,0.026244199071851496,3288.8080281265484,4283.941637234614,1073.4099602438118,0.12161945911345816
COW00688,60,520.8,Brown Swiss,Bloat,2.1,29.8,21.3,Mid,1,32.51808984222382,98.0,60.1701999191584,0.05721966205837174,0.05721966205837174,3186.7728045379345,3620.4529583114895,1793.0719575909204,0.11520737327188942
COW00689,96,560.2,Jersey,Healthy,3.8,31.1,23.73,Early,0,25.8076091747778,81.59922683412594,46.35460822669974,0.05551588718314887,0.05551588718314887,2105.8809550991637,2148.749703850819,1441.628315850362,0.17136736879685824
COW00690,119,544.9,Guernsey,Healthy,3.3,26.5,21.72,Mid,0,42.0,48.371069782435974,63.35041525995233,0.04863277665626721,0.04863277665626721,2031.584930862311,4013.2751136084007,1678.7860043887367,0.21838869517342632
COW00691,97,608.5,Holstein,Mastitis,4.2,23.6,21.91,Mid,1,31.496575890699056,94.51966316716191,57.756886657566206,0.03878389482333607,0.03878389482333607,2977.0457441078274,3335.857956374949,1363.0625251185625,0.15940838126540674
COW00692,112,482.3,Jersey,Bloat,3.6,24.8,18.09,Mid,1,49.0,62.90964743995983,77.36673801422612,0.051420277835372175,0.051420277835372175,3082.572724558032,5985.612150961901,1918.6951027528078,0.23222060957910015
COW00693,114,464.0,Brown Swiss,Healthy,2.2,21.7,19.83,Mid,0,40.95121952885658,50.97731458308662,62.69607432795642,0.04676724137931034,0.04676724137931034,2087.583200483562,3930.7977361366356,1360.5048129166541,0.24568965517241378
COW00694,21,567.9,Holstein,Healthy,2.7,15.5,22.38,Early,0,22.581355485573585,77.89281880646716,40.83777279274966,0.027293537594646946,0.027293537594646946,1758.9254312422065,1667.7236866722444,632.9854782876198,0.036978341257263604
COW00695,39,598.1,Jersey,Healthy,4.6,30.7,20.27,Mid,0,32.88763773253564,68.35336772611218,55.34703318922006,0.05132920916234743,0.05132920916234743,2247.9807955751708,3063.294082848627,1699.1539189090558,0.06520648720949673
COW00696,89,576.6,Ayrshire,Healthy,2.1,19.9,23.18,Mid,0,22.304978837436447,85.54873532946766,41.00659249343809,0.034512660423170305,0.034512660423170305,1908.1627310932279,1681.5406279228932,816.031190619418,0.15435310440513353
COW00697,75,485.2,Ayrshire,Bloat,4.2,19.6,18.3,Late,1,34.55107993574074,95.0,63.184389887546295,0.04039571310799671,0.04039571310799671,3282.3525938953703,3992.2671254614625,1238.4140417959075,0.1545754328112119
COW00698,17,604.2,Ayrshire,Mastitis,2.9,17.4,22.42,Late,1,32.89929221805808,95.0,60.29376138160164,0.02879841112214498,0.02879841112214498,3125.4327607155174,3635.3376615415173,1049.1114480398685,0.028136378682555443
COW00699,22,490.5,Jersey,Healthy,3.4,31.9,20.19,Late,0,39.525876357019705,43.82802440177021,59.03287630652897,0.06503567787971458,0.06503567787971458,1732.3410734768117,3484.8804850219494,1883.148754178274,0.04485219164118247
COW00700,68,508.3,Holstein,Healthy,3.6,31.0,18.22,Early,0,48.60237430125695,58.0,75.1192765357346,0.06098760574463899,0.06098760574463899,2818.937709472903,5642.905707252166,2328.6975726077726,0.13377926421404682
COW00701,78,474.5,Ayrshire,Foot and Mouth,2.8,20.3,20.33,Early,1,40.3845767768654,48.208771424974756,61.23450664559844,0.04278187565858799,0.04278187565858799,1946.8908309302478,3749.664804129839,1243.0604849056483,0.1643835616438356
COW00702,30,654.1,Jersey,Healthy,4.0,18.7,24.13,Mid,0,36.277038363527595,48.18264867891172,55.962567226871315,0.028588900779697293,0.028588900779697293,1747.9237945812527,3131.8089306220913,1046.5000071424936,0.045864546705396726
COW00703,30,600.7,Guernsey,Foot and Mouth,4.1,28.5,18.01,Mid,1,22.739648374789773,81.19333081964643,41.362956993970144,0.047444647910770764,0.047444647910770764,1846.3077932167414,1710.8942112850236,1178.8442743281491,0.049941734642916596
COW00704,25,598.4,Holstein,Healthy,2.3,21.6,18.19,Mid,0,52.0,72.17089691176577,85.13625723882393,0.036096256684491984,0.036096256684491984,3752.88663941182,7248.1822966352,1838.943156358597,0.04177807486631016
COW00705,73,649.8,Guernsey,Healthy,3.1,31.4,22.8,Mid,0,34.84247402112831,95.0,63.69432953697454,0.04832256078793475,0.04832256078793475,3310.0350320071893,4056.9676151647077,2000.0019474610006,0.1123422591566636
COW00706,12,775.0,Brown Swiss,Healthy,4.2,30.2,27.52,Mid,0,25.0,95.0,46.47,0.03896774193548387,0.03896774193548387,2375.0,2159.4609,1403.394,0.015483870967741935
COW00707,73,413.3,Ayrshire,Healthy,4.2,27.7,18.45,Mid,0,18.0,92.32141120150905,34.123570803254324,0.06702153399467699,0.06702153399467699,1661.7854016271629,1164.418084364711,945.2229112501448,0.1766271473505928
COW00708,63,490.9,Holstein,Ketosis,3.6,15.6,22.18,Late,1,40.27168325548761,57.75025501861703,63.55830966204302,0.03177836626604196,0.03177836626604196,2325.699978033379,4039.6587270961513,991.5096307278711,0.1283357099205541
COW00709,62,500.7,Brown Swiss,Healthy,4.3,26.6,21.7,Early,0,39.53421481634744,78.82821548097456,67.84022486795936,0.05312562412622329,0.05312562412622329,3116.4116044141733,4602.296110135292,1804.5499814877192,0.12382664270021969
COW00710,85,481.9,Ayrshire,Healthy,2.3,31.8,19.5,Late,0,35.8983049385331,79.9687485387288,62.31056936721114,0.06598879435567545,0.06598879435567545,2870.74252059616,3882.607054866031,1981.4761058773142,0.17638514214567338
COW00711,68,463.8,Jersey,Healthy,2.4,20.7,21.1,Mid,0,27.76758556179008,95.0,51.31327473313264,0.04463130659767141,0.04463130659767141,2637.920628370058,2633.0521638379482,1062.1847869758456,0.14661492022423459
COW00712,90,526.0,Guernsey,Healthy,4.0,29.9,20.34,Early,0,32.0,98.0,59.248,0.05684410646387832,0.05684410646387832,3136.0,3510.325504,1771.5151999999998,0.17110266159695817
COW00713,94,452.7,Holstein,Healthy,4.1,21.3,19.64,Late,0,43.262225364474304,98.0,79.29476114876427,0.04705102717031147,0.04705102717031147,4239.698085718482,6287.6591456395745,1688.978412468679,0.20764303070466092
COW00714,111,576.8,Guernsey,Mastitis,4.4,31.5,17.49,Late,1,19.520670836139153,89.46557873509917,36.59777446758265,0.0546116504854369,0.0546116504854369,1746.4281136525617,1339.3970959800447,1152.8298957288537,0.19244105409153955
COW00715,98,554.1,Jersey,Healthy,2.5,25.8,21.63,Mid,0,42.0,41.50682534824133,61.455883796114605,0.046561992420140766,0.046561992420140766,1743.2866646261357,3776.8256531615416,1585.5618019397568,0.1768633820609998
COW00716,67,588.5,Brown Swiss,Healthy,3.6,15.7,24.43,Early,0,34.24262558972995,83.9110162751675,60.4442492598028,0.026677994902293965,0.026677994902293965,2873.3335131642966,3653.5072685811715,948.974713378904,0.11384876805437553
COW00717,65,590.6,Ayrshire,Healthy,4.0,22.6,22.32,Early,0,41.940211206298926,59.274257445831424,66.27642465658649,0.038266169996613614,0.038266169996613614,2485.9748763747066,4392.564465260185,1497.8471972388547,0.11005756857433119
COW00718,37,598.2,Guernsey,Healthy,2.7,14.9,24.18,Mid,0,30.11762671769082,95.0,55.425846755958936,0.024908057505850886,0.024908057505850886,2861.1745381806277,3072.0244886150435,825.8451166637882,0.06185222333667669
COW00719,76,520.1,Brown Swiss,Mastitis,3.6,21.1,22.88,Early,1,30.769371423586307,68.56920404644,52.23984483142758,0.04056912132282253,0.04056912132282253,2109.8313075245896,2729.001388011631,1102.260725943122,0.14612574504902903
COW00720,27,719.7,Holstein,Healthy,3.9,30.5,22.28,Early,0,39.494222842652896,80.69499479142523,68.2451600899497,0.042378768931499236,0.042378768931499236,3186.986106579263,4657.401875702864,2081.477382743466,0.03751563151313047
COW00721,112,568.8,Jersey,Healthy,2.6,18.2,19.94,Mid,0,37.484986760990125,61.04446599938679,60.48009630306766,0.0319971870604782,0.0319971870604782,2288.2509998187256,3657.8420488283386,1100.7377527158314,0.1969057665260197
COW00722,103,401.0,Ayrshire,Mastitis,3.1,31.1,18.53,Early,1,41.65552764640015,88.83667472003518,73.93732655558188,0.07755610972568579,0.07755610972568579,3700.5385598146827,5466.728258186753,2299.4508558785965,0.256857855361596
COW00723,24,469.8,Jersey,Mastitis,2.6,15.8,15.59,Mid,1,27.800779911378044,70.58291745304224,48.09928535201426,0.033631332481907195,0.033631332481907195,1962.2601536149914,2313.5412513744936,759.9687085618253,0.051085568326947633
COW00724,96,410.8,Guernsey,Foot and Mouth,4.7,26.0,19.33,Mid,1,49.0,70.94187383306166,80.14588834623933,0.06329113924050633,0.06329113924050633,3476.1518178200213,6423.363418807861,2083.7930970022226,0.23369036027263876
COW00725,24,551.4,Brown Swiss,Healthy,2.7,31.4,20.61,Early,0,31.235902579525764,68.31426346841812,52.89004490908405,0.05694595574900254,0.05694595574900254,2133.857678491564,2797.3568504849272,1660.747410145239,0.04352557127312296
COW00726,89,540.3,Jersey,Healthy,2.4,25.8,25.93,Mid,0,49.0,58.0,75.668,0.04775124930594115,0.04775124930594115,2842.0,5725.646224000001,1952.2344000000003,0.16472330186933187
COW00727,21,512.5,Guernsey,Mastitis,2.1,30.2,20.93,Early,1,35.56686498688128,70.49671538083832,59.77543655435304,0.05892682926829268,0.05892682926829268,2507.3471579688735,3573.102815263486,1805.2181839414618,0.04097560975609756
COW00728,64,710.9,Jersey,Healthy,2.1,31.8,21.44,Early,0,49.41274629776959,98.0,90.24268841002987,0.044732029821353214,0.044732029821353214,4842.449137181419,8143.7428114697395,2869.7174914389498,0.09002672668448446
COW00729,83,593.9,Jersey,Healthy,2.6,25.6,18.72,Mid,0,35.82174773632975,71.48200770974881,60.37009355750997,0.04310489981478364,0.04310489981478364,2560.610447865,3644.5481961425066,1545.4743950722552,0.1397541673682438
COW00730,90,608.1,Brown Swiss,Healthy,3.8,28.1,21.93,Mid,0,49.0,64.59333306309276,77.9492932398301,0.04620950501562243,0.04620950501562243,3165.073320091545,6076.092316589023,2190.3751400392257,0.1480019733596448
COW00731,57,475.5,Guernsey,Mastitis,2.1,14.6,22.67,Mid,1,34.09278146577155,56.26179902448911,54.753738303221475,0.03070452155625657,0.03070452155625657,1918.1212190130661,2997.9718581776624,799.4045792270335,0.11987381703470032
COW00732,111,470.1,Ayrshire,Healthy,2.9,21.7,19.81,Mid,0,33.42164862490239,51.718301235798094,52.97499243576397,0.04616039140608381,0.04616039140608381,1728.510891379699,2806.34982356925,1149.5573358560782,0.23611997447351626
COW00733,95,552.9,Guernsey,Healthy,2.2,19.2,23.08,Mid,0,38.39601815629526,50.38950916142076,59.208290292278804,0.03472599023331525,0.03472599023331525,1934.756508648718,3505.6216393347563,1136.799173611753,0.1718213058419244
COW00734,34,563.8,Guernsey,Healthy,3.2,28.8,20.45,Mid,0,38.907368817962094,82.20394107465799,67.67191807643636,0.05108194395175595,0.05108194395175595,3198.339053681742,4579.488496143914,1948.951240601367,0.06030507272082299
COW00735,84,401.5,Guernsey,Healthy,2.1,26.2,21.8,Mid,0,18.0,87.66914545969932,33.956089236549175,0.06525529265255292,0.06525529265255292,1578.0446182745877,1153.0159962404907,889.6495379975884,0.20921544209215442
COW00736,90,535.6,Jersey,Mastitis,3.8,25.1,17.58,Mid,1,49.0,58.83187811241168,75.95582982689444,0.04686333084391337,0.04686333084391337,2882.762027508172,5769.288084692148,1906.4913286550507,0.16803584764749813
COW00737,48,551.1,Jersey,Healthy,4.1,30.8,25.31,Mid,0,49.0,63.6339035106978,77.61733061470144,0.05588822355289421,0.05588822355289421,3118.061272024192,6024.45001175187,2390.6137829328045,0.08709853021230267
COW00738,91,532.8,Brown Swiss,Healthy,4.2,15.6,18.75,Early,0,39.4462648628049,57.00946873632949,62.23575442682296,0.029279279279279282,0.029279279279279282,2248.8106034610487,3873.2891290758134,970.8777690584382,0.17079579579579582
COW00739,109,484.9,Guernsey,Bloat,2.7,31.2,22.58,Mid,1,45.304863473357045,67.3908452046532,73.4709394827251,0.064343163538874,0.064343163538874,3053.1330413509518,5397.978948474254,2292.293311861023,0.22478861620952775
COW00740,100,506.8,Guernsey,Mastitis,4.6,15.8,20.4,Mid,1,32.514923860064684,75.3930422825224,56.069331293317056,0.031176006314127862,0.031176006314127862,2451.399029394853,3143.7699116797435,885.8954344344095,0.19731649565903708
COW00741,94,535.9,Holstein,Healthy,4.1,20.2,21.24,Early,0,34.10879378188273,65.21381046766813,56.53989044788675,0.03769359955215525,0.03769359955215525,2224.3644129724776,3196.759211859035,1142.1057870473123,0.1754058593021086
COW00742,80,557.3,Guernsey,Ketosis,2.2,25.3,21.28,Mid,1,28.919850681038067,80.3505973149776,51.20266729628739,0.04539745200071775,0.04539745200071775,2323.7272764813706,2621.713138254298,1295.4274825960708,0.14354925533823795
COW00743,41,598.4,Jersey,Healthy,3.3,20.1,22.26,Mid,0,28.142046533473255,66.50543745797397,48.052845389543336,0.03358957219251337,0.03358957219251337,1871.5991156712987,2309.075950031356,965.8621923298211,0.06851604278074866
COW00744,97,636.5,Ayrshire,Mastitis,4.3,26.3,23.84,Early,1,39.478542604996036,84.2417063377418,69.10942629908305,0.0413197172034564,0.0413197172034564,3325.7397927721045,4776.112803388392,1817.5779116658844,0.15239591516103693
COW00745,51,526.5,Guernsey,Healthy,2.9,28.0,23.74,Late,0,29.851047730656287,69.33843982593878,50.99435361772322,0.05318138651471985,0.05318138651471985,2069.825076813337,2600.4241008894014,1427.8419012962502,0.09686609686609686
COW00746,69,513.5,Ayrshire,Healthy,3.1,28.9,24.82,Mid,0,40.80019694032849,59.06767177043815,64.63413922772529,0.05628042843232716,0.05628042843232716,2409.9726410405583,4177.571953708976,1867.9266236812607,0.13437195715676728
COW00747,45,585.0,Guernsey,Healthy,3.9,17.2,22.44,Mid,0,33.817015651709156,61.77875844966658,55.44920371897068,0.0294017094017094,0.0294017094017094,2089.1732414355342,3074.614193067912,953.7263039662956,0.07692307692307693
COW00748,45,598.9,Brown Swiss,Healthy,2.2,17.3,26.06,Late,0,29.283381254766255,95.0,53.965917195840944,0.028886291534479882,0.028886291534479882,2781.9212192027944,2912.320218788361,933.6103674880484,0.07513775254633495
COW00749,29,515.3,Holstein,Healthy,4.9,14.9,20.32,Late,0,22.535608315775267,77.68078803015682,40.74829130336141,0.028915195032020186,0.028915195032020186,1750.5838127083778,1660.4232441435993,607.149540420085,0.056277896371046
COW00750,115,613.2,Jersey,Healthy,2.5,22.8,24.64,Mid,0,40.632308404146556,43.152701167321496,60.22579637824877,0.03718199608610567,0.03718199608610567,1753.3938623025822,3627.1465493942833,1373.148157424072,0.18754076973255054
COW00751,27,628.4,Ayrshire,Healthy,2.1,16.5,22.41,Mid,0,37.748466812906074,46.13341285994295,57.37021804158958,0.02625716104392107,0.02625716104392107,1741.4656043096506,3291.3419181395307,946.6085976862281,0.0429662635264163
COW00752,21,653.3,Jersey,Healthy,2.0,19.7,19.93,Early,0,42.0,40.0,61.04,0.03015459972447574,0.03015459972447574,1680.0,3725.8815999999997,1202.4879999999998,0.032144497168222874
COW00753,113,692.3,Holstein,Healthy,3.2,29.1,23.42,Early,0,28.9246383537559,69.63998213961695,49.65466623840428,0.04203380037555973,0.04203380037555973,2014.3112983504402,2465.585879247326,1444.9507875375646,0.16322403582262027
COW00754,71,480.7,Jersey,Ketosis,4.7,31.1,22.19,Late,1,22.618222644501103,81.07585911576216,41.15757272867626,0.06469731641356356,0.06469731641356356,1833.7918325745127,1693.9457929162756,1280.0005118618317,0.14770126898273353
COW00755,59,551.1,Brown Swiss,Mastitis,4.5,28.8,21.51,Mid,1,42.0,54.6648690550415,65.08750385919146,0.0522591181273816,0.0522591181273816,2295.924500311743,4236.383158620263,1874.520111144714,0.10705861005262203
COW00756,91,550.9,Guernsey,Bloat,4.7,14.0,22.78,Late,1,49.0,77.19424960217978,82.30921036235421,0.025412960609911054,0.025412960609911054,3782.5182305068092,6774.806110474277,1152.328945072959,0.16518424396442186
COW00757,53,542.2,Ayrshire,Healthy,3.6,24.2,23.51,Early,0,35.78025628139268,93.32949013238988,64.9782892015362,0.044632976761342674,0.044632976761342674,3339.353075548619,4222.178067558476,1572.474598677176,0.09774990778310585
COW00758,25,498.1,Ayrshire,Healthy,3.3,17.0,19.61,Early,0,34.188094052987786,63.52382187800475,56.32062886166224,0.034129692832764506,0.034129692832764506,2171.7583969704697,3172.013235373102,957.4506906482582,0.05019072475406545
COW00759,90,431.2,Brown Swiss,Healthy,3.2,20.8,12.96,Early,0,28.01897823374261,54.740243100404975,46.27024437993603,0.04823747680890538,0.04823747680890538,1533.765679940026,2140.9355149790017,962.4210831026695,0.20871985157699444
COW00760,31,557.4,Brown Swiss,Healthy,2.1,21.7,24.88,Mid,0,18.0,92.60342550111748,34.133723318040225,0.03893074991029781,0.03893074991029781,1666.8616590201148,1165.111067552523,740.7017960014729,0.05561535701471116
COW00761,71,488.5,Ayrshire,Healthy,4.7,31.0,20.28,Early,0,42.0,46.67565579299905,62.88248099886774,0.06345957011258956,0.06345957011258956,1960.3775433059602,3954.2064165729626,1949.3569109649,0.14534288638689866
COW00762,114,556.9,Holstein,Foot and Mouth,3.5,25.4,19.25,Mid,1,31.998195393818662,54.524347334150804,51.59385749612314,0.04560962470820614,0.04560962470820614,1744.680719718593,2661.9261313302623,1310.4839804015278,0.2047046148321063
COW00763,113,486.5,Brown Swiss,Healthy,3.4,18.8,17.68,Late,0,37.345633461903304,48.97189982597286,57.51341940292084,0.038643371017471735,0.038643371017471735,1828.8866208338288,3307.7934114162713,1081.252284774912,0.23227132579650564
COW00764,50,462.0,Brown Swiss,Mastitis,3.5,25.6,19.45,Mid,1,32.430273232335196,93.44635060637155,59.19285092584287,0.05541125541125541,0.05541125541125541,3030.490682729221,3503.793600729057,1515.3369837015775,0.10822510822510822
COW00765,96,568.7,Guernsey,Healthy,4.4,31.1,20.49,Mid,0,42.64186077590971,89.2697852343954,75.72493708157933,0.05468612625285739,0.05468612625285739,3806.629753460449,5734.266096009148,2355.0455432371173,0.1688060488834183
COW00766,78,562.1,Ayrshire,Healthy,2.7,15.1,20.1,Early,0,44.51880485805294,70.82951984675253,73.34804875098163,0.026863547411492616,0.026863547411492616,3153.2455722471636,5379.936255576378,1107.5555361398226,0.1387653442447963
COW00767,63,596.3,Guernsey,Healthy,4.1,28.7,20.51,Mid,0,33.157783647824836,58.491623976063366,53.89795919578908,0.04813013583766561,0.04813013583766561,1939.452613008233,2904.990005470944,1546.8714289191464,0.1056515176924367
COW00768,27,724.9,Guernsey,Ketosis,4.1,17.9,23.82,Mid,1,35.44244900969453,63.8198766818253,58.18322421657864,0.0246930611118775,0.0246930611118775,2261.932725100586,3385.2875802366625,1041.4797134767575,0.037246516760932546
COW00769,52,572.2,Guernsey,Healthy,4.5,16.8,26.75,Early,0,28.576454061331624,92.62471483131614,52.39206339656625,0.029360363509262494,0.029360363509262494,2646.8859083210477,2744.928306949817,880.1866650623131,0.09087731562390772
COW00770,82,588.8,Brown Swiss,Healthy,2.0,30.2,24.32,Mid,0,46.64152715241888,73.22293302065327,77.32141355358652,0.05129076086956522,0.05129076086956522,3415.2294186625486,5978.600993924754,2335.106689318313,0.1392663043478261
COW00771,118,463.8,Jersey,Healthy,2.5,14.0,22.85,Late,0,35.21710064610386,88.66941403696632,63.032081679268906,0.030185424752048298,0.030185424752048298,3122.679678370897,3973.043320822027,882.4491435097647,0.25442000862440706
COW00772,12,447.0,Jersey,Healthy,3.4,27.3,17.31,Early,0,24.705503500780676,79.30490462423693,44.33717252296605,0.06107382550335571,0.06107382550335571,1959.2675988231629,1965.7848673312558,1210.404809876973,0.026845637583892617
COW00773,89,676.6,Guernsey,Ketosis,4.6,15.6,23.54,Late,1,21.904433196809315,82.40296404035416,40.10742194604663,0.023056458764410287,0.023056458764410287,1804.990221041018,1608.6052951582226,625.6757823583274,0.13154005320721252
COW00774,103,476.1,Guernsey,Bloat,4.9,25.1,21.71,Early,1,40.31253344549572,82.78232180609513,70.10102358135887,0.052720016803192604,0.052720016803192604,3337.1651165039993,4914.153507154233,1759.535691892108,0.21634110480991386
COW00775,114,466.5,Jersey,Mastitis,3.8,25.2,18.57,Early,1,22.172840428686627,89.82878197605183,41.12052022498062,0.054019292604501605,0.054019292604501605,1991.7592486582785,1690.8971835730406,1036.2371096695117,0.24437299035369775
COW00776,57,546.9,Ayrshire,Ketosis,2.6,29.5,20.43,Early,1,30.015818813543046,95.0,55.24768292370033,0.05394039129639788,0.05394039129639788,2851.5027872865894,3052.306468437729,1629.8066462491597,0.10422380691168404
COW00777,24,542.8,Ayrshire,Mastitis,2.6,28.8,22.28,Late,1,41.828487085318685,55.867500784420926,65.18639990580016,0.05305821665438468,0.05305821665438468,2336.8530350501824,4249.266732678903,1877.3683172870446,0.044215180545320566
COW00778,41,477.8,Guernsey,Healthy,3.9,26.3,22.9,Mid,0,22.516560412277485,86.84278132119881,41.461895139459116,0.05504395144411888,0.05504395144411888,1955.4007319889758,1719.0887485555036,1090.4478421677748,0.08580996232733361
COW00779,103,525.6,Jersey,Healthy,2.6,20.8,21.41,Mid,0,29.245589696488064,95.0,53.899781968854114,0.0395738203957382,0.0395738203957382,2778.331021166366,2905.1864962900113,1121.1154649521657,0.19596651445966515
COW00780,106,648.4,Ayrshire,Healthy,3.7,17.0,19.65,Mid,0,49.0,58.81542600466683,75.95013739761472,0.02621838371375694,0.02621838371375694,2881.955874228675,5768.423370716555,1291.1523357594504,0.1634793337446021
COW00781,80,485.5,Jersey,Healthy,4.5,25.4,20.29,Late,0,23.580106280921274,72.29509688911965,41.90085175505321,0.052317198764160654,0.052317198764160654,1704.7260682349422,1755.6813777989457,1064.2816345783515,0.164778578784758
COW00782,25,438.5,Brown Swiss,Healthy,3.2,22.9,15.35,Mid,0,31.66639324745112,54.412404538518416,51.12817434097543,0.05222348916761687,0.05222348916761687,1723.0445996561182,2614.090211441178,1170.8351924083372,0.05701254275940707
COW00783,25,625.4,Ayrshire,Healthy,3.1,15.4,21.38,Mid,0,47.97284793217605,98.0,87.67966931927339,0.024624240486088904,0.024624240486088904,4701.339097353253,7687.724411937131,1350.26690751681,0.03997441637352095
COW00784,63,589.4,Brown Swiss,Ketosis,2.1,31.2,22.77,Mid,1,45.49478234444565,96.11624161480638,82.68296200334206,0.05293518832711232,0.05293518832711232,4372.787492031766,6836.472205646106,2579.7084145042722,0.10688836104513065
COW00785,75,500.4,Jersey,Ketosis,2.8,19.7,20.52,Mid,1,40.82060936703424,40.0,59.624731240441086,0.039368505195843326,0.039368505195843326,1632.8243746813696,3555.1085754948313,1174.6072054366894,0.1498800959232614
COW00786,15,423.4,Holstein,Healthy,4.1,14.0,18.77,Mid,0,29.081871750708814,95.0,53.61327556374042,0.03306565895134625,0.03306565895134625,2762.7778163173375,2874.383316673566,750.5858578923659,0.03542749173358527
COW00787,86,490.4,Jersey,Mastitis,3.1,30.2,22.11,Early,1,41.15650067614544,56.59674346290707,64.46850858824538,0.06158238172920066,0.06158238172920066,2329.323910598765,4156.188599592669,1946.9489593650105,0.17536704730831976
COW00788,70,545.6,Guernsey,Healthy,2.5,24.4,22.34,Late,0,23.00145880740857,95.0,42.972552912965,0.044721407624633426,0.044721407624633426,2185.1385867038143,1846.6403038575768,1048.530291076346,0.1282991202346041
COW00789,13,643.3,Guernsey,Healthy,2.3,27.2,17.67,Early,0,34.617022077486766,95.0,63.299788635601836,0.042281983522462305,0.042281983522462305,3288.617097361243,4006.863241311867,1721.7542508883698,0.020208300948235662
COW00790,22,467.1,Jersey,Healthy,2.3,16.7,18.49,Late,0,42.0,40.0,61.04,0.035752515521301646,0.035752515521301646,1680.0,3725.8815999999997,1019.3679999999999,0.047099122243630914
COW00791,61,543.2,Holstein,Healthy,4.0,21.3,22.56,Mid,0,43.45209473461692,76.94440530045495,73.51563730856932,0.0392120765832106,0.0392120765832106,3343.3955884141287,5404.54892888511,1565.8830746725266,0.11229749631811486
COW00792,90,604.0,Guernsey,Healthy,3.8,25.6,26.34,Early,0,49.0,58.0,75.668,0.0423841059602649,0.0423841059602649,2842.0,5725.646224000001,1937.1008000000002,0.1490066225165563
COW00793,101,359.5,Holstein,Healthy,3.6,18.5,18.61,Mid,0,43.97547292135976,81.79222105866815,75.77081452807292,0.05146036161335188,0.05146036161335188,3596.8516023433326,5741.216334247626,1401.760068769349,0.2809457579972184
COW00794,58,632.7,Holstein,Healthy,3.5,26.6,23.93,Mid,0,35.10983204927923,62.11852373651534,57.352507576747364,0.04204204204204204,0.04204204204204204,2180.970935538219,3289.3101253408636,1525.57670154148,0.09167061798640745
COW00795,43,455.4,Brown Swiss,Healthy,2.5,18.2,22.18,Mid,0,40.92195018714879,60.4076997640041,65.15886019033059,0.039964866051822576,0.039964866051822576,2472.0008806628152,4245.677061303048,1185.8912554640167,0.09442248572683355
COW00796,116,576.6,Brown Swiss,Bloat,3.5,17.8,20.98,Late,1,33.22957014561179,54.51338296529085,53.24829180068486,0.030870620881026708,0.030870620881026708,1811.456283119731,2835.3805796908828,947.8195940521906,0.20117932708983696
COW00797,61,569.7,Jersey,Healthy,2.2,14.2,24.73,Mid,0,45.305562721204,72.03832075652394,74.90829858167282,0.024925399332982268,0.024925399332982268,3263.7366593649076,5611.253196401047,1063.6978398597541,0.10707389854309285
COW00798,46,636.8,Jersey,Healthy,4.8,19.1,25.27,Early,0,22.635079490364856,88.6300401775159,41.806817853252625,0.02999371859296483,0.02999371859296483,2006.1480046523031,1747.8100190150424,798.5102209971252,0.07223618090452262
COW00799,59,594.1,Jersey,Healthy,2.2,18.4,25.56,Mid,0,29.308148300668933,86.7553789823886,52.780139198037006,0.030971216966840596,0.030971216966840596,2542.639513096582,2785.7430937641625,971.1545612438808,0.09930988049149975
COW00800,13,359.8,Jersey,Healthy,3.3,27.8,18.42,Mid,0,26.303403587577968,95.0,48.75095627826145,0.07726514730405781,0.07726514730405781,2498.823340819907,2376.6557380449594,1355.2765845356682,0.03613118399110617
COW00801,44,487.2,Holstein,Healthy,2.0,24.3,26.3,Late,0,48.265801248751096,69.00393408337422,78.38137616949561,0.049876847290640396,0.049876847290640396,3330.530167850062,6143.640130223975,1904.6674409187433,0.090311986863711
COW00802,67,561.1,Holstein,Healthy,4.4,17.2,20.31,Mid,0,22.978222500017417,85.57807963761464,42.12365608257061,0.03065407235786847,0.03065407235786847,1966.432155037319,1774.4024017626882,724.5268846202144,0.11940830511495276
COW00803,111,534.4,Jersey,Healthy,2.5,24.2,26.44,Late,0,30.731237850462193,95.0,56.49966623830884,0.045284431137724554,0.045284431137724554,2919.4675957939085,3192.2122850402957,1367.291922967074,0.20770958083832336
COW00804,91,588.2,Holstein,Healthy,4.8,18.1,24.12,Early,0,42.0,57.891958388689496,65.9781805152783,0.030771846310778648,0.030771846310778648,2431.4622523249586,4353.120304106648,1194.2050673265373,0.1547092825569534
COW00805,96,613.1,Jersey,Mastitis,2.1,21.7,25.78,Mid,1,37.6611930809233,46.66233775308733,57.38317094555685,0.03539389985320502,0.03539389985320502,1757.3593117262785,3292.828307767,1245.2148095185835,0.1565813081063448
COW00806,70,598.7,Brown Swiss,Healthy,4.5,30.0,21.53,Mid,0,26.66075172967942,95.0,49.37631552693898,0.05010856856522465,0.05010856856522465,2532.771414319545,2438.0205350158353,1481.2894658081696,0.11691999331885751
COW00807,23,532.9,Holstein,Healthy,4.0,26.9,22.08,Mid,0,35.99624948502775,40.0,53.8354993820333,0.05047851379245637,0.05047851379245637,1439.84997940111,2898.2609937129077,1448.1749333766957,0.04316006755488835
COW00808,54,402.3,Guernsey,Healthy,2.7,25.7,23.26,Early,0,28.43246690945757,77.34706405273914,49.99967469620363,0.06388267462092966,0.06388267462092966,2199.1678392232006,2499.9674697261853,1284.9916396924332,0.1342281879194631
COW00809,119,513.6,Guernsey,Healthy,2.6,19.1,17.88,Mid,0,25.5168778610043,63.96746300942396,43.92468702234421,0.037188473520249225,0.037188473520249225,1632.2499406897816,1929.3781300108938,838.9615221267744,0.23169781931464173
COW00810,16,583.3,Brown Swiss,Healthy,3.1,16.2,19.74,Mid,0,33.36733501018812,75.82746624381383,57.47631756035198,0.02777301560089148,0.02777301560089148,2530.160469131067,3303.5270802984255,931.116344477702,0.027430138865078006
COW00811,106,462.8,Guernsey,Healthy,4.5,27.6,15.06,Early,0,40.72213668730099,68.362747941528,66.97224530620483,0.059636992221261884,0.059636992221261884,2783.8771659944073,4485.281641354474,1848.4339704512533,0.22904062229904926
COW00812,85,600.5,Ayrshire,Healthy,4.6,24.2,21.95,Early,0,29.630842052024597,70.43503529646418,50.83252261691191,0.04029975020815987,0.04029975020815987,2087.049405798308,2583.9453555988607,1230.1470473292682,0.14154870940882597
COW00813,42,622.7,Holstein,Mastitis,2.5,25.2,19.91,Mid,1,27.723188232753493,94.81470080075559,51.2108916462095,0.04046892564637867,0.04046892564637867,2628.5657975315507,2622.5554231998094,1290.5144694844794,0.06744820941063112
COW00814,96,560.1,Holstein,Healthy,3.1,31.6,21.25,Early,0,41.627846738339315,55.72212540476327,64.87421229522563,0.05641849669701839,0.05641849669701839,2319.5920962840087,4208.663420926005,2050.02510852913,0.1713979646491698
COW00815,102,304.9,Jersey,Healthy,2.7,20.3,25.93,Mid,0,29.523958006299786,95.0,54.386926511024626,0.06657920629714661,0.06657920629714661,2804.77601059848,2957.937775315593,1104.0546081738,0.3345359134142342
COW00816,16,447.8,Guernsey,Mastitis,2.4,28.4,22.82,Late,1,27.723765307569444,80.30639253359509,49.278847514207236,0.06342117016525234,0.06342117016525234,2226.3955792989373,2428.404812328489,1399.5192694034854,0.03573023671281822
COW00817,23,700.9,Ayrshire,Healthy,3.9,24.1,18.39,Mid,0,27.918537276107415,76.63697897650962,49.09502839110799,0.034384362961906126,0.034384362961906126,2139.592354283944,2410.321812723699,1183.1901842257025,0.032814952204308745
COW00818,83,506.3,Ayrshire,Foot and Mouth,3.0,18.2,22.66,Mid,1,28.823268999287716,95.0,53.160720748753505,0.035947066956349985,0.035947066956349985,2738.2105549323333,2826.062230526951,967.5251176273138,0.16393442622950818
COW00819,119,391.3,Brown Swiss,Bloat,2.7,15.0,21.13,Mid,1,41.3517127226049,40.94305812603712,60.51622558406259,0.03833375926399182,0.03833375926399182,1693.0655776128012,3662.2135589411514,907.7433837609389,0.3041144901610018
COW00820,14,648.8,Brown Swiss,Ketosis,4.6,25.1,19.96,Early,1,43.844235705623774,82.23230145814033,75.68806123199295,0.03868680641183724,0.03868680641183724,3605.412407746614,5728.682613057914,1899.770336923023,0.02157829839704069
COW00821,83,551.1,Brown Swiss,Healthy,4.2,19.4,22.25,Mid,0,31.47152767680564,95.0,57.79517343440987,0.035202322627472325,0.035202322627472325,2989.795129296536,3340.282072313516,1121.2263646275514,0.15060787515877336
COW00822,26,638.4,Holstein,Healthy,4.3,26.5,22.09,Early,0,40.08562008169983,49.297583016678225,61.13088594848441,0.04151002506265664,0.04151002506265664,1976.124183752621,3736.985216846609,1619.968477634837,0.04072681704260652
COW00823,82,572.2,Brown Swiss,Healthy,2.1,26.6,18.7,Early,0,21.355472443212157,83.61542607697925,39.30022587362845,0.04648724222299895,0.04648724222299895,1785.6469274143735,1544.5077537182149,1045.3860082385168,0.14330653617616218
COW00824,79,586.7,Brown Swiss,Healthy,4.7,22.2,19.66,Early,0,39.13171643453404,98.0,71.9424552534706,0.03783875916141128,0.03783875916141128,3834.9082105843363,5175.7168678976195,1597.1225066270472,0.1346514402590762
COW00825,21,579.0,Jersey,Healthy,3.7,23.7,20.84,Mid,0,33.62076779493998,75.40555435496742,57.79014074300753,0.04093264248704663,0.04093264248704663,2535.192633417085,3339.7003670966187,1369.6263356092784,0.03626943005181347
COW00826,85,605.8,Guernsey,Healthy,3.5,25.3,22.71,Early,0,33.7293207691954,98.0,62.326190969167804,0.04176295807197095,0.04176295807197095,3305.473435381149,3884.5540807251746,1576.8526315199456,0.14031033344338067
COW00827,108,732.2,Ayrshire,Healthy,2.0,22.4,21.82,Early,0,47.59301835604793,68.95470793227747,77.36256354615844,0.03059273422562141,0.03059273422562141,3281.7626803568055,5984.966238433403,1732.921423433949,0.14750068287353182
COW00828,105,627.7,Jersey,Healthy,4.7,29.8,20.43,Late,0,25.788255700552597,80.83774684800176,46.236613874057916,0.047474908395730445,0.047474908395730445,2084.664485972809,2137.824462538725,1377.851093446926,0.16727736179703678
COW00829,15,423.6,Ayrshire,Healthy,3.6,15.4,17.95,Early,0,49.0,61.70392344569773,76.94955751221141,0.03635505193578848,0.03635505193578848,3023.492248839189,5921.234401325132,1185.0231856880557,0.03541076487252125
COW00830,38,585.7,Holstein,Healthy,4.5,31.6,23.56,Mid,0,40.04659635279026,98.0,73.57094150796667,0.053952535427693356,0.053952535427693356,3924.5664425734453,5412.683434368652,2324.8417516517466,0.06487963121051732
COW00831,38,641.3,Ayrshire,Bloat,4.0,14.6,21.82,Mid,1,48.43980838351389,98.0,88.51085892265473,0.02276625604241385,0.02276625604241385,4747.101221584361,7834.172147226089,1292.258540270759,0.0592546390145018
COW00832,60,646.2,Guernsey,Healthy,4.4,17.7,26.81,Mid,0,41.265911323645206,50.34847848792082,62.93930664228555,0.027390900649953573,0.027390900649953573,2077.675848562999,3961.35632061165,1114.0257275684542,0.09285051067780872
COW00833,27,515.9,Jersey,Healthy,4.1,26.7,18.25,Early,0,24.271797340011467,95.0,45.19564534502007,0.05175421593332041,0.05175421593332041,2305.8207473010893,2042.6463581528342,1206.7237307120358,0.05233572397751503
COW00834,104,643.2,Guernsey,Bloat,4.8,15.5,23.11,Early,1,28.863343713068748,95.0,53.230851497870304,0.02409825870646766,0.02409825870646766,2742.017652741531,2833.523551188321,825.0781982169897,0.1616915422885572
COW00835,95,624.2,Jersey,Healthy,2.7,18.7,21.69,Late,0,36.57308023353488,95.0,66.72289040868606,0.029958346683755202,0.029958346683755202,3474.442622185814,4451.944104489529,1247.7180506424293,0.15219480935597562
COW00836,99,755.8,Guernsey,Healthy,2.6,16.8,25.56,Mid,0,29.666389106704564,95.0,54.636180936732984,0.02222810267266473,0.02222810267266473,2818.3069651369337,2985.1122673514246,917.8878397371142,0.1309870336067743
COW00837,33,490.0,Holstein,Mastitis,4.1,27.0,18.02,Early,1,49.7583537255699,98.0,90.85786963151443,0.05510204081632653,0.05510204081632653,4876.3186651058495,8255.152473977272,2453.16248005089,0.0673469387755102
COW00838,13,509.4,Jersey,Healthy,3.5,24.4,23.89,Mid,0,32.41445570861705,69.23988876555867,54.80475366126092,0.04789948959560267,0.04789948959560267,2244.3733076607728,3003.561023871492,1337.2359893347664,0.02552021986650962
COW00839,110,525.5,Jersey,Healthy,3.8,15.2,16.83,Mid,0,31.4728879144426,69.69150133720095,53.47666224074667,0.028924833491912463,0.028924833491912463,2193.392810174952,2859.7534044109007,812.8452660593493,0.2093244529019981
COW00840,43,510.8,Holstein,Foot and Mouth,4.1,22.3,24.93,Early,1,33.683588177514196,64.19402391024157,55.72578174743734,0.04365700861393892,0.04365700861393892,2162.2850648500767,3105.3627513630204,1242.6849329678528,0.08418167580266249
COW00841,82,478.8,Jersey,Mastitis,3.6,17.8,21.17,Mid,1,24.11993312487149,81.57984244514768,43.625452628941076,0.03717627401837928,0.03717627401837928,1967.7003441145146,1903.1801170799818,776.5330567951512,0.17126148705096073
COW00842,110,329.0,Guernsey,Foot and Mouth,4.4,31.4,20.08,Mid,1,27.021949795225144,76.78293798883902,47.70906372043023,0.09544072948328267,0.09544072948328267,2074.8246954642937,2276.154761080072,1498.0646008215092,0.3343465045592705
COW00843,15,515.2,Guernsey,Ketosis,3.0,15.9,22.61,Mid,1,48.38395763401951,75.85409096149644,80.88538824324118,0.030861801242236024,0.030861801242236024,3670.121123448106,6542.4460312598585,1286.0776730675348,0.029114906832298133
COW00844,12,579.5,Brown Swiss,Healthy,4.6,24.8,21.99,Late,0,45.59801289118206,72.67162401128114,75.55051294021649,0.04279551337359793,0.04279551337359793,3313.681648489533,5707.88000552982,1873.6527209173692,0.02070750647109577
COW00845,12,510.5,Holstein,Mastitis,2.3,22.7,17.19,Mid,1,31.084371732692933,92.15287526721208,56.642625658100854,0.04446620959843291,0.04446620959843291,2864.514231042505,3208.387041443745,1285.7876024388893,0.023506366307541625
COW00846,28,704.8,Jersey,Healthy,3.9,24.4,23.81,Late,0,39.16172313964632,81.3582032144815,67.87507154307781,0.034619750283768444,0.034619750283768444,3186.127429424608,4607.025336977931,1656.1517456510985,0.03972758229284904
COW00847,17,551.1,Ayrshire,Mastitis,4.7,31.2,24.5,Mid,1,29.479891791332086,95.0,54.30981063483115,0.05661404463799673,0.05661404463799673,2800.5897201765483,2949.555531191219,1694.4660918067318,0.030847396116857193
COW00848,100,653.3,Jersey,Mastitis,2.8,20.1,20.62,Mid,1,34.35508480203264,49.56310464972222,53.77442740499837,0.030766875861013322,0.030766875861013322,1702.7446632932254,2891.6890427354397,1080.8659908404672,0.15306903413439463
COW00849,77,570.9,Holstein,Mastitis,3.0,27.5,27.34,Mid,1,32.78035699770276,83.83855209267256,58.03411077450043,0.04816955684007707,0.04816955684007707,2748.2576677683064,3367.9580133869863,1595.9380462987617,0.1348747591522158
COW00850,117,616.1,Brown Swiss,Bloat,2.9,22.1,22.87,Mid,1,42.0,56.901910643908835,65.70492733771883,0.035870800194773574,0.035870800194773574,2389.880247044171,4317.137476454911,1452.0788941635863,0.18990423632527187
COW00851,98,572.3,Holstein,Healthy,3.7,25.9,20.82,Early,0,42.0,44.40081686524158,62.25462545480668,0.04525598462344924,0.04525598462344924,1864.8343083401464,3875.638390518264,1612.3947992794929,0.17123886073737551
COW00852,116,659.5,Jersey,Mastitis,3.2,20.6,20.23,Late,1,26.18766217895591,95.0,48.54840881317284,0.031235784685367706,0.031235784685367706,2487.8279070008116,2356.9479982909584,1000.0972215513606,0.17589082638362397
COW00853,37,554.5,Ayrshire,Healthy,2.3,18.1,20.37,Late,0,31.573629127873716,86.4125065286407,56.49906669362739,0.03264201983769162,0.03264201983769162,2728.3564331452676,3192.144537250956,1022.6331071546558,0.06672678088367899
COW00854,43,589.7,Jersey,Healthy,4.7,15.5,16.7,Early,0,41.823851444888206,42.2435013137905,61.443876201323874,0.026284551466847546,0.026284551466847546,1766.7859234599136,3775.3499226436143,952.38008112052,0.07291843310157707
COW00855,103,579.3,Guernsey,Mastitis,2.6,15.8,20.85,Mid,1,38.580669479024586,54.62274984647246,60.47268218394959,0.027274296564819615,0.027274296564819615,2107.382257862195,3656.9452905209737,955.4683785064035,0.17780079406179874
COW00856,38,526.9,Brown Swiss,Mastitis,3.6,31.3,19.98,Mid,1,18.979416175021477,85.6448799431887,35.50556842521328,0.05940406149174417,0.05940406149174417,1625.489819701528,1260.6453891975025,1111.324291709176,0.07211994685898653
COW00857,18,582.4,Jersey,Healthy,3.8,28.2,17.58,Late,0,22.29578870221922,87.19036934949933,41.120998294296356,0.04842032967032967,0.04842032967032967,1943.9780518848881,1690.9365007195238,1159.6121518991572,0.030906593406593408
COW00858,84,728.8,Guernsey,Healthy,2.1,18.4,25.81,Mid,0,49.0,68.09237446419468,79.15996156461136,0.025246981339187704,0.025246981339187704,3336.526348745539,6266.299514910748,1456.543292788849,0.11525795828759605
COW00859,98,528.4,Brown Swiss,Healthy,2.3,23.5,20.83,Early,0,35.92291727418687,89.98228398606041,64.50514636309319,0.04447388342165027,0.04447388342165027,3232.426143773638,4160.913907324075,1515.87093953269,0.1854655563966692
COW00860,116,583.6,Jersey,Healthy,4.9,26.9,19.97,Mid,0,29.58123001631481,95.0,54.487152528550915,0.04609321453050034,0.04609321453050034,2810.216851549907,2968.8497906695725,1465.7044030180195,0.1987662782727896
COW00861,112,650.6,Jersey,Healthy,4.0,20.3,21.68,Early,0,25.0,95.0,46.47,0.031201967414694127,0.031201967414694127,2375.0,2159.4609,943.341,0.17214878573624345
COW00862,24,641.2,Ayrshire,Bloat,2.1,21.9,22.21,Mid,1,20.117071368734315,95.0,37.92487489528505,0.03415470991890206,0.03415470991890206,1911.12178002976,1438.2961358230223,830.5547602067426,0.037429819089207735
COW00863,95,550.9,Holstein,Healthy,4.4,26.9,21.88,Mid,0,21.62685707673702,74.76794954871296,39.10485851448195,0.04882918860047195,0.04882918860047195,1616.9957588106995,1529.1899594376512,1051.9206940395643,0.1724450898529679
COW00864,103,359.3,Ayrshire,Ketosis,3.5,18.1,17.49,Mid,1,41.632437507136146,74.36470119052612,69.95727078478747,0.050375730587253,0.050375730587253,3095.9837750514316,4894.019735656078,1266.2266012046532,0.2866685221263568
COW00865,87,591.3,Brown Swiss,Healthy,2.2,23.5,22.59,Early,0,34.58960689913013,88.58979382585478,61.95761664549404,0.039742939286318286,0.039742939286318286,3064.2861437113024,3838.7462603900003,1456.00399116911,0.1471334348046677
COW00866,100,372.4,Ayrshire,Mastitis,4.0,17.8,19.34,Mid,1,22.974829664437987,93.07063595400504,42.760512232215504,0.04779806659505908,0.04779806659505908,2138.2820078041836,1828.4614063614517,761.137117733436,0.26852846401718583
COW00867,102,667.6,Jersey,Healthy,3.5,14.1,20.12,Mid,0,19.932111618585637,85.63977555175856,37.08337726829801,0.021120431396045535,0.021120431396045535,1706.981565288273,1375.1768696229215,522.8756194830019,0.15278609946075494
COW00868,60,563.6,Brown Swiss,Mastitis,2.6,26.4,21.04,Mid,1,42.29427967257317,78.88731041986954,72.2404707327479,0.04684173172462739,0.04684173172462739,3336.4819695150577,5218.685611689005,1907.1484273445444,0.10645848119233499
COW00869,16,630.0,Guernsey,Healthy,4.6,26.7,22.16,Early,0,47.89772028557993,63.65784904797591,76.04210444237162,0.04238095238095238,0.04238095238095238,3049.0658476816207,5782.401648024555,2030.3241886113224,0.025396825396825397
COW00870,61,477.8,Jersey,Mastitis,2.9,31.9,22.18,Early,1,21.312069323032507,93.15169321993324,39.88836506936636,0.0667643365424864,0.0667643365424864,1985.2553434610743,1591.0816679070463,1272.4388457127868,0.12766848053578903
COW00871,33,425.8,Jersey,Bloat,2.9,17.3,18.63,Late,1,42.71347196593942,86.3386751536187,75.01625415813487,0.04062940347581024,0.04062940347581024,3687.8245807504422,5627.438387917888,1297.7811969357333,0.07750117426021606
COW00872,24,570.9,Brown Swiss,Healthy,2.8,27.3,22.17,Mid,0,21.918777063780723,67.64898976351954,39.02139837724346,0.04781923279033106,0.04781923279033106,1482.783125216569,1522.6695313155383,1065.2841756987464,0.04203888596952181
COW00873,25,547.3,Guernsey,Healthy,4.3,31.1,17.81,Mid,0,36.237870982592725,58.7061238813873,58.210464378172595,0.056824410743650654,0.056824410743650654,2127.3849431018184,3388.4581631225005,1810.3454421611677,0.045678786771423355
COW00874,87,510.7,Jersey,Healthy,4.1,25.6,18.93,Mid,0,28.07742676603522,95.0,51.855496840561635,0.050127276287448605,0.050127276287448605,2667.355542773346,2688.992552581498,1327.500719118378,0.1703544155081261
COW00875,66,556.8,Guernsey,Mastitis,4.7,31.3,21.16,Late,1,23.893040590933108,86.44798877812458,43.72097513749915,0.05621408045977012,0.05621408045977012,2065.5053048802606,1911.523666973819,1368.4665218037235,0.1185344827586207
COW00876,70,771.4,Guernsey,Healthy,2.7,31.9,28.15,Mid,0,46.04935189069606,69.63442475457958,75.2783256401957,0.041353383458646614,0.041353383458646614,3206.620129229832,5666.826311191346,2401.378587922243,0.09074410163339383
COW00877,92,616.8,Holstein,Healthy,4.4,28.4,22.94,Early,0,48.799672482144736,67.64039068041906,78.7078108454231,0.046044098573281456,0.046044098573281456,3300.828911768765,6194.919488078902,2235.301828010016,0.14915693904020752
COW00878,71,634.0,Ayrshire,Healthy,3.7,32.0,22.08,Early,0,30.46725306274195,95.0,56.03769285979841,0.050473186119873815,0.050473186119873815,2894.389040960485,3140.223021049102,1793.2061715135492,0.11198738170347003
COW00879,80,617.5,Holstein,Healthy,2.9,25.3,26.47,Early,0,24.357768758434254,78.51807588335927,43.70486343678425,0.04097165991902834,0.04097165991902834,1912.5251357240586,1910.1150880279608,1105.7330449506417,0.12955465587044535
COW00880,21,668.4,Guernsey,Mastitis,2.1,22.9,20.76,Late,1,43.29961494964888,67.16344638106992,70.44966935076218,0.03426092160383004,0.03426092160383004,2908.151366991716,4963.15591163172,1613.297428132454,0.03141831238779174
COW00881,103,534.8,Brown Swiss,Mastitis,4.5,30.5,26.94,Mid,1,49.20111141148684,98.0,89.86597831244657,0.05703066566940913,0.05703066566940913,4821.70891832571,8075.894058053118,2740.9123385296202,0.19259536275243083
COW00882,60,385.6,Guernsey,Mastitis,2.7,29.0,18.35,Mid,1,24.738541964089148,76.45397452996693,44.09505981126598,0.07520746887966805,0.07520746887966805,1891.3598572309897,1944.3742997591244,1278.7567345267134,0.15560165975103735
COW00883,28,534.9,Guernsey,Mastitis,3.9,16.0,17.74,Mid,1,40.19236192951435,77.81674477030437,68.62466599653482,0.029912133108992336,0.029912133108992336,3127.638769984716,4709.344783135962,1097.994655944557,0.052346232940736585
COW00884,99,614.9,Guernsey,Bloat,3.6,19.4,21.98,Late,1,41.95097549231586,46.390121580634776,62.741711421388906,0.031549845503333875,0.031549845503333875,1946.1108535147628,3936.522352084843,1217.1892015749447,0.16100178890876565
COW00885,91,472.4,Guernsey,Healthy,2.0,18.7,20.19,Late,0,42.0,52.96478537813396,64.61828076436498,0.03958509737510584,0.03958509737510584,2224.5209858816265,4175.522208942301,1208.3618502936251,0.1926333615580017
COW00886,17,535.9,Ayrshire,Ketosis,5.0,29.4,17.63,Mid,1,50.96624934679075,75.2205770625396,84.67834324621572,0.05486098152640418,0.05486098152640418,3833.710686578882,7170.421814923927,2489.543291438742,0.03172233625676432
COW00887,32,494.7,Guernsey,Healthy,4.4,18.2,26.49,Early,0,42.0,50.58561863307746,63.961630742729376,0.03678997372144734,0.03678997372144734,2124.5959825892533,4091.090207269264,1164.1016795176747,0.06468566808166566
COW00888,13,670.2,Ayrshire,Healthy,3.5,19.5,21.79,Early,0,42.0,42.681824231334446,61.78018348784831,0.029095792300805726,0.029095792300805726,1792.6366177160467,3816.791071792205,1204.713578013042,0.01939719486720382
COW00889,41,610.0,Brown Swiss,Mastitis,4.0,23.3,22.92,Mid,1,28.108826798072684,95.0,51.9104468966272,0.03819672131147541,0.03819672131147541,2670.338545816905,2694.6944970075524,1209.5134126914138,0.06721311475409836
COW00890,22,602.1,Jersey,Healthy,3.4,15.4,19.59,Mid,0,52.0,80.24091629569354,88.17058452718078,0.02557714665337984,0.02557714665337984,4172.527647376064,7774.051975864731,1357.827001718584,0.03653878093339977
COW00891,88,599.7,Jersey,Healthy,4.2,31.3,20.92,Mid,0,27.19311446059789,75.28985532931377,47.786408937975985,0.05219276304819076,0.05219276304819076,2047.3656536918852,2283.540879187471,1495.7145997586483,0.14674003668500915
COW00892,68,547.0,Guernsey,Healthy,2.4,22.8,24.26,Mid,0,41.22379089859188,52.550480654764634,63.475063765912545,0.041681901279707494,0.041681901279707494,2166.330026132515,4029.0837200866636,1447.2314538628061,0.12431444241316271
COW00893,117,565.8,Brown Swiss,Healthy,3.3,17.4,17.12,Mid,0,40.05161265226925,42.813777033244314,59.423714368189444,0.030752916224814422,0.030752916224814422,1714.7608139161225,3531.1778293121647,1033.9726300064963,0.20678685047720044
COW00894,92,455.2,Holstein,Bloat,3.0,18.9,17.73,Mid,1,21.095648137029023,74.14858819190573,38.24124707352787,0.04152021089630931,0.04152021089630931,1564.2125263539083,1462.392977738604,722.7595696896767,0.20210896309314588
COW00895,78,375.1,Jersey,Healthy,3.4,28.4,19.08,Early,0,24.564166680280962,80.05957342941078,44.18872183111201,0.07571314316182351,0.07571314316182351,1966.5967060722392,1952.6431370673954,1254.959700003581,0.2079445481205012
COW00896,67,562.0,Ayrshire,Healthy,3.4,25.4,25.24,Late,0,45.45627526962496,58.0,70.77765987208244,0.045195729537366544,0.045195729537366544,2636.463965638248,5009.4771369681885,1797.7525607508937,0.11921708185053381
COW00897,17,575.9,Guernsey,Healthy,2.4,22.4,19.19,Mid,0,38.61184111535183,45.06973262696691,58.201684947036576,0.03889564160444522,0.03889564160444522,1740.2253553038347,3387.436130674104,1303.7177428136192,0.029519013717659318
COW00898,19,646.7,Guernsey,Healthy,4.9,20.0,22.14,Early,0,42.0,48.50151306619987,63.386417606271166,0.03092624091541673,0.03092624091541673,2037.0635487803945,4017.8379369566032,1267.7283521254233,0.029379928869645893
COW00899,78,675.7,Holstein,Healthy,2.0,30.2,23.38,Mid,0,29.17756090045525,76.05555757531505,50.98120505923719,0.044694391001923926,0.044694391001923926,2219.1156629718357,2599.0832692919917,1539.6323927889632,0.11543584430960485
COW00900,12,675.6,Holstein,Healthy,2.0,27.9,24.24,Mid,0,38.00484138519597,74.33324367004474,64.35011737294207,0.04129662522202486,0.04129662522202486,2825.0231353271724,4140.93760591142,1795.3682747050836,0.017761989342806393
COW00901,16,470.2,Jersey,Healthy,3.1,26.9,14.83,Mid,0,42.0,47.93647016374797,63.23046576519444,0.0572096980008507,0.0572096980008507,2013.3317468774148,3998.091800883426,1700.8995290837304,0.034028073160357296
COW00902,35,521.8,Ayrshire,Healthy,3.9,22.0,22.29,Early,0,35.069808801089,61.42555765790936,57.15239236376375,0.04216174779609046,0.04216174779609046,2154.1825625631495,3266.395952901601,1257.3526320028025,0.06707550785741664
COW00903,107,588.4,Brown Swiss,Healthy,2.5,31.7,21.4,Mid,0,34.187603738869534,67.03236532792525,57.01418181897685,0.05387491502379334,0.05387491502379334,2291.675943510246,3250.6169284873504,1807.3495636615662,0.18184908225696805
COW00904,61,752.6,Guernsey,Healthy,3.6,26.8,26.36,Mid,0,28.05614929772444,69.94188759931924,48.3962880303892,0.035609885729471165,0.035609885729471165,1962.3000406511621,2342.200695120393,1297.0205192144306,0.08105235184693063
COW00905,88,668.4,Brown Swiss,Mastitis,4.2,21.6,21.14,Early,1,35.40721465142145,98.0,65.31284207953018,0.03231597845601437,0.03231597845601437,3469.907035839302,4265.7673405056485,1410.757388917852,0.13165769000598446
COW00906,56,639.6,Brown Swiss,Healthy,2.3,31.3,22.65,Mid,0,37.996118258864094,84.25790160202986,66.6784887115436,0.04893683552220138,0.04893683552220138,3201.473193514461,4446.020856855446,2087.0366966713145,0.08755472170106317
COW00907,30,519.0,Guernsey,Healthy,5.0,30.1,19.92,Mid,0,40.9720850206577,82.0481868878579,70.97958199427589,0.0579961464354528,0.0579961464354528,3361.685288960126,5038.101060082134,2136.4854180277043,0.057803468208092484
COW00908,52,479.3,Ayrshire,Ketosis,3.0,27.3,18.05,Mid,1,41.73495244356931,40.76024559825498,60.929755705020504,0.05695806384310453,0.05695806384310453,1701.1269116313772,3712.4351302734785,1663.3823307470598,0.10849155017734195
COW00909,21,613.1,Brown Swiss,Healthy,3.9,27.8,17.62,Mid,0,42.0,50.821806640899915,64.02681863288838,0.04534333713912902,0.04534333713912902,2134.5158789177963,4099.433504248783,1779.945557994297,0.034252161148262926
COW00910,95,461.9,Brown Swiss,Healthy,2.3,21.6,19.18,Mid,0,25.998074153861687,89.04689115818596,47.526183791324264,0.046763368694522627,0.046763368694522627,2315.047679501369,2258.7381457667334,1026.5655698926041,0.20567222342498379
COW00911,31,530.9,Ayrshire,Foot and Mouth,4.1,23.1,20.7,Mid,1,30.903772990553314,95.0,56.8016027334683,0.04351101902429837,0.04351101902429837,2935.858434102565,3226.4220730907537,1312.1170231431179,0.05839141081182897
COW00912,52,540.8,Jersey,Healthy,4.5,17.4,19.41,Late,0,39.0,98.0,71.708,0.03217455621301775,0.03217455621301775,3822.0,5142.037264,1247.7191999999998,0.09615384615384616
COW00913,117,677.4,Ayrshire,Mastitis,2.3,24.7,21.82,Mid,1,29.8725340496925,67.83470100847173,50.79377445079689,0.036462946560377914,0.036462946560377914,2026.394415626282,2580.0075229584268,1254.606228934683,0.17271922054915856
COW00914,75,521.6,Brown Swiss,Mastitis,2.4,20.7,16.73,Late,1,38.22439021823227,53.96067908668918,59.8353149246067,0.03968558282208589,0.03968558282208589,2062.614053850413,3580.264912126861,1238.5910189393587,0.1437883435582822
COW00915,61,354.9,Ayrshire,Ketosis,2.8,20.3,18.35,Mid,1,30.655851801729636,55.525701619376434,49.95085720850013,0.0571992110453649,0.0571992110453649,1702.1876800306632,2495.0881358639695,1014.0024013325527,0.17187940264863344
COW00916,70,590.4,Brown Swiss,Ketosis,2.0,31.1,24.79,Mid,1,33.47732534597691,65.54010445218033,55.685159235217064,0.05267615176151762,0.05267615176151762,2194.107399954951,3100.8369590514803,1731.8084522152508,0.11856368563685638
COW00917,96,494.1,Guernsey,Healthy,5.0,17.0,22.76,Mid,0,41.198626273805104,58.126296296232304,64.935949930276,0.0344059906901437,0.0344059906901437,2394.7235577889364,4216.677593347311,1103.9111488146918,0.19429265330904674
COW00918,39,553.4,Jersey,Mastitis,3.8,28.9,20.78,Mid,1,39.147677459645344,58.09980584837638,62.09649452375262,0.05222262378026744,0.05222262378026744,2274.4724598202547,3855.9746321384387,1794.5886917364505,0.070473436935309
COW00919,80,543.1,Guernsey,Healthy,3.8,19.1,22.33,Late,0,30.614712456667313,92.57307399764274,55.90222772634948,0.03516847726017308,0.03516847726017308,2834.098041667618,3125.0590647686367,1067.732549573275,0.14730252255569876
COW00920,106,528.1,Jersey,Healthy,4.9,14.5,19.13,Mid,0,36.33592852049743,47.153190685754105,55.81223302035882,0.027456921037682255,0.027456921037682255,1713.3549662709465,3115.0053547188313,809.2773787952028,0.2007195606892634
COW00921,73,613.2,Guernsey,Healthy,4.5,14.7,26.59,Mid,0,36.572618604198325,98.0,67.38726111547302,0.023972602739726026,0.023972602739726026,3584.116623211436,4541.0429606449425,990.5927383974534,0.11904761904761904
COW00922,60,427.4,Guernsey,Healthy,4.4,21.7,25.3,Late,0,18.35241009989769,82.29861326269072,34.334706782588476,0.05077211043518952,0.05077211043518952,1510.3779012497791,1178.872089846327,745.06313718217,0.14038371548900327
COW00923,27,508.6,Brown Swiss,Healthy,3.0,22.2,20.31,Late,0,24.911569542101148,67.24489629301387,43.39774967103487,0.04364923318914667,0.04364923318914667,1675.1759103547947,1883.3646765098074,963.4300426969742,0.05308690523004325
COW00924,38,604.7,Brown Swiss,Healthy,3.0,19.8,28.05,Late,0,52.0,98.0,94.84800000000001,0.03274350917810485,0.03274350917810485,5096.0,8996.143104000002,1877.9904000000004,0.06284107822060525
COW00925,114,500.9,Jersey,Healthy,2.9,26.0,18.93,Early,0,47.773221208339095,76.94161948168363,80.29647383757208,0.0519065681772809,0.0519065681772809,3675.749007626325,6447.523710747898,2087.7083197768743,0.22759033739269316
COW00926,70,421.3,Guernsey,Healthy,3.0,22.7,17.08,Early,0,41.51450321465571,51.771394683382596,63.64915904742244,0.053880845003560406,0.053880845003560406,2149.2637310104965,4051.2154474440777,1444.8359103764892,0.16615238547353428
COW00927,44,603.5,Brown Swiss,Bloat,3.1,15.3,20.02,Mid,1,18.896360364501028,85.074814036349,35.34235851010418,0.02535211267605634,0.02535211267605634,1607.604343973761,1249.082305056733,540.738085204594,0.07290803645401822
COW00928,57,639.8,Brown Swiss,Healthy,2.4,20.3,22.06,Mid,0,34.88985807343515,88.83710829479644,62.5144838648958,0.03172866520787747,0.03172866520787747,3099.514100059836,3908.0606928943175,1269.044022457385,0.08909034073147859
COW00929,74,546.4,Holstein,Mastitis,3.1,15.8,27.52,Early,1,18.0,95.0,34.22,0.028916544655929723,0.028916544655929723,1710.0,1171.0084,540.676,0.1354319180087848
COW00930,70,393.1,Holstein,Foot and Mouth,3.3,15.1,19.16,Mid,1,52.0,89.87165669687732,91.79174291802588,0.03841261765454083,0.03841261765454083,4673.326148237621,8425.724067928953,1386.0553180621907,0.17807173747138133
COW00931,87,606.5,Holstein,Mastitis,2.9,17.7,20.3,Mid,1,33.86715524153822,49.84673008335023,53.1974645213869,0.0291838417147568,0.0291838417147568,1688.1669460158757,2829.9702315042177,941.5951220285481,0.1434460016488046
COW00932,39,417.2,Ayrshire,Healthy,2.5,26.6,17.12,Early,0,34.00097517747014,58.00463381448721,54.970254017736195,0.06375838926174497,0.06375838926174497,1972.2141145046246,3021.7288267744425,1462.208756871783,0.0934803451581975
COW00933,82,574.7,Ayrshire,Foot and Mouth,3.1,26.5,24.94,Mid,1,28.673487582330768,95.0,52.89860326907884,0.04611101444231773,0.04611101444231773,2723.981320321423,2798.2622278193985,1401.8129866305892,0.14268313902905863
COW00934,59,479.0,Holstein,Mastitis,3.4,29.5,23.22,Early,1,25.499043179139978,90.16462554407948,46.80664526475924,0.061586638830897704,0.061586638830897704,2299.1116799794704,2190.8620409410087,1380.7960353103977,0.12317327766179541
COW00935,113,457.2,Holstein,Mastitis,4.2,27.6,18.93,Late,1,42.0,40.0,61.04,0.060367454068241476,0.060367454068241476,1680.0,3725.8815999999997,1684.704,0.24715660542432197
COW00936,29,514.6,Guernsey,Bloat,4.1,23.6,15.39,Mid,1,29.01010423235672,81.92310921145811,51.577135032066835,0.04586086280606296,0.04586086280606296,2376.5979372631427,2660.2008581160558,1217.2203867567773,0.05635445005829771
COW00937,28,535.3,Brown Swiss,Healthy,2.6,19.6,17.45,Mid,0,45.678074028741186,69.74758994560409,74.75816203944186,0.03661498225294228,0.03661498225294228,3185.9355768615883,5588.782791515446,1465.2599759730606,0.052307117504203256
COW00938,61,498.5,Jersey,Healthy,2.1,14.1,25.3,Mid,0,28.5617370225194,95.0,52.70303978940895,0.02828485456369107,0.02828485456369107,2713.365017139343,2777.610403044023,743.1128610306662,0.12236710130391174
COW00939,66,597.1,Guernsey,Bloat,2.9,25.6,23.99,Early,1,36.09936643505234,53.31770214082523,56.849096710329285,0.04287389047060794,0.04287389047060794,1924.7352670566247,3231.8197967803717,1455.3368757844298,0.11053424886953608
COW00940,86,514.3,Jersey,Healthy,2.5,19.2,21.52,Mid,0,38.319233891656715,44.774543679220955,57.765114939880235,0.037332296325102085,0.037332296325102085,1715.7262116362676,3336.8085040175747,1109.0902068457005,0.16721757728951975
COW00941,55,628.4,Holstein,Foot and Mouth,3.2,18.5,27.1,Late,1,18.48817896815154,78.30620698834015,34.391841059375764,0.029439847231063018,0.029439847231063018,1447.7391691175517,1182.7987314533648,636.2490595984516,0.08752387014640357
COW00942,110,572.5,Jersey,Healthy,4.9,31.5,26.52,Mid,0,42.0,52.18234234403354,64.40232648695326,0.05502183406113537,0.05502183406113537,2191.6583784494087,4147.659656932121,2028.6732843390275,0.19213973799126638
COW00943,63,494.2,Ayrshire,Healthy,2.5,17.1,20.9,Early,0,33.41153475884862,50.87611661729895,52.80155840172905,0.03460137596114934,0.03460137596114934,1699.8491387541196,2788.0045696512034,902.9066486695667,0.1274787535410765
COW00944,25,480.7,Guernsey,Healthy,3.0,14.6,19.41,Mid,0,42.50512463819072,75.76459746483667,71.69783425966841,0.03037237362180154,0.03037237362180154,3220.3836584052315,5140.5794375268815,1046.7883801911587,0.052007489078427296
COW00945,24,418.2,Holstein,Healthy,4.2,31.1,17.2,Early,0,38.089740301348954,45.516043461285086,57.65442473250672,0.07436633189861311,0.07436633189861311,1733.694274985261,3324.0326912362825,1793.052609180959,0.05738880918220947
COW00946,117,573.3,Brown Swiss,Ketosis,3.5,19.5,20.68,Mid,1,21.624325392754937,89.54457849908958,40.168452036549056,0.034013605442176874,0.034013605442176874,1936.3411026214005,1613.504539012542,783.2848147127066,0.20408163265306123
COW00947,26,521.6,Ayrshire,Healthy,2.1,21.1,16.29,Mid,0,28.05010939500508,92.95272796594648,51.52823656899724,0.040452453987730064,0.040452453987730064,2607.334188008947,2655.159163910544,1087.2457916058418,0.04984662576687116
COW00948,114,360.2,Ayrshire,Mastitis,2.5,15.5,15.22,Mid,1,34.762734476477696,95.0,63.55478533383597,0.04303164908384231,0.04303164908384231,3302.4597752653813,4039.210738829972,985.0991726744576,0.3164908384230983
COW00949,42,507.1,Guernsey,Healthy,4.8,21.3,16.26,Early,0,41.31446251976997,53.646128689017736,63.89013721512922,0.042003549595740486,0.042003549595740486,2216.36097305318,4081.94963336804,1360.8599226822525,0.08282390061131926
COW00950,22,477.9,Holstein,Ketosis,2.3,31.5,21.96,Early,1,32.82697538138246,69.46776925093059,55.46238904297052,0.06591337099811677,0.06591337099811677,2280.416750999856,3076.0765983538167,1747.0652548535713,0.04603473530027202
COW00951,44,676.1,Jersey,Healthy,3.9,26.5,18.76,Early,0,39.73251846549435,44.15271229648503,59.37100876791914,0.039195385298032834,0.039195385298032834,1754.2984566217508,3524.9166821203316,1573.3317323498572,0.06507913030616773
COW00952,78,413.8,Jersey,Healthy,4.4,22.5,25.04,Mid,0,52.0,89.4861935236982,91.64680876491053,0.054374093765103916,0.054374093765103916,4653.282063232306,8399.137556792082,2062.053197210487,0.18849685838569358
COW00953,58,434.7,Holstein,Healthy,2.8,19.5,18.35,Mid,0,37.42079473839446,48.076715489870544,57.40427778060056,0.04485852311939269,0.04485852311939269,1799.0689020426353,3295.251107512351,1119.383416721711,0.13342535081665516
COW00954,96,638.8,Holstein,Healthy,4.2,20.6,27.08,Mid,0,32.98463858278468,87.41320375952674,59.03313885856895,0.03224796493425173,0.03224796493425173,2883.2929333713046,3484.911483495083,1216.0826604865204,0.15028177833437698
COW00955,77,658.5,Jersey,Ketosis,2.5,25.0,22.18,Early,1,30.424904976976105,95.0,55.96358370970818,0.037965072133637055,0.037965072133637055,2890.36597281273,3131.922701633515,1399.0895927427046,0.11693242217160213
COW00956,55,490.4,Brown Swiss,Ketosis,2.9,18.6,16.86,Early,1,32.38160043973113,98.0,59.92724878272141,0.03792822185970637,0.03792822185970637,3173.3968430936507,3591.2751466661853,1114.6468273586183,0.11215334420880914
COW00957,80,499.4,Jersey,Healthy,2.9,16.7,24.4,Mid,0,26.35746709091157,63.629290179002055,45.09442510606405,0.03344012815378454,0.03344012815378454,1677.1069219111093,2033.50717564642,753.0768992712697,0.16019223067681218
COW00958,116,599.3,Brown Swiss,Healthy,5.0,26.5,25.25,Mid,0,27.596410020137892,63.955593496037984,46.91697036466013,0.04421825463040214,0.04421825463040214,1764.9447811979285,2201.202108198397,1243.2997146634934,0.19355915234440182
COW00959,56,363.8,Jersey,Healthy,2.6,29.7,17.01,Late,0,22.173993019583406,63.2980618649522,39.059981326579695,0.08163826278174821,0.08163826278174821,1403.5707819466088,1525.6821412327545,1160.081445399417,0.15393073117097306
COW00960,28,401.1,Holstein,Healthy,2.4,30.2,17.83,Early,0,25.57128925212744,78.15873335682801,45.588369580792225,0.07529294440289204,0.07529294440289204,1998.6195782473503,2078.299441034902,1376.7687613399253,0.06980802792321117
COW00961,56,527.5,Ayrshire,Healthy,4.8,29.1,18.98,Early,0,44.39887264482688,76.15320251769035,74.76420035410052,0.05516587677725119,0.05516587677725119,3381.1163400786436,5589.685654588085,2175.638230304325,0.1061611374407583
COW00962,102,674.0,Brown Swiss,Healthy,2.5,23.6,22.74,Mid,0,41.3584013513174,64.19641952782229,66.79304951053975,0.035014836795252226,0.035014836795252226,2655.061284149224,4461.311462917413,1576.315968448738,0.1513353115727003
COW00963,35,515.1,Jersey,Healthy,4.6,28.2,20.64,Mid,0,34.764171915341294,52.432492675838084,54.888780480279436,0.054746651135701804,0.054746651135701804,1822.7721893327084,3012.778222612305,1547.86360954388,0.067947971267715
COW00964,114,558.1,Ayrshire,Bloat,4.0,30.7,20.44,Mid,1,33.38083105823335,66.78034523101977,55.78012935499153,0.0550080630711342,0.0550080630711342,2229.1834221671697,3111.422830859588,1712.4499711982398,0.20426446873320192
COW00965,75,640.7,Ayrshire,Healthy,3.7,14.4,18.33,Early,0,30.507286823071496,58.82041112627851,50.280201789076735,0.022475417512096144,0.022475417512096144,1794.4511532803642,2528.098691950275,724.034905762705,0.11705946620883408
COW00966,76,718.6,Ayrshire,Healthy,4.3,21.4,22.36,Early,0,29.033292914976606,65.11480923527763,49.1550750984077,0.029780128026718616,0.029780128026718616,1890.4973296306393,2416.2214079301007,1051.9186071059246,0.10576120233787921
COW00967,46,503.9,Holstein,Healthy,4.2,17.7,22.43,Mid,0,49.0,60.26389342915627,76.45130712648808,0.03512601706687835,0.03512601706687835,2952.930778028657,5844.802361348607,1353.188136138839,0.09128795395911887
COW00968,111,548.7,Guernsey,Healthy,2.3,31.9,20.78,Early,0,50.566484555818946,98.0,92.29634250935774,0.05813741570985966,0.05813741570985966,4955.515486470256,8518.614840604678,2944.253326048512,0.2022963367960634
COW00969,15,695.8,Ayrshire,Healthy,5.0,30.7,20.62,Mid,0,51.05415786012282,66.87312222130127,81.75510607308689,0.04412187410175338,0.04412187410175338,3414.1509384856026,6683.897369021689,2509.8817564437677,0.02155791894222478
COW00970,44,428.2,Ayrshire,Healthy,4.8,28.4,17.36,Early,0,48.304658986341174,66.30175475693923,77.52311104137343,0.06632414759458197,0.06632414759458197,3202.6836537299732,6009.832745533115,2201.656353575005,0.10275572162540869
COW00971,57,632.2,Jersey,Healthy,4.7,19.3,21.0,Mid,0,28.37267429595932,58.35239200810529,47.251529115961404,0.030528313824739004,0.030528313824739004,1655.6134128361111,2232.707003796548,911.9545119380551,0.09016134134767478
COW00972,63,468.5,Ayrshire,Mastitis,3.9,31.1,24.2,Early,1,42.0,57.102961113614214,65.76041726735752,0.0663820704375667,0.0663820704375667,2398.324366771797,4324.432479176974,2045.1489770148191,0.1344717182497332
COW00973,63,558.2,Brown Swiss,Bloat,3.6,14.5,18.9,Late,1,21.026058115542927,72.32174447895156,38.012927311784125,0.0259763525618058,0.0259763525618058,1520.6412024318813,1444.9826428109834,551.1874460208699,0.11286277319957004
COW00974,27,530.6,Brown Swiss,Bloat,3.6,17.4,21.96,Early,1,37.78386661887912,47.92031941279751,57.8327168699327,0.03279306445533358,0.03279306445533358,1810.6149570272248,3344.6231405577987,1006.289273536829,0.05088578967206935
COW00975,36,473.4,Brown Swiss,Mastitis,2.0,25.1,20.03,Early,1,28.292307322226655,95.0,52.231537813896644,0.0530207013096747,0.0530207013096747,2687.7691956115323,2728.133542404515,1311.0115991288058,0.07604562737642585
COW00976,22,471.4,Guernsey,Healthy,3.5,28.3,19.79,Late,0,36.06502968863212,94.66958714692836,65.7622179123932,0.06003394145099703,0.06003394145099703,3414.2614710645175,4324.669304757089,1861.0707669207275,0.04666949512091642
COW00977,73,572.1,Holstein,Healthy,3.9,29.9,20.21,Early,0,48.581064239957676,76.40179105796092,81.37979667396601,0.05226359028141933,0.05226359028141933,3711.6803194346235,6622.67130669605,2433.2559205515836,0.12760006991784653
COW00978,49,629.6,Brown Swiss,Healthy,4.0,19.4,21.4,Early,0,43.318050411038186,86.32076595371609,76.01672294252046,0.03081321473951715,0.03081321473951715,3739.2472911025025,5778.542166919917,1474.724425084897,0.0778271918678526
COW00979,73,539.6,Ayrshire,Ketosis,3.0,21.0,21.64,Early,1,46.743859012831344,69.29878080441028,76.20898717125456,0.038917716827279465,0.038917716827279465,3239.2924396824574,5807.809725668442,1600.3887305963458,0.13528539659006672
COW00980,75,555.6,Brown Swiss,Ketosis,3.4,22.2,20.55,Mid,1,33.46606997910618,95.0,61.285622463435814,0.03995680345572354,0.03995680345572354,3179.276648015087,3755.9275207307883,1360.540818688275,0.13498920086393087
COW00981,87,595.7,Jersey,Healthy,3.9,14.5,23.15,Mid,0,25.0,95.0,46.47,0.024341111297633035,0.024341111297633035,2375.0,2159.4609,673.8149999999999,0.14604666778579822
COW00982,71,472.3,Holstein,Healthy,3.3,29.6,21.97,Late,0,26.68266024059386,95.0,49.41465542103926,0.06267203048909592,0.06267203048909592,2534.8527228564167,2441.8081703800444,1462.673800462762,0.15032818124073682
COW00983,81,609.2,Brown Swiss,Healthy,4.9,20.1,27.94,Mid,0,32.357260446383535,61.7878880018857,53.381220329925206,0.0329940906106369,0.0329940906106369,1999.2867845089918,2849.55468391202,1072.9625286314968,0.1329612606697308
COW00984,75,615.5,Guernsey,Healthy,4.1,17.6,23.27,Mid,0,45.09681865426529,64.96825260625886,72.42064160880051,0.02859463850528026,0.02859463850528026,2929.861506068954,5244.749331030327,1274.6032923148891,0.12185215272136475
COW00985,82,758.3,Brown Swiss,Ketosis,2.0,21.4,19.52,Early,1,26.700826610056847,76.02129141568562,47.11190853181499,0.02822102070420678,0.02822102070420678,2029.8313207628248,2219.531925510102,1008.1948425808407,0.10813662138995121
COW00986,78,519.9,Ayrshire,Healthy,2.1,26.8,24.34,Mid,0,41.45348110366528,41.2028326235874,60.70958542092928,0.0515483746874399,0.0515483746874399,1708.0008435793636,3685.653761981109,1627.0168892809047,0.15002885170225044
COW00987,46,513.4,Guernsey,Healthy,4.1,29.7,20.27,Late,0,42.51351801430231,87.11133805363808,74.90087612765117,0.057849629918192445,0.057849629918192445,3703.409439593321,5610.141244689746,2224.5560209912396,0.08959875340864823
COW00988,38,611.5,Brown Swiss,Healthy,3.2,17.9,26.69,Late,0,39.28193183197886,40.56927971900556,57.91996598999088,0.02927228127555192,0.02927228127555192,1593.6396803944588,3354.7224602817,1036.7673912208365,0.06214227309893704
COW00989,97,615.5,Holstein,Healthy,4.5,17.1,26.12,Early,0,18.0,87.44600084094375,33.948056030273975,0.027782290820471164,0.027782290820471164,1574.0280151369875,1152.470508234621,580.511758117685,0.15759545085296506
COW00990,49,507.2,Brown Swiss,Healthy,2.5,31.0,19.54,Mid,0,25.67147522605061,89.10577331742806,46.98071534529521,0.0611198738170347,0.0611198738170347,2287.476652216436,2207.187614355657,1456.4021757041514,0.09660883280757097
COW00991,71,517.7,Holstein,Foot and Mouth,2.0,23.9,23.18,Mid,1,27.43769119371956,95.0,50.73595958900923,0.04616573305002897,0.04616573305002897,2606.580663403358,2574.1375954175774,1212.5894341773205,0.13714506470929108
COW00992,33,593.3,Guernsey,Healthy,3.2,20.6,19.73,Late,0,23.468447542737543,82.80194524847792,42.68360900341452,0.03472105174448003,0.03472105174448003,1943.2331085005303,1821.8904775563688,879.2823454703391,0.05562110230911849
COW00993,58,483.8,Holstein,Healthy,4.2,17.6,20.77,Early,0,42.0,40.0,61.04,0.036378668871434476,0.036378668871434476,1680.0,3725.8815999999997,1074.304,0.11988424968995452
COW00994,69,517.2,Ayrshire,Healthy,4.9,31.9,23.04,Mid,0,21.95819690069139,76.25735404861848,39.73023849080506,0.061678267594740904,0.061678267594740904,1674.4739953253004,1578.4918505362477,1267.3946078566812,0.1334106728538283
COW00995,79,557.2,Jersey,Healthy,4.7,26.9,24.67,Mid,0,37.999600269493605,72.6013530103545,63.93330931628251,0.04827709978463747,0.04827709978463747,2758.8223934178673,4087.4680401314563,1719.8060206079995,0.14178033022254127
COW00996,68,629.7,Brown Swiss,Healthy,3.5,17.9,24.92,Late,0,27.6546585351974,95.0,51.11565243659545,0.02842623471494362,0.02842623471494362,2627.1925608437527,2612.809924018826,914.9701786150584,0.10798793076067968
COW00997,50,501.6,Holstein,Healthy,4.4,15.6,20.96,Mid,0,42.18786789708117,83.77216249486142,73.4287921662652,0.03110047846889952,0.03110047846889952,3534.1689247860313,5391.787518996569,1145.4891577937371,0.09968102073365231
COW00998,115,402.6,Jersey,Healthy,2.2,17.6,25.63,Late,0,40.015882431494376,91.29462217332078,71.79862902739035,0.04371584699453552,0.04371584699453552,3653.234867515304,5155.04313021282,1263.6558708820703,0.2856433184302037
COW00999,67,396.7,Ayrshire,Healthy,3.7,18.5,18.96,Mid,0,49.0,64.60653820246495,77.95386221805288,0.046634736576758255,0.046634736576758255,3165.7203719207823,6076.804634711171,1442.146451033978,0.1688933703050164
COW01000,99,449.2,Jersey,Foot and Mouth,4.8,16.0,16.39,Early,1,38.60312735684074,60.27580926790507,61.871132767950066,0.03561887800534283,0.03561887800534283,2326.8347417055807,3828.037069989304,989.938124287201,0.22039180765805877
COW01001,91,444.9,Brown Swiss,Mastitis,3.2,18.1,16.94,Mid,1,49.189378763866216,95.44292336796453,88.95550312488072,0.04068329961789167,0.04068329961789167,4694.778107877465,7913.081536200663,1610.0946065603412,0.20454034614520117
COW01002,72,537.6,Ayrshire,Bloat,4.9,16.1,25.3,Late,1,46.65360795086243,66.9279952953863,75.3095795726355,0.029947916666666668,0.029947916666666668,3122.4324534481175,5671.532775407118,1212.4842311194316,0.13392857142857142
COW01003,107,454.9,Guernsey,Healthy,2.7,20.8,20.1,Early,0,49.0,63.15959031474998,77.4532182489035,0.045724335018685426,0.045724335018685426,3094.819925422749,5999.001017112278,1611.0269395771927,0.23521653110573754
COW01004,25,493.8,Holstein,Mastitis,2.3,22.8,20.01,Mid,1,24.631092459892706,80.4650821470367,44.33733092030611,0.046172539489671933,0.046172539489671933,1981.9428781565227,1965.7989131367322,1010.8911449829793,0.05062778452814905
COW01005,111,488.1,Jersey,Mastitis,3.6,22.2,19.22,Late,1,38.1342651309772,52.635658240767036,59.40009878508046,0.04548248309772587,0.04548248309772587,2007.222146696915,3528.3717356773172,1318.682193028786,0.22741241548862937
COW01006,103,514.8,Jersey,Healthy,4.7,28.9,19.98,Late,0,30.54892488240453,77.3276877448192,53.32673011313481,0.05613830613830614,0.05613830613830614,2362.2777242465154,2843.7401445591186,1541.1425002695958,0.2000777000777001
COW01007,66,655.8,Jersey,Healthy,2.9,18.6,21.0,Mid,0,41.34190860782483,42.56025329482807,60.9400714322112,0.02836230558096981,0.02836230558096981,1759.5221020406577,3713.692306163003,1133.4853286391283,0.10064043915827997
COW01008,91,603.0,Jersey,Healthy,4.4,30.0,23.55,Mid,0,26.60770993992167,95.0,49.28349239486292,0.04975124378109453,0.04975124378109453,2527.7324442925587,2428.862622634511,1478.5047718458875,0.15091210613598674
COW01009,68,551.3,Brown Swiss,Mastitis,2.5,30.3,21.5,Early,1,38.30005579499696,76.81057760868339,65.39781554093233,0.054961001269726105,0.054961001269726105,2941.849408058518,4276.87427752581,1981.5538108902497,0.12334482133139853
COW01010,41,513.1,Jersey,Healthy,4.2,31.3,21.68,Mid,0,24.19210591653247,88.23056049154383,44.393314667308196,0.061001754044045994,0.061001754044045994,2134.4830644864533,1970.766387150641,1389.5107490867465,0.0799064509842136
COW01011,98,515.3,Jersey,Healthy,3.7,17.3,22.07,Mid,0,35.57980700965527,95.0,64.98466226689672,0.033572676111003306,0.033572676111003306,3380.0816659172506,4223.00632994263,1124.2346572173133,0.19018047739181063
COW01012,38,576.2,Brown Swiss,Ketosis,2.5,18.4,20.17,Mid,1,32.88608613802843,70.95356167717424,55.82540544006431,0.031933356473446715,0.031933356473446715,2333.384941115465,3116.4758925475617,1027.1874600971832,0.06594932315168343
COW01013,45,596.7,Jersey,Healthy,4.2,25.2,18.1,Early,0,31.79030645233791,86.02326085804528,56.791953845378444,0.04223227752639517,0.04223227752639517,2734.705824706664,3225.3260215755954,1431.1572369035368,0.07541478129713423
COW01014,68,477.4,Jersey,Ketosis,4.1,16.5,16.99,Early,1,41.30870684249079,71.68447090236921,68.73632960070178,0.03456221198156682,0.03456221198156682,2961.1927936650313,4724.683006976312,1134.1494384115795,0.14243820695433598
COW01015,102,552.9,Brown Swiss,Foot and Mouth,3.5,15.5,29.16,Mid,1,52.0,81.05462937942924,88.4765406466654,0.028034002532103457,0.028034002532103457,4214.84072773032,7828.0982448010345,1371.3863800233137,0.18448182311448727
COW01016,53,387.5,Ayrshire,Foot and Mouth,2.7,15.3,23.18,Mid,1,42.363350211662336,98.0,77.69476337675896,0.03948387096774194,0.03948387096774194,4151.608320742909,6036.476256170565,1188.729879664412,0.1367741935483871
COW01017,65,566.9,Brown Swiss,Mastitis,2.4,24.9,25.24,Late,1,20.12515590314286,95.0,37.93902283050001,0.04392309049215029,0.04392309049215029,1911.8898107985717,1439.369453333201,944.6816684794502,0.11465866995942847
COW01018,16,611.0,Brown Swiss,Healthy,4.9,28.5,18.8,Mid,0,41.054107914239076,73.09997869403871,68.72743353778611,0.046644844517184945,0.046644844517184945,3001.0544138336427,4723.460120690807,1958.7318558269042,0.02618657937806874
COW01019,24,527.6,Ayrshire,Healthy,4.0,18.7,19.99,Late,0,34.362501983578184,66.36034682132373,57.13718713737866,0.03544351781652767,0.03544351781652767,2280.307549278673,3264.6581539718295,1068.4653994689809,0.045489006823351025
COW01020,18,695.3,Guernsey,Mastitis,4.4,30.8,19.58,Mid,1,30.223535078069492,95.0,55.61118638662161,0.04429742557169568,0.04429742557169568,2871.2358324166016,3092.604051327569,1712.8245407079457,0.025888105853588382
COW01021,19,479.5,Jersey,Mastitis,4.1,28.3,15.81,Mid,1,20.477917348144533,88.26854380424909,38.14722301534864,0.05901981230448384,0.05901981230448384,1807.5559444644882,1455.2106237827447,1079.5664113343664,0.03962460896767466
COW01022,105,567.4,Jersey,Healthy,4.5,15.4,20.22,Mid,0,24.635888976461928,68.38389629339551,43.10841088354037,0.027141346492774058,0.027141346492774058,1684.698076861978,1858.3350889041421,663.8695276065217,0.18505463517800494
COW01023,102,547.1,Brown Swiss,Healthy,2.5,21.3,24.84,Early,0,26.802519461737063,69.78716941643734,46.497382838058705,0.03893255346371778,0.03893255346371778,1870.4719664636032,2162.006610788996,990.3942544506505,0.18643757996709925
COW01024,100,542.0,Brown Swiss,Healthy,3.5,15.2,23.61,Mid,0,25.031133982100766,89.80240692251662,45.971921384764684,0.028044280442804426,0.028044280442804426,2247.856079592647,2113.4175558069846,698.7732050484232,0.18450184501845018
COW01025,18,540.9,Holstein,Healthy,4.0,30.5,17.34,Late,0,46.53131916292015,60.36315112678776,73.02053207568012,0.05638750231096321,0.05638750231096321,2808.7770507601444,5331.99810461543,2227.1262283082438,0.033277870216306155
COW01026,20,558.6,Holstein,Healthy,2.3,27.4,19.32,Early,0,25.21735197541387,73.47489012984619,44.52191905922518,0.04905119942713927,0.04905119942713927,1852.8421657591937,1982.2012767161987,1219.90058222277,0.03580379520229144
COW01027,42,617.8,Jersey,Foot and Mouth,2.4,26.4,23.76,Mid,1,49.0,58.0,75.668,0.04273227581741664,0.04273227581741664,2842.0,5725.646224000001,1997.6352000000002,0.06798316607316283
COW01028,73,660.2,Ayrshire,Mastitis,3.9,26.3,21.67,Early,1,24.44889199378946,95.0,45.50556098913155,0.03983641320811875,0.03983641320811875,2322.6447394099987,2070.7560809355714,1196.7962540141598,0.11057255377158436
COW01029,48,549.8,Guernsey,Mastitis,4.6,19.1,21.48,Mid,1,45.925434928268906,71.59954164714131,75.71241485352346,0.03473990542015279,0.03473990542015279,3288.2400908096674,5732.369762952039,1446.1071237022982,0.08730447435431067
COW01030,64,615.2,Ayrshire,Healthy,4.0,30.8,23.46,Early,0,32.74440294962977,95.0,60.0227051618521,0.05006501950585175,0.05006501950585175,3110.7182802148286,3602.725134946627,1848.6993189850448,0.10403120936280884
COW01031,30,493.9,Holstein,Healthy,2.1,30.6,20.85,Mid,0,19.8756595524215,95.0,37.502404216737624,0.061955861510427215,0.061955861510427215,1888.1876574800424,1406.4303220355798,1147.5735690321712,0.06074104069649727
COW01032,90,611.3,Brown Swiss,Healthy,4.9,27.3,23.12,Mid,0,35.181611209423636,88.53608061804825,62.944513021643566,0.044658923605431056,0.044658923605431056,3114.841966310361,3962.011719531856,1718.3852054908693,0.14722722067724522
COW01033,45,489.0,Brown Swiss,Healthy,2.4,22.4,18.82,Early,0,22.26279215282216,88.2923165442293,41.152475059042295,0.04580777096114519,0.04580777096114519,1965.6334919153583,1693.5262034850982,921.8154413225474,0.09202453987730061
COW01034,19,637.3,Brown Swiss,Healthy,2.7,14.8,19.61,Mid,0,40.3112064921876,67.3664221033433,66.10441793134606,0.023222971912756945,0.023222971912756945,2715.6217520477426,4369.794070042067,978.3453853839218,0.029813274752863647
COW01035,92,726.9,Brown Swiss,Healthy,4.9,14.5,21.02,Late,0,20.726720172092257,95.0,38.99176030116145,0.019947723208144176,0.019947723208144176,1969.0384163487645,1520.35737138323,565.380524366841,0.12656486449305268
COW01036,109,540.2,Jersey,Healthy,4.3,16.5,17.36,Mid,0,37.127678317028774,55.624465972430166,58.74429234540208,0.030544242873009993,0.030544242873009993,2065.2072791809005,3450.8918831620654,969.2808236991343,0.20177711958533875
COW01037,13,374.6,Holstein,Healthy,4.8,24.7,17.16,Late,0,32.40103675674563,56.75268287415579,52.536900710012574,0.06593699946609717,0.06593699946609717,1838.8457638494501,2760.12593621372,1297.6614475373106,0.034703683929524824
COW01038,59,506.2,Ayrshire,Healthy,4.4,28.4,23.09,Mid,0,42.83079149517194,85.95817630223186,75.10322307367738,0.05610430659818254,0.05610430659818254,3681.6567265061226,5640.494116054547,2132.9315352924377,0.11655472145397076
COW01039,101,648.6,Ayrshire,Healthy,4.0,31.1,19.31,Mid,0,46.57916490699635,62.85316109008666,73.88895428203614,0.04794942954054888,0.04794942954054888,2927.647755341153,5459.577564892827,2297.946478171324,0.1557200123342584
COW01040,88,594.2,Holstein,Healthy,2.9,17.2,22.98,Mid,0,49.0,71.7796433080039,80.43575658456936,0.0289464826657691,0.0289464826657691,3517.202522092191,6469.910937332093,1383.495013254593,0.1480982834062605
COW01041,104,569.9,Brown Swiss,Healthy,3.0,19.0,23.71,Late,0,26.8141033520237,95.0,49.644680866041476,0.033339182312686434,0.033339182312686434,2547.3398184422517,2464.5943382911046,943.248936454788,0.18248815581680997
COW01042,56,630.7,Brown Swiss,Healthy,4.8,15.0,17.89,Mid,0,23.13613124756358,74.53354182840216,41.42025303563777,0.023783098144918344,0.023783098144918344,1724.4178060876823,1715.63736153626,621.3037955345666,0.08879023307436182
COW01043,52,588.8,Guernsey,Healthy,4.6,31.8,21.2,Mid,0,29.915127698430766,95.0,55.071473472253835,0.05400815217391305,0.05400815217391305,2841.9371313509228,3032.867190405158,1751.272856417672,0.08831521739130435
COW01044,88,647.4,Ayrshire,Healthy,3.1,28.1,27.05,Late,0,52.0,98.0,94.84800000000001,0.043404386777880756,0.043404386777880756,5096.0,8996.143104000002,2665.2288000000003,0.13592832869941304
COW01045,28,623.6,Brown Swiss,Ketosis,3.1,22.7,22.71,Late,1,49.0,77.81120798213794,82.52267796181974,0.036401539448364335,0.036401539448364335,3812.7491911247594,6809.992377990209,1873.264789733308,0.04490057729313662
COW01046,37,671.7,Guernsey,Healthy,2.9,24.4,17.66,Mid,0,42.0,40.0,61.04,0.03632574065803185,0.03632574065803185,1680.0,3725.8815999999997,1489.376,0.055084114932261424
COW01047,76,578.7,Ayrshire,Mastitis,3.0,24.1,23.78,Early,1,28.550741697989118,95.0,52.683797971480956,0.041645066528425784,0.041645066528425784,2712.320461308966,2775.582568699821,1269.6795311126912,0.13132884050457921
COW01048,84,622.4,Ayrshire,Healthy,4.6,18.6,20.79,Mid,0,29.138870812806033,95.0,53.71302392241056,0.029884318766066842,0.029884318766066842,2768.192727216573,2885.088938889449,999.0622449568365,0.13496143958868895
COW01049,24,525.4,Jersey,Foot and Mouth,2.0,17.3,21.67,Mid,1,40.92506050013779,42.82272859537788,60.498803067844015,0.032927293490673776,0.032927293490673776,1752.5227585468203,3660.1051726417722,1046.6292930737015,0.04567948229920061
COW01050,66,501.9,Ayrshire,Bloat,3.3,19.3,19.4,Mid,1,25.0,95.0,46.47,0.03845387527395896,0.03845387527395896,2375.0,2159.4609,896.871,0.1315002988643156
COW01051,51,686.5,Brown Swiss,Healthy,4.8,18.4,22.88,Mid,0,36.6254455951689,44.99600106385738,55.70091821258436,0.026802621995630004,0.026802621995630004,1647.9985889644702,3102.5922897250125,1024.896895111552,0.07428987618353969
COW01052,66,567.3,Holstein,Mastitis,3.6,24.0,20.57,Mid,1,46.99938748935765,66.19529877515133,75.57877193893572,0.04230565838180857,0.04230565838180857,3111.1384971071393,5712.150767797657,1813.8905265344572,0.11634056054997356
COW01053,115,614.4,Guernsey,Healthy,3.4,19.5,21.97,Mid,0,36.09113186464623,43.993875424037824,54.81567502231322,0.03173828125,0.03173828125,1587.7887591657682,3004.7582281518535,1068.9056629351078,0.18717447916666669
COW01054,20,559.9,Ayrshire,Mastitis,2.9,27.1,18.7,Mid,1,52.0,75.42786047359058,86.36087553807005,0.04840150026790499,0.04840150026790499,3922.2487446267105,7458.200823702025,2340.3797270816985,0.03572066440435792
COW01055,119,503.1,Jersey,Healthy,2.2,24.2,19.92,Mid,0,25.175142529911852,83.10778739365203,45.495096569051604,0.048101769032001584,0.048101769032001584,2092.2503929808013,2069.803811827331,1100.981336971049,0.23653349234744583
COW01056,60,550.9,Brown Swiss,Healthy,2.7,23.6,18.67,Mid,0,22.707625746909464,71.97180763104403,40.545249018800334,0.0428389907424215,0.0428389907424215,1634.3088720143105,1643.9172179965294,956.8678768436879,0.10891268832819023
COW01057,95,664.9,Jersey,Ketosis,2.3,31.1,24.29,Early,1,52.0,68.3047882297559,83.68260037438822,0.04677395097007069,0.04677395097007069,3551.848987947307,7002.777605419558,2602.5288716434734,0.1428786283651677
COW01058,57,594.4,Holstein,Foot and Mouth,2.4,19.8,22.51,Late,1,25.275401140329095,75.2693023823711,44.806159481873415,0.03331090174966353,0.03331090174966353,1902.4618112671578,2007.591927515075,887.1619577410936,0.0958950201884253
COW01059,45,413.1,Ayrshire,Healthy,2.5,25.4,15.5,Mid,0,19.985045276084612,86.81774530287258,37.23684660370895,0.06148632292423142,0.06148632292423142,1735.0565706454906,1386.5827449881506,945.8159037342073,0.10893246187363834
COW01060,95,532.8,Holstein,Ketosis,2.9,14.0,23.96,Late,1,25.98078761427751,74.11830888223398,45.768114026367705,0.026276276276276277,0.026276276276276277,1925.6520413987391,2094.7202615305964,640.7535963691479,0.17830330330330332
COW01061,86,692.6,Brown Swiss,Healthy,2.0,27.3,23.05,Mid,0,26.118345957761615,85.70701345039332,47.33812111239166,0.03941669073058042,0.03941669073058042,2238.5254283039008,2240.897710451461,1292.3307063682923,0.1241697949754548
COW01062,27,532.9,Holstein,Healthy,4.9,23.0,20.59,Early,0,39.958075972288874,52.00585362970734,61.65815635854906,0.04316006755488835,0.04316006755488835,2078.053850339581,3801.7282455352833,1418.1375962466284,0.05066616626008632
COW01063,88,406.0,Guernsey,Foot and Mouth,2.4,17.8,21.95,Late,1,33.57531903577863,95.0,61.4768083126126,0.04384236453201971,0.04384236453201971,3189.6553083989697,3779.3979603057132,1094.2871879645043,0.21674876847290642
COW01064,93,701.4,Ayrshire,Healthy,3.1,14.0,24.35,Mid,0,47.2207323464456,59.35747506547746,73.65814389600503,0.01996007984031936,0.01996007984031936,2802.9034428277296,5425.522162204583,1031.2140145440703,0.13259195893926434
COW01065,53,604.6,Guernsey,Healthy,4.6,26.7,25.0,Mid,0,27.63736655238344,71.243982708193,47.940720379506935,0.044161429043996024,0.044161429043996024,1968.9960647579974,2298.3126705060718,1280.017234132835,0.08766126364538537
COW01066,111,544.4,Guernsey,Mastitis,2.3,25.9,20.52,Late,1,40.80593150836359,75.35643080377443,68.94331271188295,0.04757531227038942,0.04757531227038942,3074.98935409356,4753.180367688482,1785.6317992377683,0.20389419544452608
COW01067,81,520.3,Ayrshire,Healthy,3.5,26.0,24.03,Late,0,22.036372382646643,78.9496579105819,40.05798777899499,0.04997117047857006,0.04997117047857006,1739.7640612001471,1604.642384902112,1041.5076822538697,0.15567941572169902
COW01068,48,636.6,Ayrshire,Healthy,4.5,21.9,22.63,Mid,0,42.45625245724852,76.9569854482749,71.95624808665482,0.03440150801131008,0.03440150801131008,3267.30520254076,5177.701638708216,1575.8418330977406,0.07540056550424128
COW01069,13,506.6,Ayrshire,Healthy,3.7,25.5,20.3,Late,0,38.364670714578104,50.2604755881775,59.13649404595014,0.050335570469798654,0.050335570469798654,1928.226595898521,3497.124928046696,1507.9805981717284,0.025661271219897353
COW01070,84,641.9,Jersey,Mastitis,2.6,24.3,23.9,Mid,1,30.28490713239958,81.79889400384081,53.62160405375975,0.037856363919613646,0.037856363919613646,2477.271908439316,2875.276421298184,1303.0049785063618,0.13086150490730644
COW01071,34,593.4,Brown Swiss,Healthy,4.2,18.3,24.36,Early,0,28.59329818837186,76.98133470035657,50.200828934107676,0.03083923154701719,0.03083923154701719,2201.1502580261536,2520.1232256715425,918.6751694941705,0.057296932928884395
COW01072,93,569.6,Ayrshire,Healthy,4.0,23.3,23.75,Early,0,34.003198228873664,64.15268939627181,56.17853745460371,0.040905898876404494,0.040905898876404494,2181.396614456792,3156.0280705383125,1308.9599226922667,0.16327247191011235
COW01073,68,561.6,Jersey,Mastitis,3.1,23.3,20.76,Mid,1,33.015179546147195,84.4873711017583,58.53961946132974,0.04148860398860399,0.04148860398860399,2789.3657263065184,3426.887046677296,1363.973133448983,0.12108262108262108
COW01074,62,536.0,Guernsey,Healthy,2.1,28.8,19.87,Mid,0,31.033349360797835,93.4907894416928,56.77732911664293,0.05373134328358209,0.05373134328358209,2901.332330760842,3223.665101619589,1635.1870785593164,0.11567164179104478
COW01075,29,633.7,Holstein,Healthy,2.0,21.8,21.38,Mid,0,38.393112946852774,45.72280132177787,58.08481372108148,0.03440113618431434,0.03440113618431434,1755.4406753935273,3373.8455850127357,1266.2489391195763,0.04576297932775761
COW01076,88,480.8,Ayrshire,Mastitis,4.5,21.8,19.04,Mid,1,31.715200991320252,72.52391710313296,54.329822806242156,0.04534109816971714,0.04534109816971714,2300.1106076037104,2951.7296461576702,1184.390137176079,0.18302828618968386
COW01077,29,420.2,Guernsey,Mastitis,3.0,31.7,16.31,Early,1,32.974840928553554,57.366501023360485,53.4356090542091,0.07544026653974298,0.07544026653974298,1891.6512458730167,2855.3643149942736,1693.9088070184284,0.06901475487862922
COW01078,57,599.2,Guernsey,Healthy,2.4,30.1,16.81,Mid,0,23.994961541130774,80.10368603779852,43.28188710125953,0.05023364485981308,0.05023364485981308,1922.0848657797897,1873.321751046176,1302.7848017479118,0.09512683578104138
COW01079,102,600.5,Ayrshire,Foot and Mouth,3.6,18.4,18.29,Mid,1,42.0,46.09517250789893,62.722267612180104,0.03064113238967527,0.03064113238967527,1935.997245331755,3934.082854413937,1154.0897240641139,0.16985845129059118
COW01080,111,588.4,Jersey,Mastitis,4.8,30.4,26.74,Early,1,42.0,43.154794120178565,61.91072317716928,0.05166553365057784,0.05166553365057784,1812.5013530474998,3832.9376443200854,1882.085984585946,0.18864717878993884
COW01081,118,582.6,Brown Swiss,Healthy,2.0,16.5,19.83,Mid,0,26.07982702610988,79.88599803584297,46.59440800955589,0.028321318228630276,0.028321318228630276,2083.413010582938,2171.038857760966,768.8077321576723,0.20254033642293168
COW01082,115,524.4,Ayrshire,Mastitis,2.2,29.4,25.64,Mid,1,25.889854332668214,73.656687823439,45.57492960331588,0.05606407322654462,0.05606407322654462,1906.9609183756522,2077.0742083471982,1339.9029303374869,0.2192982456140351
COW01083,72,613.0,Holstein,Mastitis,3.3,17.3,23.53,Mid,1,33.730217159703656,95.0,61.7478800294814,0.028221859706362155,0.028221859706362155,3204.3706301718476,3812.800688135228,1068.2383245100282,0.11745513866231648
COW01084,33,546.4,Ayrshire,Healthy,4.0,21.7,20.53,Late,0,39.628257354893805,91.43262280578581,71.16946327168802,0.039714494875549046,0.039714494875549046,3623.3155071806127,5065.092502380149,1544.37735299563,0.06039531478770132
COW01085,102,511.0,Jersey,Healthy,3.4,31.7,17.34,Late,0,19.442407704864706,84.64642637871233,36.22214408950459,0.06203522504892368,0.06203522504892368,1645.73033241474,1312.0437224408322,1148.2419676372954,0.19960861056751467
COW01086,98,525.0,Brown Swiss,Mastitis,4.7,15.7,21.35,Early,1,20.461388540682176,89.97371319321353,38.22276717366543,0.029904761904761903,0.029904761904761903,1840.987104094244,1460.9799304122357,600.0974446265473,0.18666666666666668
COW01087,118,711.7,Brown Swiss,Ketosis,2.1,29.1,27.75,Mid,1,21.019916927867186,90.17529265597462,39.18546300558039,0.04088801461289869,0.04088801461289869,1895.4771605746985,1535.500510961709,1140.2969734623894,0.16580019671209778
COW01088,82,411.2,Guernsey,Healthy,3.0,22.9,24.03,Early,0,40.59812025976025,90.11434816450553,72.48676151124441,0.05569066147859922,0.05569066147859922,3658.4731439125007,5254.330594388024,1659.9468386074968,0.19941634241245138
COW01089,27,590.0,Ayrshire,Foot and Mouth,3.1,16.0,21.56,Mid,1,37.04854948359658,75.95292035232538,63.24107433711038,0.02711864406779661,0.02711864406779661,2813.945528096797,3999.4334833119215,1011.8571893937661,0.04576271186440678
COW01090,66,415.7,Jersey,Mastitis,3.0,31.1,17.22,Mid,1,37.35218808161164,50.14550237980873,57.79124048597205,0.07481356747654559,0.07481356747654559,1873.0442363375198,3339.8274769074546,1797.3075791137308,0.15876834255472697
COW01091,60,541.3,Holstein,Foot and Mouth,3.5,23.9,19.1,Mid,1,27.011681173419397,95.0,49.99044205348394,0.0441529650840569,0.0441529650840569,2566.1097114748427,2499.0442967027357,1194.7715650782661,0.11084426380934788
COW01092,103,515.3,Brown Swiss,Ketosis,4.4,29.9,18.99,Late,1,38.77786051347323,55.11739275284449,60.858729534730216,0.05802445177566466,0.05802445177566466,2137.334568036124,3703.784960581444,1819.6760130884334,0.19988356297302545
COW01093,54,383.2,Guernsey,Healthy,3.0,29.6,22.66,Mid,0,47.05553250081163,71.27182094361042,77.31861865281027,0.07724425887265136,0.07724425887265136,3353.733486804087,5978.168790378701,2288.6311121231843,0.1409185803757829
COW01094,47,581.1,Guernsey,Healthy,4.2,14.3,25.71,Mid,0,27.550432781367494,79.99496667828295,48.96003054659892,0.024608501118568233,0.024608501118568233,2203.895952317767,2397.0845911238994,700.1284368163646,0.08088108759249699
COW01095,20,519.6,Guernsey,Healthy,2.4,18.8,20.12,Mid,0,36.48115094348949,54.13605935962572,57.538785736847615,0.036181678214010776,0.036181678214010776,1974.9457529842127,3310.7118640708586,1081.7291718527351,0.03849114703618168
COW01096,102,382.1,Jersey,Healthy,3.7,20.1,18.79,Early,0,49.0,66.95948917347009,78.76798325402066,0.052604030358544884,0.052604030358544884,3281.0149695000346,6204.39518590568,1583.2364634058154,0.2669458257000785
COW01097,93,617.2,Ayrshire,Healthy,3.1,23.6,26.39,Early,0,25.0,95.0,46.47,0.03823720025923526,0.03823720025923526,2375.0,2159.4609,1096.692,0.15068049254698637
COW01098,16,664.8,Holstein,Mastitis,3.6,15.3,18.68,Mid,1,28.518235285368196,95.0,52.62691174939434,0.023014440433212997,0.023014440433212997,2709.2323521099784,2769.59184027854,805.1917497657334,0.024067388688327317
COW01099,58,669.2,Holstein,Bloat,2.3,21.0,23.12,Mid,1,49.0,66.84727760919272,78.72915805278069,0.03138075313807531,0.03138075313807531,3275.516602850443,6198.280327699723,1653.3123191083946,0.086670651524208
COW01100,63,578.7,Holstein,Healthy,4.9,28.7,23.16,Early,0,40.494083746472434,82.02883122504107,70.1999389132927,0.049593917401071365,0.049593917401071365,3321.682361252066,4928.031423430027,2014.7382468115004,0.10886469673405909
COW01101,62,553.7,Ayrshire,Mastitis,4.7,17.1,19.53,Mid,1,38.28302623767612,45.885971530845666,57.98537961026536,0.030883149720065017,0.030883149720065017,1756.653852056624,3362.304248546578,991.5499913355378,0.11197399313707783
COW01102,111,656.3,Holstein,Healthy,4.5,26.6,21.01,Early,0,28.362638828731203,95.0,52.354617950279604,0.0405302453146427,0.0405302453146427,2694.450688729464,2741.0060207197394,1392.6328374774375,0.16912997104982477
COW01103,28,684.6,Guernsey,Healthy,4.7,22.3,20.28,Mid,0,28.647886434268504,89.47550817373836,52.066677938493676,0.03257376570260006,0.03257376570260006,2563.28419680972,2710.938951550824,1161.086918028409,0.04089979550102249
COW01104,45,640.7,Ayrshire,Healthy,2.4,15.3,25.82,Mid,0,46.39601659077547,63.776800531576654,73.92284895176942,0.023880131106602153,0.023880131106602153,2958.989495569608,5464.587597146118,1131.0195889620722,0.07023567972530045
COW01105,31,474.7,Guernsey,Healthy,3.5,17.2,24.48,Early,0,18.446448295900097,95.0,35.00128451782517,0.036233410575100065,0.036233410575100065,1752.4125881105092,1225.089917897748,602.0220937065928,0.06530440278070361
COW01106,38,566.1,Ayrshire,Healthy,3.0,16.5,21.4,Early,0,37.85665401327575,45.12065763988232,57.26911976172247,0.029146793852676205,0.029146793852676205,1708.117125124492,3279.7520782825113,944.9404760684208,0.06712594947889065
COW01107,109,585.2,Holstein,Mastitis,4.7,25.2,21.13,Mid,1,52.0,79.24678836254924,87.79679242431851,0.043062200956937795,0.043062200956937795,4120.832994852561,7708.276759998872,2212.4791690928264,0.18626110731373888
COW01108,113,405.2,Brown Swiss,Healthy,2.6,15.6,18.02,Mid,0,30.652139969934982,74.59354695245271,53.04475963519977,0.0384995064165844,0.0384995064165844,2286.4518420404975,2813.7465247561186,827.4982503091163,0.2788746298124383
COW01109,16,587.5,Brown Swiss,Healthy,2.7,28.8,20.21,Late,0,48.21090829343234,58.0,74.57905344493662,0.049021276595744685,0.049021276595744685,2796.2326810190757,5562.035212742712,2147.876739214175,0.02723404255319149
COW01110,80,731.8,Guernsey,Healthy,4.1,28.5,22.61,Early,0,35.76240957980536,61.49473221149855,58.146684228869105,0.0389450669581853,0.0389450669581853,2199.1998003480608,3381.0368868118153,1657.1805005227695,0.10931948619841488
COW01111,37,601.2,Guernsey,Healthy,2.3,15.4,21.25,Mid,0,52.0,97.69054073243909,94.7316433153971,0.025615435795076514,0.025615435795076514,5079.9081180868325,8974.08424523562,1458.8673070571153,0.06154357950765136
COW01112,32,667.9,Brown Swiss,Ketosis,4.2,30.0,23.1,Mid,1,23.375298475808478,83.37317487496308,42.58323007443248,0.04491690372810301,0.04491690372810301,1948.8728475780383,1813.3314835720507,1277.4969022329744,0.04791136397664321
COW01113,43,564.6,Jersey,Bloat,2.8,31.3,20.28,Mid,1,26.2846420193893,79.93149068198275,46.9272851438266,0.05543747786043216,0.05543747786043216,2100.970618652068,2202.170090970009,1468.8240250017727,0.07616011335458732
COW01114,32,544.1,Holstein,Healthy,4.0,14.8,20.1,Mid,0,42.203133265168645,98.0,77.40957721200019,0.027200882190773754,0.027200882190773754,4135.907059986527,5992.242644140619,1145.6617427376027,0.05881271825032163
COW01115,64,580.5,Brown Swiss,Healthy,4.6,31.1,21.57,Early,0,35.24529893189549,59.82113018671128,57.06613255737473,0.053574504737295435,0.053574504737295435,2108.4136158744764,3256.543485055864,1774.7567225343541,0.11024978466838932
COW01116,119,484.7,Jersey,Healthy,3.8,19.0,19.46,Late,0,39.617314675421646,56.71079431687352,62.394791198154444,0.03919950484835981,0.03919950484835981,2246.7293839446916,3893.109968661291,1185.5010327649345,0.24551268826077988
COW01117,75,472.9,Brown Swiss,Mastitis,2.6,26.0,19.76,Late,1,23.420108462633664,91.89765593981588,43.42535501049623,0.05497991118629732,0.05497991118629732,2152.2530695722785,1885.7614577876302,1129.0592302729021,0.15859589765278073
COW01118,90,651.3,Guernsey,Healthy,2.1,17.1,24.87,Mid,0,48.611742662923525,74.24988747822744,80.69157456190027,0.026255181943804703,0.026255181943804703,3609.41642284262,6511.1302052787105,1379.8259250084948,0.1381851681252879
COW01119,65,659.8,Brown Swiss,Healthy,2.1,28.7,18.58,Mid,0,32.247461610435835,95.0,59.15305781826271,0.04349802970597151,0.04349802970597151,3063.508852991404,3499.084249250731,1697.6927593841397,0.09851470142467415
COW01120,13,470.7,Brown Swiss,Healthy,2.3,29.2,22.54,Early,0,27.333052085956837,95.0,50.55284115042446,0.06203526662417676,0.06203526662417676,2596.6399481658996,2555.589748380049,1476.1429615923944,0.027618440620352666
COW01121,21,627.4,Holstein,Healthy,3.7,31.6,21.33,Early,0,39.896458599927016,58.68760531541719,63.28042787247552,0.050366592285623214,0.050366592285623214,2341.4276157953987,4004.4125517235766,1999.6615207702266,0.0334714695569015
COW01122,41,543.0,Guernsey,Healthy,3.0,31.9,22.48,Early,0,22.946955285109937,75.77338659446421,41.23388169833029,0.058747697974217306,0.058747697974217306,1738.768513984519,1700.2329999118979,1315.3608261767363,0.07550644567219153
COW01123,38,577.2,Brown Swiss,Healthy,2.7,15.4,23.06,Mid,0,49.0,81.48006560717421,83.7921027000823,0.02668052668052668,0.02668052668052668,3992.523214751536,7021.116474901139,1290.3983815812674,0.06583506583506583
COW01124,102,586.8,Holstein,Mastitis,2.7,25.8,20.23,Early,1,38.33423019514531,53.881280370260704,59.96345383202609,0.04396728016359919,0.04396728016359919,2065.497404922738,3595.6157954655246,1547.0571088662732,0.17382413087934562
COW01125,103,629.5,Jersey,Healthy,4.8,18.9,20.2,Early,0,36.48813312993115,95.0,66.57423297737952,0.030023828435266083,0.030023828435266083,3466.3726473434594,4432.128496526408,1258.2530032724728,0.1636219221604448
COW01126,104,556.6,Guernsey,Healthy,2.4,16.3,19.01,Early,0,30.852758323062414,67.76666509586602,52.23169229027186,0.029284944304707152,0.029284944304707152,2090.7885405626635,2728.1496795056446,851.3765843314313,0.1868487243981315
COW01127,80,662.8,Ayrshire,Healthy,2.9,16.7,22.54,Early,0,21.99199222570267,94.12044525112253,41.1392106668241,0.0251961375980688,0.0251961375980688,2069.8961002423607,1692.4346542893336,687.0248181359624,0.12070006035003018
COW01128,72,574.8,Brown Swiss,Healthy,3.4,30.9,23.81,Mid,0,25.547229724577516,81.38325017712889,45.90976163423421,0.05375782881002088,0.05375782881002088,2079.1165880078756,2107.706213312203,1418.611634497837,0.12526096033402923
COW01129,82,599.9,Ayrshire,Mastitis,2.0,26.3,20.94,Mid,1,28.703984502082754,72.354043126463,49.712698717105745,0.04384064010668445,0.04384064010668445,2076.849332565021,2471.352413737727,1307.443976259881,0.13668944824137358
COW01130,55,483.3,Holstein,Ketosis,4.8,14.9,22.21,Mid,1,36.27554843430448,84.06076608423619,63.80919234644807,0.030829712393958205,0.030829712393958205,3049.3503915134497,4071.613027906007,950.7569659620763,0.1138009517897786
COW01131,84,722.7,Jersey,Healthy,2.3,31.7,17.94,Mid,0,37.62937530229382,95.0,68.57140677901418,0.0438632904386329,0.0438632904386329,3574.7906537179133,4702.037827653032,2173.7135948947493,0.11623080116230801
COW01132,97,587.6,Ayrshire,Bloat,4.0,28.5,21.14,Mid,1,38.527508428637695,57.74342327556601,61.15405606070629,0.04850238257317903,0.04850238257317903,2224.7102269477637,3739.8185726760075,1742.8905977301292,0.16507828454731108
COW01133,94,607.0,Holstein,Mastitis,3.9,19.6,25.3,Mid,1,18.03216747978241,94.90281200460224,34.27276305885613,0.03228995057660626,0.03228995057660626,1711.3034003692921,1174.6222876884933,671.7461559535801,0.15485996705107083
COW01134,78,421.3,Guernsey,Mastitis,4.4,22.5,19.83,Early,1,36.3978418377047,75.72971936238548,62.177177359638954,0.053406123902207454,0.053406123902207454,2756.3983477658703,3866.001384411999,1398.9864905918764,0.1851412295276525
COW01135,18,484.2,Jersey,Healthy,4.0,27.1,17.02,Early,0,40.7379498489616,46.98296986791131,61.364710920532495,0.05596860801321768,0.05596860801321768,1913.9898702342448,3765.62774636052,1662.9836659464306,0.03717472118959108
COW01136,90,649.0,Jersey,Healthy,4.3,26.2,21.3,Late,0,27.160477879407527,64.65414305323917,46.3785599259551,0.04036979969183359,0.04036979969183359,1756.0374222095522,2150.9708208054085,1215.1182700600236,0.1386748844375963
COW01137,51,573.0,Brown Swiss,Healthy,3.3,22.3,14.09,Mid,0,49.45779824270322,83.82643345432815,85.35394050863482,0.038917975567190226,0.038917975567190226,4145.87083318955,7285.295160351572,1903.3928733425566,0.08900523560209424
COW01138,92,396.9,Jersey,Ketosis,3.5,23.2,17.36,Mid,1,34.15688437666762,66.28227353650283,56.82081964616752,0.05845301083396322,0.05845301083396322,2263.995953408983,3228.605545262297,1318.2430157910865,0.23179642227261277
COW01139,70,633.1,Ayrshire,Healthy,4.1,14.8,25.39,Early,0,21.181942826977284,84.73216004585866,39.092040911954854,0.023377033643974095,0.023377033643974095,1794.7917696976672,1528.1876626619521,578.5622054969318,0.1105670510187964
COW01140,107,506.5,Ayrshire,Healthy,3.7,23.0,19.46,Early,0,49.0,68.26942896695765,79.22122242256734,0.045409674234945706,0.045409674234945706,3345.202019380925,6276.002082125886,1822.0881157190488,0.21125370187561698
COW01141,48,662.9,Brown Swiss,Healthy,3.5,20.1,21.48,Early,0,25.0,95.0,46.47,0.030321315432191888,0.030321315432191888,2375.0,2159.4609,934.047,0.07240911147986122
COW01142,112,543.0,Brown Swiss,Healthy,2.6,19.1,15.37,Late,0,19.332165210120543,72.96372483838745,35.46442362058346,0.03517495395948435,0.03517495395948435,1410.546782921482,1257.7253427401981,677.3704911531441,0.20626151012891344
COW01143,103,566.4,Holstein,Healthy,2.8,18.9,17.66,Mid,0,18.0,90.86926509511099,34.07129354342399,0.03336864406779661,0.03336864406779661,1635.6467717119979,1160.8530437221652,643.9474479707134,0.1818502824858757
COW01144,47,644.3,Jersey,Healthy,3.1,25.7,25.36,Early,0,35.157289294686755,54.496611002316286,55.837850637300285,0.03988825081483781,0.03988825081483781,1915.9531185884427,3117.8655637934557,1435.0327613786174,0.07294738475865281
COW01145,64,478.2,Holstein,Healthy,2.0,21.7,22.35,Early,0,46.74008242356173,60.211805336875116,73.26461341350934,0.045378502718527815,0.045378502718527815,2814.304744316997,5367.7035786309725,1589.8421110731526,0.13383521539104978
COW01146,69,470.6,Ayrshire,Mastitis,3.3,21.7,17.54,Early,1,25.870364914152898,95.0,47.99313859976757,0.04611134721631959,0.04611134721631959,2457.6846668445255,2303.3413526564996,1041.4511076149563,0.14662133446663833
COW01147,95,534.3,Jersey,Mastitis,2.0,16.9,19.92,Early,1,24.28114827611409,95.0,45.212009483199665,0.031630170316301706,0.031630170316301706,2306.7090862308387,2044.1258015089365,764.0829602660742,0.17780273254725812
COW01148,86,616.2,Jersey,Healthy,3.7,31.3,22.5,Mid,0,34.37480997266163,72.52698679220916,58.38697576877048,0.050795196364816615,0.050795196364816615,2493.10138887193,3409.0389394229915,1827.5123415625162,0.13956507627393702
COW01149,104,443.5,Ayrshire,Foot and Mouth,4.1,18.0,17.24,Mid,1,31.709109153966068,95.0,58.21094101944062,0.040586245772266064,0.040586245772266064,3012.3653696267766,3388.5136543687945,1047.7969383499312,0.23449830890642615
COW01150,51,416.6,Guernsey,Healthy,3.7,21.3,14.77,Late,0,52.0,98.0,94.84800000000001,0.05112818050888142,0.05112818050888142,5096.0,8996.143104000002,2020.2624000000003,0.12241958713394142
COW01151,66,615.9,Guernsey,Mastitis,4.1,17.4,22.09,Mid,1,26.83952272599433,87.8620201798582,48.801234148586644,0.028251339503166096,0.028251339503166096,2358.1746873690768,2381.560454425179,849.1414741854076,0.10716025328787142
COW01152,58,501.8,Holstein,Mastitis,2.0,26.7,22.41,Late,1,37.27255193580174,54.48501669770726,58.68015529005473,0.05320844958150658,0.05320844958150658,2030.7956145883186,3443.360624864938,1566.760146244461,0.11558389796731765
COW01153,110,518.6,Brown Swiss,Healthy,2.2,21.9,22.45,Late,0,37.621037903268224,45.261085536170825,57.006924150399456,0.04222907828769764,0.04222907828769764,1702.7690144993478,3249.789401089397,1248.451638893748,0.2121095256459699
COW01154,44,401.5,Brown Swiss,Healthy,4.1,21.4,21.56,Late,0,23.77218799156716,68.33113761618658,41.8218730674192,0.053300124533001245,0.053300124533001245,1624.3806490896338,1749.0690668673233,894.9880836427708,0.1095890410958904
COW01155,75,495.7,Jersey,Healthy,4.4,29.8,17.25,Late,0,34.32155449378066,63.471476069107936,56.50174828813882,0.06011700625378253,0.06011700625378253,2178.439724706583,3192.4475596161983,1683.7520989865368,0.15130119023602986
COW01156,24,549.4,Guernsey,Healthy,4.2,27.7,20.37,Mid,0,43.98194830400907,78.0807872700565,74.68337676879867,0.050418638514743354,0.050418638514743354,3434.145149247955,5577.606765590336,2068.729536495723,0.04368401892974154
COW01157,103,624.4,Ayrshire,Healthy,4.0,23.4,21.76,Early,0,38.064817156080515,61.1512007627343,61.3231735741132,0.037475976937860346,0.037475976937860346,2327.7092759082525,3760.531617200815,1434.9622616342488,0.1649583600256246
COW01158,53,488.3,Jersey,Healthy,4.1,22.4,20.48,Early,0,35.59188432630622,48.82089962303494,55.21957603622061,0.04587343845996313,0.04587343845996313,1737.6278120892666,3049.201577619949,1236.9185032113417,0.1085398320704485
COW01159,48,682.6,Jersey,Mastitis,4.2,31.3,22.35,Mid,1,18.232936518888007,94.22820469281196,34.598056483873734,0.04585408731321418,0.04585408731321418,1718.0568744528255,1197.0255124613172,1082.9191679452479,0.07031936712569586
COW01160,74,495.2,Jersey,Healthy,4.2,31.2,19.47,Mid,0,29.990345053360024,59.44198734412961,49.65948697621242,0.0630048465266559,0.0630048465266559,1782.6857111079064,2466.064646740611,1549.3759936578274,0.1494345718901454
COW01161,65,495.4,Ayrshire,Healthy,4.2,26.7,13.49,Early,0,24.02931592288904,87.46233327954799,44.04547712332903,0.053895841744045214,0.053895841744045214,2101.6600377272707,1940.0040550217009,1176.014239192885,0.13120710536939847
COW01162,103,673.0,Holstein,Healthy,2.2,27.7,25.92,Late,0,18.0,94.65654579610998,34.20763564865996,0.04115898959881129,0.04115898959881129,1703.8178243299797,1170.1623366714716,947.5515074678808,0.15304606240713226
COW01163,69,566.9,Ayrshire,Healthy,2.2,30.2,22.77,Mid,0,49.0,58.50235274000495,75.84181404804173,0.053272182042688306,0.053272182042688306,2866.615284260243,5751.980758097739,2290.42278425086,0.12171458811077791
COW01164,67,505.8,Guernsey,Ketosis,3.1,31.4,17.47,Mid,1,42.0,49.689061227028745,63.71418089865993,0.06207987346777382,0.06207987346777382,2086.9405715352073,4059.4968475871624,2000.6252802179217,0.1324634242783709
COW01165,23,537.6,Brown Swiss,Healthy,3.6,15.5,21.21,Mid,0,31.222046345985152,95.0,57.358581105474016,0.028831845238095236,0.028831845238095236,2966.0944028685894,3290.006826433241,889.0580071348472,0.042782738095238096
COW01166,14,658.2,Brown Swiss,Healthy,4.3,32.0,19.8,Early,0,27.861038643833478,95.0,51.47681762670859,0.04861744150714068,0.04861744150714068,2646.79867116418,2649.862752973416,1647.2581640546748,0.02127013065937405
COW01167,55,667.3,Ayrshire,Healthy,3.0,26.7,21.85,Mid,0,30.27858404238278,80.26433352771416,53.36770688916273,0.04001198861081972,0.04001198861081972,2430.290368324735,2848.1121386075874,1424.917773940645,0.0824216993855837
COW01168,119,484.7,Guernsey,Healthy,2.8,24.7,18.33,Early,0,35.917688884232405,98.0,66.22148621393367,0.050959356302867756,0.050959356302867756,3519.9335106547755,4385.285236382208,1635.6707094841618,0.24551268826077988
COW01169,111,546.6,Jersey,Healthy,4.3,21.4,22.62,Mid,0,34.809591055786484,58.81071576722518,56.25069942970079,0.03915111598975484,0.03915111598975484,2047.176965555203,3164.1411863305407,1203.7649677955967,0.20307354555433588
COW01170,79,557.2,Holstein,Mastitis,2.7,20.1,19.89,Mid,1,42.0,60.14862885684728,66.60102156448986,0.03607322325915291,0.03607322325915291,2526.242411987586,4435.696073433643,1338.6805334462463,0.14178033022254127
COW01171,80,471.1,Guernsey,Healthy,4.5,28.5,18.11,Early,0,19.376689253681917,88.31710774262076,36.29661941313522,0.06049670982806198,0.06049670982806198,1711.2931525127078,1317.4445808219843,1034.4536532743537,0.16981532583315642
COW01172,54,545.5,Holstein,Healthy,2.5,25.8,24.24,Mid,0,49.0,62.699428976386095,77.2940024258296,0.04729605866177819,0.04729605866177819,3072.272019842919,5974.362811004153,1994.1852625864037,0.09899175068744272
COW01173,31,550.4,Holstein,Healthy,3.1,17.6,20.16,Mid,0,18.0,92.00834088405284,34.1123002718259,0.03197674418604651,0.03197674418604651,1656.150135912951,1163.6490298352135,600.3764847841359,0.056322674418604654
COW01174,12,641.2,Ayrshire,Foot and Mouth,3.2,25.0,20.21,Mid,1,34.745891810130225,70.14644491554951,58.468633239274475,0.03898939488459139,0.03898939488459139,2437.3007859009426,3418.581072868792,1461.715830981862,0.018714909544603867
COW01175,48,646.6,Brown Swiss,Healthy,2.9,16.5,24.18,Late,0,38.806306316601976,98.0,71.36322524355151,0.025518094648932878,0.025518094648932878,3803.0180190269934,5092.709917161867,1177.4932165185999,0.07423445716053201
COW01176,46,523.7,Guernsey,Healthy,2.0,22.9,19.24,Early,0,33.66665929229096,66.02532441025518,56.05420173458645,0.043727324804277254,0.043727324804277254,2222.8521015830424,3142.0735321017146,1283.6412197220295,0.08783654764177963
COW01177,32,532.9,Jersey,Mastitis,2.7,24.5,19.27,Late,1,52.0,70.37395055051248,84.4606054069927,0.045974854569337587,0.045974854569337587,3659.4454286266487,7133.593865715724,2069.284832471321,0.06004878964158379
COW01178,39,603.1,Holstein,Foot and Mouth,3.0,25.4,22.36,Early,1,49.0,69.85256049213923,79.76898593028017,0.042115735367269105,0.042115735367269105,3422.7754641148226,6363.091116345236,2026.132242629116,0.06466589288675179
COW01179,14,503.2,Holstein,Healthy,2.9,16.6,15.21,Early,0,39.704455821544805,53.24868567033833,61.63785479823987,0.03298887122416534,0.03298887122416534,2114.2100877532744,3799.225144128902,1023.1883896507819,0.02782193958664547
COW01180,77,597.1,Jersey,Ketosis,4.4,15.7,22.91,Late,1,29.04184071652756,95.0,53.54322125392323,0.026293753140177522,0.026293753140177522,2758.974868070118,2866.8765422465763,840.6285736865947,0.12895662368112543
COW01181,112,543.0,Holstein,Foot and Mouth,2.1,18.7,19.31,Mid,1,43.113143054862206,61.58518314046524,68.57355617961042,0.03443830570902394,0.03443830570902394,2655.130810794766,4702.332607118186,1282.3255005587148,0.20626151012891344
COW01182,86,472.4,Brown Swiss,Healthy,3.2,24.9,22.99,Mid,0,41.92864910585031,73.49594823721257,70.17536098191988,0.05270956816257409,0.05270956816257409,3081.585824339824,4924.581288942763,1747.3664884498048,0.18204911092294668
COW01183,60,473.5,Jersey,Mastitis,2.1,30.8,22.05,Mid,1,49.0,66.98389807526075,78.77642873404022,0.06504751847940866,0.06504751847940866,3282.211005687777,6205.725724089318,2426.314005008439,0.12671594508975711
COW01184,57,665.8,Brown Swiss,Healthy,4.8,28.0,23.96,Mid,0,52.0,66.0085561417844,82.81921710931093,0.04205467107239411,0.04205467107239411,3432.4449193727887,6859.022722599179,2318.938079060706,0.08561129468308802
COW01185,45,537.5,Brown Swiss,Healthy,4.4,27.4,17.02,Mid,0,19.4003860229241,85.05868313298491,36.17357132100435,0.05097674418604651,0.05097674418604651,1650.1712873814902,1308.5272621157885,991.1558541955192,0.08372093023255814
COW01186,27,681.2,Jersey,Healthy,4.9,19.9,21.71,Early,0,35.42905531931586,45.94607481390639,54.40526974512331,0.029213153258954783,0.029213153258954783,1627.8260262873146,2959.9333760396303,1082.6648679279538,0.03963593658250147
COW01187,76,508.9,Brown Swiss,Foot and Mouth,4.7,16.0,18.36,Mid,1,28.611382655344624,72.47155018512348,49.58831543734371,0.03144036156415799,0.03144036156415799,2073.511253972579,2459.0010279135004,793.4130469974994,0.14934171742975044
COW01188,73,573.3,Holstein,Healthy,2.9,30.1,21.96,Late,0,41.59756460439427,51.79274949034272,63.76441818654347,0.05250305250305251,0.05250305250305251,2154.45224296374,4065.901026668396,1919.3089874149587,0.12733298447584163
COW01189,12,741.4,Jersey,Healthy,4.1,23.0,16.0,Late,0,26.323644689060245,93.7068585395579,48.63218861278539,0.03102239007283518,0.03102239007283518,2466.706049123353,2365.089769269533,1118.540338094064,0.016185594820609658
COW01190,56,465.4,Ayrshire,Healthy,2.9,15.8,16.64,Mid,0,42.68940826588422,80.6436088293919,73.3651263547967,0.033949290932531156,0.033949290932531156,3442.6279413521756,5382.441765055285,1159.168996405788,0.12032660077352815
COW01191,42,398.2,Ayrshire,Healthy,4.7,23.6,22.23,Mid,0,40.17099171767828,53.45076777056023,62.31158630932915,0.05926670015067806,0.05926670015067806,2147.17034941472,3882.733788384976,1470.553436900168,0.10547463586137619
COW01192,30,652.9,Brown Swiss,Bloat,3.2,26.2,22.71,Mid,1,23.302551615450948,86.14660280215,42.71128707177967,0.04012865676213815,0.04012865676213815,2007.4356582928517,1824.2540433279735,1119.0357212806273,0.04594884362076888
COW01193,87,483.9,Ayrshire,Mastitis,3.1,19.8,20.1,Mid,1,32.58063254870172,68.51101724206441,54.92024233911879,0.04091754494730317,0.04091754494730317,2232.1322783014684,3016.2330185875367,1087.4207983145523,0.17978921264724118
COW01194,68,548.3,Brown Swiss,Healthy,4.7,14.2,19.44,Late,0,29.548276487891602,95.0,54.429483853810304,0.02589823089549517,0.02589823089549517,2807.0862663497023,2962.5687125921963,772.8986707241063,0.1240196972460332
COW01195,80,503.1,Holstein,Bloat,4.5,25.2,18.53,Mid,1,52.0,67.30491869215265,83.30664942824939,0.05008944543828264,0.05008944543828264,3499.855771991938,6939.997838961243,2099.3275655918846,0.1590141125024846
COW01196,89,571.5,Ayrshire,Foot and Mouth,4.9,14.7,22.52,Mid,1,38.88697613162205,42.640263316414426,57.95089200604883,0.025721784776902887,0.025721784776902887,1658.150901831487,3358.3058842967343,851.8781124889177,0.1557305336832896
COW01197,118,474.0,Brown Swiss,Healthy,2.2,21.8,19.31,Mid,0,25.27830550395977,85.89174538095097,45.96621086839092,0.045991561181434604,0.045991561181434604,2171.197780008004,2112.892541597379,1002.0633969309221,0.2489451476793249
COW01198,98,535.6,Guernsey,Healthy,2.7,28.8,25.33,Early,0,52.0,90.04777148202741,91.85796207724232,0.0537714712471994,0.0537714712471994,4682.484117065425,8437.885196984089,2645.509307824579,0.18297236743838685
COW01199,78,586.0,Guernsey,Healthy,2.9,32.0,21.77,Late,0,35.49901759548711,98.0,65.47625131996705,0.05460750853242321,0.05460750853242321,3478.903724357737,4287.1394869154865,2095.2400422389455,0.13310580204778158
COW01200,106,469.3,Jersey,Healthy,3.3,20.7,20.64,Late,0,26.608552244957885,73.8772114264482,46.706179750082235,0.0441082463243128,0.0441082463243128,1965.7656399524465,2181.4672268469917,966.8179208267022,0.22586831451097378
COW01201,63,494.0,Guernsey,Healthy,3.4,14.4,17.51,Early,0,24.645672644531164,72.30931369335087,43.52511368815281,0.029149797570850202,0.029149797570850202,1782.1116744370404,1894.435521566627,626.7616371094005,0.12753036437246965
COW01202,118,522.2,Brown Swiss,Healthy,2.9,22.9,19.84,Early,0,19.86147099591013,95.0,37.47757424284272,0.043852929911911136,0.043852929911911136,1886.8397446114623,1404.5685711277881,858.2364501610982,0.22596706242818843
COW01203,94,435.7,Jersey,Bloat,4.4,19.0,20.77,Mid,1,24.878986308690997,84.20267399707431,45.12677572665793,0.04360798714711958,0.04360798714711958,2094.8771735283835,2036.4258874840837,857.4087388065008,0.21574477851732846
COW01204,82,516.2,Jersey,Healthy,2.7,30.1,20.46,Early,0,33.600126568659775,60.49537288421922,54.895289416880594,0.05831073227431228,0.05831073227431228,2032.6521857280343,3013.4928001630824,1652.348211448106,0.1588531576908175
COW01205,109,559.5,Guernsey,Foot and Mouth,4.1,26.8,20.28,Late,1,31.475007550562967,80.53589422033882,55.33151605948663,0.047899910634495085,0.047899910634495085,2534.867878676505,3061.576669441227,1482.8846303942419,0.19481680071492405
COW01206,67,518.0,Jersey,Bloat,4.6,21.3,22.15,Early,1,32.682652984479645,95.0,59.91464272283938,0.04111969111969112,0.04111969111969112,3104.852033525566,3589.76441260549,1276.181889996479,0.12934362934362933
COW01207,89,528.3,Holstein,Healthy,3.8,27.7,25.29,Early,0,31.697466589832466,57.31383905443392,51.67181543365703,0.0524323301154647,0.0524323301154647,1816.7034985629543,2669.976510209917,1431.3092875122998,0.16846488737459778
COW01208,42,548.4,Ayrshire,Healthy,3.1,20.1,21.42,Early,0,42.0,50.60115269929998,63.965918145006796,0.03665207877461707,0.03665207877461707,2125.2484133705993,4091.63868413371,1285.7149547146366,0.07658643326039388
COW01209,116,497.5,Jersey,Mastitis,2.6,23.4,23.38,Mid,1,37.33804022490813,51.27877486670155,58.03277818569058,0.047035175879396984,0.047035175879396984,1914.6489586569105,3367.803343949565,1357.9670095451595,0.23316582914572864
COW01210,79,605.3,Guernsey,Mastitis,2.4,30.6,24.02,Mid,1,19.271462271683145,94.92720146503343,36.44151262228027,0.050553444572939046,0.050553444572939046,1829.3859815898568,1327.9838421998122,1115.1102862417763,0.13051379481248968
COW01211,96,664.9,Guernsey,Healthy,4.2,17.6,25.76,Late,0,25.88735083184035,85.73423783057788,46.95847334807516,0.026470145886599492,0.026470145886599492,2219.432293020609,2205.0982191818853,826.4691309261228,0.1443826139269063
COW01212,61,512.8,Ayrshire,Mastitis,3.4,19.6,19.65,Late,1,21.624097282170542,73.11691682444507,38.98131502685807,0.03822152886115445,0.03822152886115445,1581.0873223841722,1519.5429212231509,764.0337745264183,0.11895475819032762
COW01213,105,588.8,Guernsey,Healthy,2.1,29.9,21.44,Mid,0,38.606302315407824,62.644478644648856,62.44895373696106,0.05078125,0.05078125,2418.471680946423,3899.8718228411026,1867.2237167351357,0.1783288043478261
COW01214,20,530.8,Guernsey,Mastitis,5.0,22.3,19.26,Early,1,42.0,49.08416507927482,63.54722956187985,0.04201205727204221,0.04201205727204221,2061.5349333295426,4038.250384990257,1417.1032192299208,0.037678975131876416
COW01215,24,579.2,Ayrshire,Mastitis,4.0,19.7,21.95,Early,1,29.36874687417848,76.35816032842948,51.324857236684764,0.03401243093922651,0.03401243093922651,2242.5434824635827,2634.2409703660724,1011.0996875626898,0.04143646408839779
COW01216,66,675.3,Ayrshire,Healthy,4.5,14.7,25.19,Late,0,35.91858229004603,49.9051959171395,55.87375648247518,0.02176810306530431,0.02176810306530431,1792.5238862506444,3121.8766634629374,821.3442202923851,0.09773434029320303
COW01217,91,590.7,Holstein,Healthy,3.3,21.5,22.54,Early,0,39.77947038358218,98.0,73.09545728277628,0.03639749449805316,0.03639749449805316,3898.3880975910533,5342.945875378172,1571.55233157969,0.15405451159641104
COW01218,99,408.1,Guernsey,Healthy,4.9,23.0,22.11,Late,0,32.89029813615789,95.0,60.2780217382763,0.05635873560401862,0.05635873560401862,3124.5783229349995,3633.4399046801104,1386.394499980355,0.2425876010781671
COW01219,59,586.3,Holstein,Bloat,2.6,21.3,20.61,Late,1,36.68451729249242,65.88133058965654,60.428950341770054,0.036329524134402186,0.036329524134402186,2416.8248112686656,3651.658039408111,1287.1366422797023,0.10063107624083234
COW01220,82,648.6,Ayrshire,Bloat,2.6,19.0,25.19,Mid,1,35.75586759827811,86.16087359536972,63.405096165169404,0.02929386370644465,0.02929386370644465,3080.756788428016,4020.20621971438,1204.6968271382186,0.12642614862781376
COW01221,71,532.3,Holstein,Mastitis,4.7,20.6,24.09,Mid,1,46.64232602956244,74.92492989235781,77.87140099696504,0.03869998121360136,0.03869998121360136,3494.673007781462,6063.955093230127,1604.15086053748,0.13338343039639303
COW01222,115,629.7,Jersey,Healthy,4.7,25.6,23.84,Late,0,22.875341392834702,86.14017057678079,42.000946647020086,0.040654279815785295,0.040654279815785295,1970.4858095808754,1764.079519245828,1075.2242341637143,0.182626647609973
COW01223,82,494.8,Holstein,Healthy,3.5,30.0,21.47,Mid,0,23.696516756443245,86.26408897509378,43.3767688915173,0.06063055780113177,0.06063055780113177,2044.1584298776208,1881.544079468103,1301.3030667455191,0.16572352465642684
COW01224,57,431.2,Guernsey,Healthy,2.4,25.7,21.89,Mid,0,42.0,49.60109252549442,63.68990153703646,0.05960111317254174,0.05960111317254174,2083.2458860707657,4056.4035577973996,1636.8304695018371,0.13218923933209648
COW01225,116,561.3,Holstein,Healthy,2.9,25.6,19.05,Mid,0,27.486900865196244,82.31861720069722,49.162476518812625,0.04560840905041868,0.04560840905041868,2262.6836703556028,2416.949097462803,1258.5593988816033,0.20666310350970962
COW01226,23,409.5,Holstein,Healthy,4.3,28.7,18.99,Mid,0,52.0,98.0,94.84800000000001,0.07008547008547009,0.07008547008547009,5096.0,8996.143104000002,2722.1376000000005,0.05616605616605617
COW01227,118,530.8,Brown Swiss,Foot and Mouth,4.5,17.0,21.6,Mid,1,35.821346010990545,81.66714400981635,62.55127830442914,0.03202712886209495,0.03202712886209495,2925.4270233050256,3912.662417518148,1063.3717311752953,0.22230595327807084
COW01228,28,652.9,Ayrshire,Healthy,3.0,19.4,18.36,Late,0,43.9607808731084,98.0,80.53818995413295,0.02971358554143054,0.02971358554143054,4308.156525564623,6486.400041088001,1562.4408851101791,0.042885587379384284
COW01229,43,397.2,Brown Swiss,Healthy,2.2,14.9,20.47,Mid,0,43.74309440603856,74.97076301936934,73.39321729453184,0.03751258811681773,0.03751258811681773,3279.4531644490175,5386.564344842367,1093.5589376885243,0.108257804632427
COW01230,100,447.6,Brown Swiss,Ketosis,4.0,20.3,17.25,Mid,1,37.706120095274585,48.05053113448633,57.763610568840356,0.045352993744414656,0.045352993744414656,1811.799097598672,3336.634705948645,1172.6012945474592,0.22341376228775692
COW01231,91,467.4,Guernsey,Mastitis,4.2,32.0,19.68,Early,1,24.980664380225456,78.91839681662253,44.734622205601724,0.06846384253316218,0.06846384253316218,1971.4339843015005,2001.1864238779149,1431.5079105792552,0.19469405220367994
COW01232,116,544.9,Brown Swiss,Healthy,3.3,19.9,21.19,Late,0,42.0,51.4200909625052,64.19194510565143,0.03652046247017801,0.03652046247017801,2159.6438204252186,4120.605816446966,1277.4197076024634,0.21288309781611306
COW01233,92,520.7,Jersey,Bloat,3.7,29.5,19.55,Mid,1,25.028794963460175,95.0,46.520391186055306,0.05665450355290954,0.05665450355290954,2377.7355215287166,2164.1467961036124,1372.3515399886314,0.1766852314192433
COW01234,80,661.9,Brown Swiss,Healthy,5.0,15.5,23.35,Mid,0,38.65350597304404,47.0604710704485,58.73661894044913,0.023417434657803295,0.023417434657803295,1819.0521996158475,3449.990404555527,910.4175935769615,0.12086417887898475
COW01235,49,626.3,Holstein,Healthy,2.7,22.3,22.4,Early,0,44.219347559043406,64.45990445214811,70.99700099204807,0.035605939645537286,0.035605939645537286,2850.3749185922666,5040.574149864875,1583.233122122672,0.07823726648570974
COW01236,12,589.6,Jersey,Mastitis,3.7,20.3,17.91,Late,1,42.0,57.042963120343586,65.74385782121483,0.034430122116689284,0.034430122116689284,2395.8044510544305,4322.25484121611,1334.6003137706612,0.020352781546811395
COW01237,25,561.7,Guernsey,Foot and Mouth,3.8,17.6,21.85,Mid,1,39.42415759527369,56.38279954109971,62.048646690011,0.031333452020651596,0.031333452020651596,2222.84437477104,3850.0345560618125,1092.0561817441937,0.04450774434751646
COW01238,44,581.5,Jersey,Healthy,3.6,20.7,19.62,Mid,0,49.0,65.34160558265937,78.20819553160015,0.035597592433361996,0.035597592433361996,3201.738673550309,6116.521848309002,1618.909647504123,0.07566638005159071
COW01239,16,481.0,Holstein,Healthy,4.6,25.7,24.64,Mid,0,52.0,73.97061523901192,85.8129513298685,0.053430353430353426,0.053430353430353426,3846.47199242862,7363.862615942379,2205.3928491776205,0.033264033264033266
COW01240,66,618.6,Holstein,Healthy,3.8,22.8,22.25,Mid,0,20.652078631107543,81.49595750627982,38.01685424935264,0.03685741998060136,0.03685741998060136,1683.06092253709,1445.2812070165219,866.7842768852403,0.1066925315227934
COW01241,95,461.0,Ayrshire,Healthy,3.5,29.2,17.69,Mid,0,44.747904472796755,74.8815927206636,74.92331780481314,0.0633405639913232,0.0633405639913232,3350.794357835128,5613.50355088103,2187.7608799005434,0.20607375271149675
COW01242,116,616.8,Jersey,Mastitis,2.4,30.3,19.49,Early,1,37.95600067083683,58.93201568267443,60.646826546217916,0.04912451361867705,0.04912451361867705,2236.823626785357,3678.0375701270423,1837.598844350403,0.18806744487678342
COW01243,64,644.9,Holstein,Healthy,4.1,22.7,25.68,Mid,0,36.10543574974076,62.67896802465312,58.88909173298424,0.03519925569855792,0.03519925569855792,2263.0514528741687,3467.925125135833,1336.7823823387423,0.09924019227787254
COW01244,106,566.9,Guernsey,Healthy,2.4,31.7,20.64,Mid,0,47.644048300237316,67.67426778009933,77.01290490783802,0.05591815134944435,0.05591815134944435,3224.2760827982465,5930.987522343701,2441.3090855784653,0.1869818310107603
COW01245,118,535.9,Brown Swiss,Healthy,2.1,15.3,17.5,Mid,0,42.65358674240712,67.30985241093299,69.54031693103485,0.02855010263108789,0.02855010263108789,2871.006628428351,4835.855678868773,1063.9668490448332,0.2201903340175406
COW01246,104,582.0,Brown Swiss,Healthy,3.5,19.0,24.03,Mid,0,21.933459705850787,82.01770805780396,40.125538752877624,0.03264604810996564,0.03264604810996564,1798.9320948520765,1610.0588602086839,762.3852363046749,0.17869415807560138
COW01247,62,321.1,Ayrshire,Healthy,3.7,21.5,17.85,Mid,0,42.0,45.21721313086493,62.479950824118724,0.06695733416381189,0.06695733416381189,1899.122951496327,3903.744254984294,1343.3189427185525,0.19308626596075987
COW01248,47,574.2,Jersey,Healthy,5.0,24.5,23.18,Early,0,24.468367022797743,83.72531318214196,44.40446544040311,0.04266805990943922,0.04266805990943922,2048.6216920393354,1971.756551047954,1087.909403289876,0.08185301288749564
COW01249,117,540.9,Brown Swiss,Healthy,4.1,23.8,23.35,Late,0,22.33009750034989,74.26187451161486,40.15311705463846,0.044000739508227034,0.044000739508227034,1658.2748984031082,1612.2728092034977,955.6441859003953,0.21630615640599002
COW01250,38,545.9,Guernsey,Healthy,4.5,24.2,21.55,Mid,0,52.0,81.10121027261057,88.49405506250159,0.04433046345484521,0.04433046345484521,4217.26293417575,7831.197781405062,2141.556132512538,0.06960981864810405
COW01251,56,606.5,Guernsey,Foot and Mouth,3.0,30.1,28.18,Mid,1,37.86065492192901,54.980458644913824,59.58729961472033,0.049629018961253095,0.049629018961253095,2081.5961722044713,3550.6462753744495,1793.577718403082,0.09233305853256389
COW01252,19,544.0,Jersey,Ketosis,3.5,19.0,15.56,Late,1,46.51177112524465,74.5349380311867,77.54390560911332,0.034926470588235295,0.034926470588235295,3466.7519785408485,6013.057297115077,1473.334206573153,0.034926470588235295
COW01253,97,458.8,Guernsey,Healthy,4.9,28.7,18.52,Mid,0,25.026800020182623,78.80175542690202,44.795544977756386,0.06255448997384482,0.06255448997384482,1972.1557743084177,2006.6408498541953,1285.6321408616081,0.21142109851787272
COW01254,82,538.7,Guernsey,Healthy,3.3,24.0,21.02,Mid,0,37.58715216288685,56.50353586262193,59.57128256818697,0.04455169853350659,0.04455169853350659,2123.8070002095046,3548.737706818777,1429.7107816364874,0.15221830332281416
COW01255,21,555.4,Holstein,Healthy,4.4,22.8,25.78,Mid,0,20.375892218224934,79.66495587552285,37.46140567339764,0.04105149441843717,0.04105149441843717,1623.2445544892987,1403.356915026869,854.1200493534662,0.03781058696435002
COW01256,35,559.2,Holstein,Healthy,3.6,19.4,25.39,Late,0,26.76891443290092,86.05667708013662,48.45940829816069,0.034692417739628036,0.034692417739628036,2303.643825137963,2348.314252607845,940.1125209843173,0.06258941344778254
COW01257,71,563.0,Guernsey,Healthy,2.7,19.5,25.14,Late,0,31.431969888992302,95.0,57.72594730573653,0.03463587921847247,0.03463587921847247,2986.0371394542685,3332.2849923446706,1125.6559724618623,0.1261101243339254
COW01258,70,633.1,Holstein,Bloat,3.7,21.0,20.76,Early,1,31.905277772874705,64.65396198334396,53.24207785465294,0.03317011530563892,0.03317011530563892,2062.8026161954704,2834.718854280925,1118.0836349477117,0.1105670510187964
COW01259,98,463.1,Ayrshire,Mastitis,2.7,27.7,18.9,Mid,1,32.70340484080873,74.05324964064823,56.11698995214957,0.059814294968689265,0.059814294968689265,2421.7934027755928,3149.1165612896552,1554.4406216745429,0.21161736126106673
COW01260,40,564.1,Holstein,Healthy,2.0,22.6,19.1,Late,0,52.0,98.0,94.84800000000001,0.04006381847190214,0.04006381847190214,5096.0,8996.143104000002,2143.5648000000006,0.07090941322460556
COW01261,111,653.2,Ayrshire,Ketosis,2.7,16.8,20.6,Late,1,48.3110267628815,68.51709492662155,78.28367180802076,0.025719534598897732,0.025719534598897732,3310.131206714906,6128.333271745903,1315.1656863747487,0.16993263931414573
COW01262,60,411.2,Guernsey,Healthy,2.6,27.7,23.67,Early,0,38.326015589365866,55.36401122636203,60.30721442841034,0.06736381322957198,0.06736381322957198,2121.881957351378,3636.960112114264,1670.5098396669664,0.14591439688715954
COW01263,100,564.4,Brown Swiss,Healthy,3.1,25.9,21.16,Mid,0,28.625183086801176,71.052698304463,49.40752289136328,0.045889440113394755,0.045889440113394755,2033.8964977765006,2441.1033182605865,1279.6548428863089,0.17717930545712263
COW01264,37,503.2,Jersey,Healthy,4.7,31.1,20.04,Mid,0,21.2665528324759,76.58744980814075,38.67215997010266,0.06180445151033387,0.06180445151033387,1628.7510476494213,1495.5359567532107,1202.7041750701928,0.07352941176470588
COW01265,15,520.3,Jersey,Healthy,3.2,23.5,21.27,Early,0,25.0,95.0,46.47,0.045166250240246016,0.045166250240246016,2375.0,2159.4609,1092.045,0.028829521429944265
COW01266,17,477.6,Guernsey,Bloat,4.5,25.8,14.79,Mid,1,41.63011796983218,53.19628354562477,64.1895051409058,0.05402010050251256,0.05402010050251256,2214.567559561002,4120.292570234371,1656.0892326353696,0.03559463986599665
COW01267,52,536.4,Guernsey,Healthy,3.7,22.6,21.38,Mid,0,34.32720028633459,93.5249583971626,62.49866600658137,0.04213273676360925,0.04213273676360925,3210.4499786705105,3906.083252602209,1412.469851748739,0.09694258016405667
COW01268,114,697.3,Jersey,Mastitis,2.0,26.3,20.25,Early,1,32.3248143359031,89.74562217515846,58.34658761822072,0.037716908073999716,0.037716908073999716,2901.0105742721053,3404.324286690707,1534.5152543592048,0.16348773841961853
COW01269,17,448.8,Brown Swiss,Healthy,2.6,21.9,17.87,Mid,0,33.25111817101947,69.85070002768947,56.168532542319646,0.04879679144385026,0.04879679144385026,2322.6138809491354,3154.904047957621,1230.0908626768003,0.03787878787878788
COW01270,51,456.4,Ayrshire,Bloat,4.8,16.5,18.79,Late,1,42.59552793721338,89.94373061710368,75.83653204368812,0.036152497808939525,0.036152497808939525,3831.2006902780345,5751.179592413336,1251.3027787208541,0.11174408413672218
COW01271,23,445.8,Jersey,Healthy,3.8,31.8,17.33,Late,0,42.0,49.367659513756735,63.625474025796855,0.07133243606998654,0.07133243606998654,2073.441699577783,4048.20094500735,2023.29007402034,0.0515926424405563
COW01272,112,688.2,Guernsey,Healthy,4.8,27.0,23.51,Late,0,36.911226732024424,49.40370559221945,57.05036156550589,0.039232781168265035,0.039232781168265035,1823.5513785165952,3254.7437547549516,1540.3597622686589,0.16274338854984016
COW01273,84,513.0,Holstein,Healthy,2.9,25.0,21.9,Late,0,32.743339538245515,95.0,60.02084419192965,0.04873294346978557,0.04873294346978557,3110.6172561333237,3602.501737511895,1500.5211047982411,0.16374269005847952
COW01274,94,547.9,Ayrshire,Bloat,4.1,22.7,21.13,Late,1,48.64493220330557,74.23698345212024,80.73835041560221,0.04143091805073919,0.04143091805073919,3611.2530270063066,6518.681227832574,1832.7605544341702,0.17156415404270853
COW01275,89,517.8,Holstein,Healthy,4.3,26.8,22.3,Mid,0,42.0,43.49833717933735,62.005541061497105,0.051757435303205875,0.051757435303205875,1826.9301615321685,3844.6871223290036,1661.7485004481225,0.1718810351487061
COW01276,82,474.4,Jersey,Healthy,4.9,16.3,18.72,Early,0,47.28907825743833,65.1248166180296,75.65021450846763,0.03435919055649241,0.03435919055649241,3079.6925495513215,5722.954955177166,1233.0984964880224,0.17284991568296798
COW01277,95,531.2,Brown Swiss,Foot and Mouth,2.1,19.9,23.17,Late,1,44.82950858429046,70.40361873685214,73.68708207461391,0.037462349397590355,0.037462349397590355,3156.1596305288253,5429.786064670887,1466.3729332848168,0.1788403614457831
COW01278,12,746.7,Jersey,Healthy,4.9,16.2,21.33,Mid,0,24.05221878503865,77.12812131906264,43.086350042536885,0.021695460024106064,0.021695460024106064,1855.1024484450986,1856.4335599880183,697.9988706890975,0.016070711128967456
COW01279,105,661.4,Holstein,Healthy,3.2,16.3,21.62,Mid,0,34.1130712264145,95.0,62.41787464622537,0.02464469307529483,0.02464469307529483,3240.741766509377,3895.991075351904,1017.4113567334736,0.15875415784699123
COW01280,91,481.8,Guernsey,Healthy,4.5,14.4,18.93,Late,0,39.179431525602276,47.93940153900987,59.622656398624294,0.029887920298879204,0.029887920298879204,1878.2384999759895,3554.8611560284144,858.5662521401898,0.1888750518887505
COW01281,91,601.8,Holstein,Healthy,3.6,27.6,21.76,Mid,0,36.702708196050985,49.84170532744267,56.878216655955924,0.04586241276171486,0.04586241276171486,1829.325566626688,3235.131529961862,1569.8387797043836,0.15121302758391494
COW01282,54,483.5,Ayrshire,Healthy,3.7,18.1,25.34,Late,0,46.84443831311493,67.44847234878472,75.75882865483177,0.03743536711478801,0.03743536711478801,3159.585802256484,5739.40011915216,1371.2347986524553,0.11168562564632885
COW01283,98,407.9,Holstein,Healthy,3.1,29.0,19.77,Mid,0,26.81096495620464,74.44932134364825,47.088651147056076,0.07109585682765385,0.07109585682765385,1996.0581455577712,2217.3410668491456,1365.5708832646262,0.2402549644520716
COW01284,53,631.6,Jersey,Healthy,4.5,30.3,19.55,Early,0,27.836416560709367,75.0406963367188,48.751913798426,0.04797340088663711,0.04797340088663711,2088.864082234602,2376.7490990091596,1477.1829880923078,0.08391386953768207
COW01285,17,642.8,Ayrshire,Healthy,2.8,17.0,23.23,Late,0,31.930272448013387,76.00750469274854,55.26854061198609,0.02644679527069073,0.02644679527069073,2426.940332933117,3054.6115813787555,939.5651904037635,0.02644679527069073
COW01286,110,633.7,Holstein,Healthy,3.5,26.8,21.17,Mid,0,43.84653112110083,66.38438912317778,71.0251246995899,0.04229130503392772,0.04229130503392772,2910.725183644682,5044.568338592295,1903.4733419490092,0.1735837146914944
COW01287,37,512.4,Holstein,Ketosis,3.7,22.3,21.13,Mid,1,42.0,52.07678186966319,64.37319179602704,0.04352068696330992,0.04352068696330992,2187.224838525854,4143.907822008084,1435.522177051403,0.07220921155347385
COW01288,23,536.7,Guernsey,Healthy,4.2,30.5,18.5,Mid,0,43.09732004507728,78.44607059019538,73.38977597611745,0.056828768399478286,0.056828768399478286,3380.8154105043745,5386.059217824706,2238.388167271582,0.04285448108813117
COW01289,79,610.0,Holstein,Healthy,3.4,22.7,25.72,Early,0,36.54188429322775,80.06929979092082,63.36235914868555,0.03721311475409836,0.03721311475409836,2925.883088399594,4014.788556887015,1438.3255526751618,0.12950819672131147
COW01290,37,581.3,Ayrshire,Healthy,4.0,20.8,19.77,Early,0,37.18874742609022,79.17510465316744,64.1940125646251,0.03578186822638913,0.03578186822638913,2944.4229693809043,4120.871249147245,1335.2354613442021,0.0636504386719422
COW01291,104,518.5,Brown Swiss,Mastitis,3.5,19.3,24.63,Early,1,20.058828350644,81.25960804426546,37.04540441814628,0.03722275795564128,0.03722275795564128,1629.9725296005313,1372.361988504012,714.9763052702233,0.20057859209257473
COW01292,59,420.5,Ayrshire,Healthy,4.0,30.3,17.4,Early,0,35.83642028906341,93.55872489922439,65.12477771773709,0.07205707491082046,0.07205707491082046,3352.809787197467,4241.236672784666,1973.2807648474338,0.1403091557669441
COW01293,12,559.1,Jersey,Healthy,4.0,18.1,18.86,Mid,0,42.0,40.06007267708939,61.05658005887667,0.03237345734215704,0.03237345734215704,1682.5230524377544,3727.9059684860163,1105.124099065668,0.021463065641209086
COW01294,114,636.3,Holstein,Mastitis,4.1,28.9,25.76,Mid,1,42.0,52.59783140443032,64.51700146762278,0.04541882759704542,0.04541882759704542,2209.1089189860736,4162.4434783732395,1864.5413424142982,0.17916077322017918
COW01295,67,454.2,Ayrshire,Healthy,4.5,17.5,20.99,Early,0,36.65730488261823,46.67586063912766,56.11463251513123,0.03852928225451343,0.03852928225451343,1711.0112541071023,3148.851982308223,982.0060690147965,0.1475121092029943
COW01296,40,601.1,Guernsey,Mastitis,3.6,25.6,27.29,Mid,1,46.965022726142685,78.68477684981711,79.59573364407174,0.0425885875894194,0.0425885875894194,3695.4323329531267,6335.480814338014,2037.6507812882367,0.0665446681084678
COW01297,85,576.5,Ayrshire,Bloat,2.6,22.1,21.43,Early,1,42.0,46.45859160591315,62.82257128323203,0.0383347788378144,0.0383347788378144,1951.2608474483523,3946.6754626367697,1388.378825359428,0.1474414570685169
COW01298,69,610.0,Jersey,Foot and Mouth,4.0,15.9,23.1,Early,1,22.66768078571578,95.0,42.388441375002614,0.026065573770491804,0.026065573770491804,2153.429674642999,1796.7799622020334,673.9762178625416,0.11311475409836065
COW01299,15,619.8,Brown Swiss,Healthy,2.2,16.3,25.29,Late,0,35.24830809279991,46.64495192322908,54.32332976093313,0.026298806066473057,0.026298806066473057,1644.1556363638183,2951.024156315083,885.47027510321,0.024201355275895453
COW01300,94,494.4,Brown Swiss,Healthy,2.7,19.1,17.25,Late,0,42.0,41.9772048930713,61.58570855048768,0.0386326860841424,0.0386326860841424,1763.0426055089947,3792.7994976656114,1176.2870333143148,0.19012944983818772
COW01301,55,420.6,Brown Swiss,Healthy,4.4,27.8,15.84,Late,0,37.74418721745309,95.0,68.77232763054292,0.06609605325725154,0.06609605325725154,3585.6977856580434,4729.633047722737,1911.8707081290931,0.13076557299096528
COW01302,87,507.3,Jersey,Mastitis,3.3,27.1,19.27,Early,1,22.20529475962965,95.0,41.57926582935188,0.0534200670214863,0.0534200670214863,2109.5030021648167,1728.835346907909,1126.798103975436,0.17149615612063868
COW01303,108,621.1,Jersey,Bloat,3.5,17.7,24.29,Mid,1,49.0,73.52357327561887,81.03915635336412,0.028497826436966668,0.028497826436966668,3602.6550905053246,6567.344862464996,1434.393067454545,0.1738850426662373
COW01304,77,506.6,Guernsey,Bloat,5.0,22.6,17.25,Early,1,29.31120194863625,95.0,54.01460341011344,0.044611133043821555,0.044611133043821555,2784.5641851204437,2917.5773815518382,1220.7300370685637,0.151993683379392
COW01305,84,494.5,Holstein,Healthy,2.7,15.7,22.62,Mid,0,47.21274573036179,98.0,86.326687400044,0.03174924165824065,0.03174924165824065,4626.849081575455,7452.296957464914,1355.3289921806906,0.1698685540950455
COW01306,39,404.3,Jersey,Foot and Mouth,2.1,26.9,20.53,Late,1,26.918155613754312,78.40019745642515,47.7487832100894,0.06653475142221123,0.06653475142221123,2110.388715281117,2279.9462980441153,1284.442268351405,0.09646302250803858
COW01307,37,690.2,Jersey,Healthy,2.3,28.3,27.59,Mid,0,21.86390116073622,93.30085339697152,40.85500440826233,0.04100260793972761,0.04100260793972761,2039.9206368837254,1669.1313851991345,1156.196624753824,0.05360764995653433
COW01308,56,616.1,Holstein,Foot and Mouth,2.7,30.1,24.92,Late,1,32.15761135812202,54.71079380972948,51.84141922217285,0.048855705242655416,0.048855705242655416,1759.3684444276287,2687.532746969073,1560.426718587403,0.09089433533517285
COW01309,104,611.6,Holstein,Healthy,4.2,29.9,23.16,Mid,0,31.429068293931703,95.0,57.720869514380475,0.04888816219751471,0.04888816219751471,2985.7614879235116,3331.698777496137,1725.853998479976,0.1700457815565729
COW01310,68,627.4,Brown Swiss,Healthy,4.3,20.1,26.05,Mid,0,35.69732035080065,40.0,53.47678442096078,0.03203697800446287,0.03203697800446287,1427.892814032026,2859.766472005914,1074.8833668613117,0.10838380618425247
COW01311,49,596.1,Holstein,Healthy,3.7,18.6,23.22,Early,0,26.89693259316602,70.89343642624898,46.777051037700154,0.031202818319073983,0.031202818319073983,1906.8159808547196,2188.092503783605,870.0531493012229,0.08220097299110887
COW01312,96,530.5,Jersey,Ketosis,2.8,30.1,20.29,Late,1,25.97710101801745,80.77456934393759,46.53303430423017,0.05673892554194157,0.05673892554194157,2098.289147534322,2165.3232815586616,1400.6443325573282,0.18096135721017909
COW01313,104,536.9,Brown Swiss,Healthy,3.6,16.6,18.49,Mid,0,39.159411692646316,76.98699958298562,66.78905753068437,0.03091823430806482,0.03091823430806482,3014.765611651724,4460.778205837067,1108.6983550093607,0.1937046004842615
COW01314,109,515.8,Ayrshire,Healthy,2.0,15.1,19.55,Early,0,35.29234953379429,64.7859548008989,58.16918775284521,0.029274912756882515,0.029274912756882515,2286.448561713922,3383.654403825757,878.3547350679627,0.21132221791392014
COW01315,44,760.8,Holstein,Healthy,4.0,19.7,23.58,Early,0,19.533838475413898,92.8695239499094,36.794842132805286,0.0258937960042061,0.0258937960042061,1814.0982801261125,1353.8604075780631,724.8583900162641,0.05783385909568875
COW01316,88,594.5,Brown Swiss,Healthy,3.8,27.7,22.74,Late,0,45.45346845122881,97.93256636070508,83.17423335928333,0.04659377628259041,0.04659377628259041,4451.37481542418,6917.953094904521,2303.9262640521483,0.14802354920100924
COW01317,75,512.9,Holstein,Bloat,2.1,26.5,16.0,Early,1,32.18898830373397,58.03566585231772,52.47514845345011,0.05166699161629948,0.05166699161629948,1868.109369319668,2753.6412052116275,1390.591434016428,0.14622733476311173
COW01318,60,587.2,Brown Swiss,Healthy,4.5,31.8,21.5,Late,0,26.108836068244987,95.0,48.41046311942873,0.05415531335149863,0.05415531335149863,2480.3394264832737,2343.572939437569,1539.4527271978336,0.10217983651226158
COW01319,54,469.1,Brown Swiss,Healthy,4.3,20.5,20.56,Mid,0,23.996135626992615,79.32758051731196,43.209290717647114,0.04370070347473886,0.04370070347473886,1903.5553810545948,1867.042804322145,885.7904597117658,0.1151140481773609
COW01320,24,670.4,Guernsey,Mastitis,2.9,19.0,23.05,Mid,1,32.93355277831586,84.39754879267268,58.388706471747554,0.02834128878281623,0.02834128878281623,2779.5111275239733,3409.241043443895,1109.3854229632036,0.03579952267303103
COW01321,41,497.1,Brown Swiss,Healthy,3.9,20.8,24.47,Mid,0,45.134156322120624,88.41562590040567,79.68112173510855,0.04184268758801046,0.04184268758801046,3990.5646807070466,6349.081160965187,1657.3673320902578,0.08247837457252062
COW01322,71,590.1,Ayrshire,Healthy,3.8,28.1,22.7,Mid,0,34.514541615605154,64.9075401105254,57.06748745968137,0.047619047619047616,0.047619047619047616,2240.2539943112897,3256.6981249608903,1603.5963976170465,0.12031859006947974
COW01323,107,635.3,Holstein,Healthy,2.4,17.9,20.19,Mid,0,25.0,95.0,46.47,0.028175665040138517,0.028175665040138517,2375.0,2159.4609,831.8129999999999,0.1684243664410515
COW01324,105,580.8,Holstein,Healthy,2.6,31.1,17.31,Early,0,42.0,43.95271000940756,62.13094796259649,0.05354683195592287,0.05354683195592287,1846.0138203951176,3860.2546947308724,1932.2724816367509,0.18078512396694216
COW01325,32,557.6,Holstein,Healthy,4.0,23.2,22.46,Early,0,35.279365067092215,95.0,64.45888886741137,0.04160688665710186,0.04160688665710186,3351.5396813737602,4154.9483540212905,1495.4462217239438,0.05738880918220947
COW01326,85,550.9,Jersey,Healthy,4.8,28.1,19.63,Late,0,44.8208770232368,63.507810248092426,71.5763344743122,0.05100744236703576,0.05100744236703576,2846.475753144808,5123.171656778613,2011.2949987281731,0.15429297513160284
COW01327,21,545.5,Holstein,Healthy,3.7,28.9,22.17,Mid,0,27.781389529012657,76.68380180963615,48.886469849013594,0.05297891842346471,0.05297891842346471,2130.3825686391074,2389.8869342985154,1412.8189786364928,0.0384967919340055
COW01328,84,503.9,Holstein,Mastitis,3.7,22.6,24.73,Mid,1,52.0,77.77808076785806,87.24455836871462,0.04485016868426275,0.04485016868426275,4044.4601999286187,7611.612964952053,1971.7270191329505,0.16669974201230403
COW01329,48,514.0,Jersey,Foot and Mouth,3.9,27.3,17.0,Early,1,38.939702934983515,55.66948078569494,61.21288755824408,0.05311284046692607,0.05311284046692607,2167.7530443397336,3747.0176032182326,1671.1118303400633,0.0933852140077821
COW01330,60,668.4,Ayrshire,Bloat,3.3,20.6,24.41,Mid,1,23.135316627346267,86.7095839613088,42.48261000715199,0.030819868342309997,0.030819868342309997,2006.0536795703445,1804.7721530197705,875.141766147331,0.08976660682226212
COW01331,89,541.3,Ayrshire,Healthy,2.2,28.6,24.89,Mid,0,36.41790057306416,88.35915599764698,64.9891515732119,0.05283576574912249,0.05283576574912249,3217.8549578421735,4223.58982220591,1858.6897349938604,0.16441899131719934
COW01332,57,487.1,Holstein,Healthy,3.2,28.8,23.33,Early,0,27.312814017047018,75.02673563763126,47.938314049586474,0.05912543625538903,0.05912543625538903,2049.1912767767762,2298.08195391678,1380.6234446280905,0.1170190925887908
COW01333,99,508.7,Ayrshire,Ketosis,4.7,24.2,15.88,Late,1,26.473597780968838,69.00338735189148,45.91006966888637,0.04757224297228229,0.04757224297228229,1826.7679222783675,2107.7344970020004,1111.0236859870502,0.19461372125024573
COW01334,69,638.0,Jersey,Mastitis,4.4,17.9,20.66,Late,1,36.778045513238425,94.18622868359324,66.89947353260806,0.0280564263322884,0.0280564263322884,3463.985405245475,4475.539558940126,1197.5005762336841,0.10815047021943573
COW01335,119,604.0,Brown Swiss,Healthy,4.8,31.5,18.49,Mid,0,26.16700882090843,95.0,48.51226543658975,0.052152317880794705,0.052152317880794705,2485.865837986301,2353.4398977901405,1528.1363612525772,0.19701986754966888
COW01336,80,594.8,Jersey,Healthy,2.5,31.0,23.65,Late,0,40.62839594770064,49.99907765989922,62.016672816997215,0.05211835911230666,0.05211835911230666,2031.382324186219,3846.0677072904814,1922.5168573269136,0.1344989912575656
COW01337,44,529.4,Brown Swiss,Healthy,3.5,25.2,21.94,Mid,0,28.35663485339952,95.0,52.344110993449156,0.04760105780128447,0.04760105780128447,2693.8803110729546,2739.905955694525,1319.0715970349188,0.0831129580657348
COW01338,95,595.9,Guernsey,Healthy,3.8,31.7,15.49,Mid,0,20.467633015780876,86.77861721937933,38.03951444166587,0.05319684510823964,0.05319684510823964,1776.1528908631792,1447.0046589577064,1205.852607800808,0.15942272193321028
COW01339,56,498.5,Guernsey,Healthy,2.6,23.1,20.14,Early,0,40.04623014419902,43.12548282235778,59.49704469077811,0.04633901705115347,0.04633901705115347,1727.0130101838413,3539.898326936448,1374.3817323569745,0.1123370110330993
COW01340,69,529.2,Brown Swiss,Healthy,2.6,20.8,23.49,Late,0,49.0,75.20668274311505,81.6215122291178,0.03930461073318216,0.03930461073318216,3685.1274544126377,6662.071258568026,1697.7274543656501,0.13038548752834467
COW01341,26,627.6,Guernsey,Ketosis,4.3,22.3,21.64,Mid,1,22.363826211123428,81.80515304263872,40.80588118895804,0.03553218610579987,0.03553218610579987,1829.4762258199273,1665.1199396073596,909.9711505137643,0.041427660930529
COW01342,24,619.9,Guernsey,Healthy,4.0,14.8,21.44,Late,0,38.274100473583914,79.44536513712535,65.98614667331003,0.02387481851911599,0.02387481851911599,3040.699887418896,4354.171552791585,976.5949707649885,0.03871592192289079
COW01343,74,471.4,Holstein,Healthy,3.9,23.9,19.93,Early,0,36.24720808253734,95.0,66.15261414444035,0.050700042426813745,0.050700042426813745,3443.4847678410474,4376.168358143209,1581.0474780521242,0.15697921086126432
COW01344,32,481.6,Jersey,Healthy,2.8,26.0,17.18,Mid,0,29.27238479742103,68.44345112982604,49.997081258599366,0.05398671096345515,0.05398671096345515,2003.5030383357491,2499.708134378988,1299.9241127235834,0.06644518272425248
COW01345,119,558.7,Holstein,Mastitis,3.5,16.0,21.1,Late,1,23.32781703373869,76.78314064383753,41.91731193643101,0.02863790943261142,0.02863790943261142,1791.1830562152666,1757.061039976062,670.6769909828962,0.2129944514050474
COW01346,104,688.1,Guernsey,Mastitis,2.1,18.6,23.3,Mid,1,40.22896642856275,82.42516562116133,69.87274149982721,0.02703095480308095,0.02703095480308095,3315.8792206424237,4882.200004701676,1299.6329918967863,0.15114082255486122
COW01347,87,396.8,Brown Swiss,Healthy,2.4,27.0,21.48,Early,0,42.0,45.77514906459069,62.63394114182703,0.06804435483870967,0.06804435483870967,1922.556260712809,3923.010582957853,1691.1164108293299,0.2192540322580645
COW01348,91,572.3,Guernsey,Healthy,3.6,28.3,23.75,Late,0,28.926296784393116,53.9297210782543,47.375028766337124,0.0494495893762013,0.0494495893762013,1559.9871174091252,2244.39335061127,1340.7133140873407,0.1590075135418487
COW01349,76,439.9,Brown Swiss,Mastitis,2.9,31.7,20.69,Early,1,40.90712167871115,60.09635284928612,65.0555107171968,0.07206183223459878,0.07206183223459878,2458.3688184525067,4232.2194746753075,2062.259689735138,0.17276653784951126
COW01350,18,499.3,Jersey,Foot and Mouth,4.9,18.6,22.01,Late,1,19.432883720342954,88.89266023053457,36.420171201596716,0.03725215301421991,0.03725215301421991,1727.440729851933,1326.4288703536147,677.415184349699,0.036050470658922494
COW01351,54,520.8,Holstein,Healthy,3.4,29.1,20.17,Late,0,20.768161482310635,76.87282135084818,37.90991458547869,0.05587557603686637,0.05587557603686637,1596.5071674152318,1437.1616238782897,1103.1785144374298,0.10368663594470047
COW01352,65,516.4,Ayrshire,Foot and Mouth,2.3,17.1,17.67,Early,1,49.0,67.27574421864702,78.87740749965187,0.033113865220759105,0.033113865220759105,3296.511466713704,6221.645413866137,1348.803668244047,0.12587141750580946
COW01353,110,507.3,Jersey,Healthy,2.1,16.4,22.03,Mid,0,39.246489486685356,44.36607315288011,58.820603290933775,0.03232801103883303,0.03232801103883303,1741.2126235600226,3459.8633715094093,964.6578939713138,0.2168342203824167
COW01354,35,550.6,Holstein,Healthy,4.2,27.1,21.11,Late,0,21.491161737220178,92.36039388355935,40.14235430119295,0.04921903378132946,0.04921903378132946,1984.9321630649354,1611.4086088425042,1087.857801562329,0.06356701779876497
COW01355,65,507.2,Jersey,Healthy,2.5,22.0,22.42,Late,0,32.429264819583096,60.56196666609176,53.2622892058438,0.04337539432176656,0.04337539432176656,1963.9800550094537,2836.871451446945,1171.7703625285635,0.12815457413249212
COW01356,49,433.0,Ayrshire,Healthy,2.6,28.3,16.75,Mid,0,31.057152236408992,76.62740938518981,54.009666025234615,0.0653579676674365,0.0653579676674365,2379.829118757475,2917.0440241573824,1528.4735485141396,0.11316397228637413
COW01357,26,612.4,Jersey,Healthy,3.3,19.1,25.57,Mid,0,39.31799676351539,91.17655759894727,70.57376908240275,0.031188765512736777,0.031188765512736777,3584.879596583883,4980.656882496306,1347.9589894738926,0.042455911169170475
COW01358,23,610.2,Ayrshire,Healthy,2.8,17.8,22.67,Mid,0,25.0,95.0,46.47,0.02917076368403802,0.02917076368403802,2375.0,2159.4609,827.166,0.03769255981645362
COW01359,51,617.5,Brown Swiss,Mastitis,3.8,23.9,21.47,Early,1,37.842890584445236,47.51852994989606,57.81402945104716,0.03870445344129554,0.03870445344129554,1798.2385296276007,3342.4620013665485,1381.755303880027,0.0825910931174089
COW01360,20,426.7,Ayrshire,Healthy,3.5,16.1,16.18,Mid,0,25.634978773030287,88.99827956338447,46.90692083573263,0.03773142723224748,0.03773142723224748,2281.469007443576,2200.259222289688,755.2014254552954,0.04687133817670495
COW01361,19,573.9,Guernsey,Ketosis,2.3,19.0,22.92,Mid,1,38.97742886661206,46.96998409740446,59.125957523488225,0.033106813033629556,0.033106813033629556,1830.769214022482,3495.8788530693337,1123.3931929462763,0.033106813033629556
COW01362,49,604.1,Holstein,Healthy,4.4,17.0,19.21,Mid,0,25.223969080964135,84.05181050832488,45.67691724618295,0.02814103625227611,0.02814103625227611,2120.120269461043,2086.380769114646,776.5075931851102,0.08111239860950173
COW01363,33,467.5,Brown Swiss,Healthy,3.3,19.8,25.36,Mid,0,40.10783134778093,78.66658111527876,68.7097370784059,0.04235294117647059,0.04235294117647059,3155.1459680781286,4721.027969383666,1360.4527941524368,0.07058823529411765
COW01364,71,550.7,Brown Swiss,Bloat,3.8,27.8,20.23,Late,1,38.793679129002385,78.78998449770943,66.65471930736388,0.050481205738151444,0.050481205738151444,3056.5533771832115,4442.851605943467,1853.0011967447158,0.12892682041038678
COW01365,13,540.7,Jersey,Foot and Mouth,2.0,16.2,23.75,Early,1,34.727712198489755,70.85936325671187,58.58625718729859,0.029961161457370072,0.029961161457370072,2460.7835737473297,3432.349531216296,949.0973664342372,0.02404290734233401
COW01366,44,697.4,Brown Swiss,Healthy,3.9,25.0,22.46,Early,0,41.16525993024561,46.47792338321446,61.77214494789425,0.03584743332377402,0.03584743332377402,1913.2757970880637,3815.797891463657,1544.3036236973562,0.06309148264984227
COW01367,60,704.0,Holstein,Mastitis,2.8,24.5,27.4,Early,1,38.17513145557747,51.56520090413265,59.19979946475214,0.03480113636363636,0.03480113636363636,1968.5083230485263,3504.6162566668677,1450.3950868864274,0.08522727272727272
COW01368,116,416.9,Guernsey,Healthy,3.5,23.7,17.72,Early,0,49.0,61.53053435267688,76.88956488602619,0.05684816502758455,0.05684816502758455,3014.9961832811673,5912.005188362432,1822.2826877988207,0.2782441832573759
COW01369,80,749.5,Ayrshire,Healthy,2.9,22.7,24.24,Late,0,37.998019956127,45.90672680945319,57.631494518601066,0.03028685790527018,0.03028685790527018,1744.3647214260727,3321.389160447545,1308.2349255722443,0.1067378252168112
COW01370,107,476.8,Holstein,Healthy,5.0,25.9,22.57,Mid,0,35.58751711509068,54.21649472435855,56.35714279099824,0.05432046979865771,0.05432046979865771,1929.430433923333,3176.127543564965,1459.6499982868543,0.22441275167785235
COW01371,49,628.5,Brown Swiss,Healthy,2.7,29.3,23.92,Early,0,34.72086509508803,92.38119943528696,62.94935098653931,0.046618933969769294,0.046618933969769294,3207.555162915021,3962.6207896265173,1844.4159839056017,0.07796340493237867
COW01372,60,627.6,Guernsey,Healthy,4.7,16.9,25.28,Late,0,44.27164408362114,70.50039072237168,72.87694106104604,0.026927979604843846,0.026927979604843846,3121.168205817065,5311.048538415178,1231.6203039316779,0.09560229445506692
COW01373,57,470.3,Holstein,Healthy,4.8,28.7,19.36,Early,0,21.91171893820475,89.95072417854459,40.68622073373585,0.06102487773761429,0.06102487773761429,1970.9749864882474,1655.368557594277,1167.694535058219,0.12119923453115032
COW01374,107,589.5,Jersey,Bloat,3.3,15.1,22.12,Mid,1,35.746460333545315,60.13254363406967,57.83333784123476,0.02561492790500424,0.02561492790500424,2149.525585770454,3344.6949658583962,873.2834014026448,0.181509754028838
COW01375,115,541.4,Jersey,Bloat,2.9,22.7,24.21,Late,1,37.455351996020525,52.42966914532454,58.45212636861996,0.041928333949021054,0.041928333949021054,1963.7717128730271,3416.6510770131167,1326.863268567673,0.2124122644994459
COW01376,115,594.3,Holstein,Foot and Mouth,3.1,23.2,19.96,Mid,1,18.0,83.75346885502006,33.81512487878072,0.03903752313646307,0.03903752313646307,1507.562439390361,1143.462670567535,784.5108971877128,0.19350496382298504
COW01377,93,568.5,Ayrshire,Mastitis,5.0,17.6,23.37,Early,1,24.371798636610237,78.26665705013653,43.702032349934115,0.030958663148636767,0.030958663148636767,1907.4992055865584,1909.867631514688,769.1557693588405,0.16358839050131926
COW01378,66,645.7,Brown Swiss,Healthy,3.9,15.6,22.3,Mid,0,30.246889230424006,95.0,55.65205615324201,0.02415982654483506,0.02415982654483506,2873.4544768902806,3097.1513540836017,868.1720759905753,0.10221465076660988
COW01379,70,556.0,Guernsey,Healthy,3.6,15.3,22.34,Mid,0,35.988476222900005,58.124395589923424,57.73895229995496,0.02751798561151079,0.02751798561151079,2091.808428658393,3333.786612696474,883.4059701893109,0.12589928057553956
COW01380,117,536.6,Brown Swiss,Mastitis,2.1,14.7,21.17,Mid,1,36.47006513595015,59.32831153502615,58.66984910859982,0.02739470741707044,0.02739470741707044,2163.7073860883465,3442.151194425871,862.4467818964173,0.21803950801341782
COW01381,42,637.7,Ayrshire,Healthy,4.5,24.3,20.16,Early,0,33.52940221514602,59.68028096334158,54.640002760723654,0.038105692331817466,0.038105692331817466,2001.0441447328021,2985.5299016918884,1327.7520670855847,0.06586169045005488
COW01382,49,596.4,Ayrshire,Healthy,2.3,16.8,21.22,Late,0,28.712664005836327,72.15060367497938,49.69680468685146,0.028169014084507043,0.028169014084507043,2071.636041137943,2469.772396083061,834.9063187391046,0.08215962441314555
COW01383,108,608.5,Guernsey,Healthy,2.1,28.6,22.47,Mid,0,32.601090904253624,61.10078643189584,53.60188240508612,0.04700082169268694,0.04700082169268694,1991.9522927876228,2873.161797368681,1533.0138367854631,0.17748562037797863
COW01384,53,496.8,Jersey,Healthy,2.8,30.2,20.54,Mid,0,33.80304652338002,90.12513888257794,60.92945984535147,0.0607890499194847,0.0607890499194847,3046.504262573868,3712.399077046297,1840.0696873296142,0.10668276972624799
COW01385,37,466.4,Brown Swiss,Healthy,3.4,19.3,23.8,Late,0,31.069023213407768,56.3533374981332,50.64876947982006,0.04138078902229846,0.04138078902229846,1750.8431508825029,2565.2978498199523,977.5212509605273,0.0793310463121784
COW01386,72,504.6,Ayrshire,Healthy,4.7,17.0,23.75,Late,0,29.885213870318232,86.99251096609976,53.77914747051518,0.033690051525961155,0.033690051525961155,2599.789795337895,2892.196702655419,914.2455069987581,0.1426872770511296
COW01387,47,500.3,Brown Swiss,Healthy,4.4,21.4,21.38,Mid,0,52.0,83.0,89.208,0.042774335398760736,0.042774335398760736,4316.0,7958.067263999999,1909.0511999999999,0.09394363381970817
COW01388,108,612.9,Brown Swiss,Healthy,2.6,29.9,20.25,Early,0,32.3175582838994,91.32671685828127,58.61756434897385,0.04878446728666993,0.04878446728666993,2951.456494944683,3436.01885020609,1752.665174034318,0.1762114537444934
COW01389,110,628.1,Holstein,Ketosis,3.1,21.2,20.23,Early,1,29.733599697596652,70.13052417663225,50.94041360114835,0.03375258716764846,0.03375258716764846,2085.232932450607,2594.9257378560596,1079.936768344345,0.17513134851138354
COW01390,45,537.6,Ayrshire,Healthy,4.3,16.0,25.97,Mid,0,34.31470920850933,95.0,62.77074111489132,0.02976190476190476,0.02976190476190476,3259.8973748083863,3940.165940112708,1004.3318578382612,0.08370535714285714
COW01391,69,664.5,Guernsey,Mastitis,3.6,31.7,20.59,Early,1,26.190949653602896,95.0,48.554161893805066,0.04770504138449962,0.04770504138449962,2488.140217092275,2357.5066372098318,1539.1669320336205,0.1038374717832957
COW01392,118,659.5,Jersey,Foot and Mouth,2.5,23.0,22.68,Mid,1,37.14133626066314,61.01960428814687,59.98974240462402,0.034874905231235785,0.034874905231235785,2266.3496413586654,3598.769193773145,1379.7640753063524,0.17892342683851403
COW01393,92,569.5,Brown Swiss,Healthy,3.2,20.2,22.86,Mid,0,38.29985363565962,63.46176602242969,62.20715210249316,0.03546971027216857,0.03546971027216857,2430.5763501195343,3869.7297727027194,1256.5844724703618,0.16154521510096576
COW01394,35,484.2,Brown Swiss,Mastitis,3.9,30.1,19.22,Mid,1,23.309932426580826,83.739650677371,42.50909223087325,0.06216439487814953,0.06216439487814953,1951.9655987150013,1807.0229222928886,1279.523676149285,0.07228418009087154
COW01395,75,676.0,Holstein,Healthy,4.9,30.7,20.79,Early,0,41.866496594281955,43.022059465715074,61.70984977336615,0.04541420118343195,0.04541420118343195,1801.182906100356,3808.1055590514184,1894.4923880423407,0.11094674556213018
COW01396,78,545.1,Ayrshire,Healthy,4.0,22.9,19.78,Late,0,23.537183692398145,79.16587869134429,42.463278711647725,0.0420106402494955,0.0420106402494955,1863.3418289282786,1803.1300389430749,972.4090824967328,0.1430930104567969
COW01397,82,560.1,Ayrshire,Healthy,2.0,19.5,20.55,Mid,0,31.256604357781143,78.99757315535487,54.72159184527181,0.03481521156936261,0.03481521156936261,2469.1958893417996,2994.4526140805183,1067.0710409828002,0.14640242813783252
COW01398,14,522.8,Ayrshire,Bloat,4.1,22.7,17.52,Mid,1,30.183210218954784,95.0,55.540617883170874,0.04342004590665647,0.04342004590665647,2867.4049708007046,3084.7602348444,1260.7720259479788,0.026778882938026015
COW01399,44,478.8,Jersey,Ketosis,2.8,17.9,23.62,Mid,1,42.0,52.07070476550165,64.37151451527845,0.037385129490392646,0.037385129490392646,2186.9696001510692,4143.691880990704,1152.250109823484,0.09189640768588136
COW01400,104,432.5,Jersey,Healthy,4.6,22.6,20.08,Early,0,44.921976069100324,89.88722898373575,79.77293937487349,0.05225433526011561,0.05225433526011561,4037.9119493251187,6363.721856507241,1802.868429872141,0.24046242774566473
COW01401,38,600.6,Holstein,Healthy,3.2,18.1,20.22,Mid,0,37.10364039907733,58.061459642685435,59.26497732699257,0.030136530136530136,0.030136530136530136,2154.2915196277413,3512.3375375689434,1072.6960896185656,0.06327006327006326
COW01402,44,487.3,Guernsey,Healthy,2.6,25.2,20.67,Early,0,26.52822467683444,79.80796395111602,47.301868919465946,0.05171352349681921,0.05171352349681921,2117.1635986959095,2237.4668032743384,1192.0070967705417,0.09029345372460497
COW01403,46,794.8,Jersey,Mastitis,3.4,27.7,25.83,Mid,1,41.679929033216034,57.2585292222221,65.36402936385828,0.03485153497735279,0.03485153497735279,2386.5314345285437,4272.4563346793275,1810.5836133788744,0.05787619526925013
COW01404,31,463.1,Ayrshire,Healthy,2.8,31.4,18.7,Early,0,39.81284135685004,40.93977052783594,58.654232021577435,0.06780393003670913,0.06780393003670913,1629.9285892105772,3440.31893404104,1841.7428854775314,0.06694018570503131
COW01405,28,449.4,Ayrshire,Healthy,2.7,29.2,21.5,Early,0,41.81128860537757,43.151887678499484,61.67751935452391,0.06497552291944815,0.06497552291944815,1804.2360295925782,3804.1163937276715,1800.9835651520982,0.06230529595015576
COW01406,49,590.8,Holstein,Foot and Mouth,3.7,15.6,18.63,Early,1,28.05294495752587,66.18579518606658,47.878666152475176,0.026404874746106977,0.026404874746106977,1856.7064693248067,2292.366672540172,746.9071919786128,0.08293838862559243
COW01407,106,672.3,Ayrshire,Healthy,4.3,17.8,25.86,Early,0,38.114538222456055,65.83624655861621,62.50439243233829,0.02647627547225941,0.02647627547225941,2509.3181358814186,3906.7990733357483,1112.5781852956216,0.1576677078685111
COW01408,12,555.2,Holstein,Healthy,4.5,23.6,19.53,Late,0,40.56834769393902,98.0,74.49965889521144,0.042507204610951005,0.042507204610951005,3975.6980740060235,5550.199175502857,1758.19194992699,0.021613832853025934
COW01409,42,595.8,Brown Swiss,Healthy,3.2,18.6,21.51,Late,0,27.533324959715884,95.0,50.903318679502796,0.031218529707955696,0.031218529707955696,2615.665871173009,2591.1478525870184,946.8017274387521,0.07049345417925479
COW01410,18,402.5,Brown Swiss,Healthy,2.2,14.3,16.38,Early,0,20.282113712278584,87.09166756531891,37.748521889934565,0.035527950310559005,0.035527950310559005,1766.4031049517628,1424.9509048748691,539.8038630260643,0.04472049689440994
COW01411,72,495.8,Ayrshire,Healthy,3.5,27.6,18.05,Early,0,27.889708430397114,74.15639936210809,48.71524880074694,0.055667607906413875,0.055667607906413875,2068.200356457281,2373.175465718676,1344.5408669006156,0.14521984671238403
COW01412,39,464.1,Guernsey,Healthy,3.3,20.4,15.76,Mid,0,23.235814397999338,74.76960633884211,41.595155160614304,0.04395604395604395,0.04395604395604395,1737.3326955008101,1730.1569328355788,848.5411652765317,0.08403361344537814
COW01413,97,398.4,Ayrshire,Healthy,2.6,15.2,17.93,Early,0,31.757270714267886,95.0,58.2952237499688,0.03815261044176707,0.03815261044176707,3016.9407178554493,3398.3331120589264,886.0874009995257,0.24347389558232932
COW01414,75,559.4,Brown Swiss,Bloat,4.7,23.2,23.37,Mid,1,32.16351940206854,49.66108189914617,50.95237144008681,0.04147300679299249,0.04147300679299249,1597.2751711909025,2596.1441553685736,1182.095017410014,0.13407222023596713
COW01415,96,370.6,Ayrshire,Healthy,4.9,31.6,17.12,Early,0,22.06527387358869,91.79019874416743,41.08818922172276,0.08526713437668645,0.08526713437668645,2025.375874201191,1688.2392935200942,1298.3867794064392,0.25903939557474365
COW01416,80,444.2,Ayrshire,Bloat,2.2,26.2,16.66,Mid,1,50.70020141027007,98.0,92.53435851028073,0.058982440342188205,0.058982440342188205,4968.6197382064665,8562.607504909163,2424.400192969355,0.180099054479964
COW01417,59,507.0,Ayrshire,Healthy,4.4,16.9,18.79,Late,0,41.686166762306016,98.0,76.48937683690471,0.03333333333333333,0.03333333333333333,4085.2443427059898,5850.624768898015,1292.6704685436896,0.11637080867850098
COW01418,104,483.5,Brown Swiss,Mastitis,3.9,23.3,19.75,Early,1,21.34915288276322,79.9224340822526,39.03325443821197,0.048190279214064116,0.048190279214064116,1706.2762639845764,1523.5949520381944,909.4748284103389,0.21509824198552224
COW01419,63,581.7,Jersey,Healthy,2.8,30.2,21.17,Late,0,36.56345196019842,76.63537918780978,62.635807018964854,0.051916795599106065,0.051916795599106065,2802.0540053850727,3923.244320917007,1891.6013719727387,0.10830324909747291
COW01420,114,574.4,Ayrshire,Mastitis,3.9,15.0,21.19,Late,1,18.0,88.96298080033218,34.00266730881196,0.026114206128133706,0.026114206128133706,1601.3336544059791,1156.1813841137493,510.04000963217936,0.19846796657381616
COW01421,119,621.5,Guernsey,Healthy,2.4,25.5,24.48,Late,0,29.273865554474227,66.35032803972716,49.68795103116101,0.04102976669348351,0.04102976669348351,1942.3305825302343,2468.8924776750546,1267.0427512946058,0.1914722445695897
COW01422,75,610.2,Ayrshire,Healthy,2.2,27.0,25.63,Mid,0,38.86941311754106,73.34321703079098,65.44218526299181,0.04424778761061947,0.04424778761061947,2850.8078021392876,4282.679611995743,1766.939002100779,0.12291052114060963
COW01423,84,641.3,Brown Swiss,Healthy,5.0,26.7,27.9,Late,0,40.80545050471174,53.9756909242999,63.296884755361596,0.04163418057071574,0.04163418057071574,2202.502384469138,4006.4956197335273,1690.0268229681546,0.13098393887416188
COW01424,39,549.8,Ayrshire,Healthy,3.9,16.7,16.89,Mid,0,45.36412599918882,66.52434358506905,73.28998236716512,0.03037468170243725,0.03037468170243725,3017.8187044064007,5371.421515379375,1223.9427055316576,0.07093488541287742
COW01425,99,574.3,Guernsey,Bloat,2.8,30.3,19.77,Late,1,36.6614860710777,45.581265494957194,55.876255926043,0.0527598815949852,0.0527598815949852,1671.0769300454676,3122.1559763126556,1693.050554559103,0.17238377154797146
COW01426,84,590.9,Guernsey,Ketosis,3.4,19.8,24.03,Early,1,42.0,59.76953432552543,66.49639147384502,0.033508207818581826,0.033508207818581826,2510.320441672068,4421.770079042849,1316.6285511821316,0.14215603316974107
COW01427,109,561.3,Holstein,Mastitis,4.9,14.9,20.38,Mid,1,51.307196052263386,78.83100202652624,86.54006930970448,0.026545519330126496,0.026545519330126496,4044.597675971354,7489.183596128455,1289.4470327145968,0.19419205415998575
COW01428,40,518.2,Brown Swiss,Healthy,3.3,15.5,22.77,Mid,0,21.606629784466183,86.67540827019634,39.93167961578058,0.029911231184870702,0.029911231184870702,1872.7634579115909,1594.5390369373463,618.9410340445991,0.07719027402547278
COW01429,97,523.4,Guernsey,Bloat,4.7,22.2,21.85,Early,1,33.6806840628025,57.4119992713299,54.41397344388559,0.042414978983568975,0.042414978983568975,1933.6754088715095,2960.880505951886,1207.99021045426,0.18532670997325182
COW01430,62,484.6,Guernsey,Mastitis,4.6,14.7,24.8,Early,1,24.85453872300886,84.1943176986532,45.08575852478589,0.030334296326867516,0.030334296326867516,2092.6109294984863,2032.7256217553033,662.7606503143526,0.1279405695418902
COW01431,31,583.7,Ayrshire,Healthy,3.0,28.0,23.61,Early,0,18.0,81.51301309672165,33.734468471481975,0.047969847524413224,0.047969847524413224,1467.2342357409898,1138.0143630534114,944.5651172014952,0.05310947404488607
COW01432,30,542.5,Jersey,Healthy,4.1,29.6,23.11,Mid,0,36.47382143105029,63.151710369927564,59.51905292255211,0.05456221198156682,0.05456221198156682,2303.384207098145,3542.517660797559,1761.7639665075426,0.055299539170506916
COW01433,72,496.9,Jersey,Mastitis,4.0,14.2,20.1,Early,1,41.57251812267355,46.466649914524496,62.28417336716228,0.0285771785067418,0.0285771785067418,1931.735645671497,3879.3182520307273,884.4352618137044,0.1448983698933387
COW01434,46,497.0,Ayrshire,Healthy,4.3,28.6,20.34,Early,0,48.0490564054622,67.11940496387629,77.42429155967508,0.057545271629778676,0.057545271629778676,3225.0240750103517,5994.520923517574,2214.3347386067076,0.0925553319919517
COW01435,23,453.2,Ayrshire,Healthy,3.1,31.7,18.25,Early,0,36.14817608972197,95.0,65.97930815701346,0.06994704324801412,0.06994704324801412,3434.0767285235875,4353.2691048781435,2091.544068577327,0.050750220653133275
COW01436,58,628.3,Holstein,Mastitis,2.2,14.5,18.73,Mid,1,42.0,49.81112402783261,63.7478702316818,0.023078147381823972,0.023078147381823972,2092.06720916897,4063.790959075343,924.3441183593861,0.09231258952729589
COW01437,82,556.3,Jersey,Healthy,2.5,27.0,25.55,Early,0,25.468460238374533,73.795554539536,44.942799802596156,0.048534963149379835,0.048534963149379835,1879.459146558972,2019.855254096237,1213.4555946700962,0.14740248067589432
COW01438,46,481.0,Ayrshire,Healthy,3.8,32.0,22.26,Early,0,25.214571591133243,79.72509022720584,45.19358423162335,0.06652806652806653,0.06652806652806653,2010.233995143439,2042.4600557008346,1446.1946954119471,0.09563409563409564
COW01439,115,614.7,Holstein,Healthy,4.3,28.3,21.1,Mid,0,26.248718113736388,62.3604156722527,44.787884358548624,0.04603871807385716,0.04603871807385716,1636.88097243639,2005.9545853147245,1267.4971273469262,0.18708312998210508
COW01440,96,505.2,Guernsey,Mastitis,4.3,23.1,24.4,Mid,1,42.0,40.32402679978072,61.12943139673948,0.04572446555819478,0.04572446555819478,1693.6091255907902,3736.807382888678,1412.089865264682,0.19002375296912113
COW01441,67,437.5,Holstein,Ketosis,3.8,29.9,18.79,Early,1,37.10735435819853,59.5878042700673,59.61669735643276,0.06834285714285714,0.06834285714285714,2211.1457684763627,3554.1506036884966,1782.5392509573394,0.15314285714285714
COW01442,112,631.7,Holstein,Foot and Mouth,2.3,26.7,17.67,Late,1,33.47071926965211,45.05837701844061,51.769532004369935,0.042266898844388154,0.042266898844388154,1508.1362879303697,2680.084443951483,1382.2465045166773,0.17729935095773308
COW01443,58,507.0,Guernsey,Healthy,2.1,19.3,23.56,Mid,0,30.84357976475782,52.5880535752686,49.72222234818913,0.03806706114398422,0.03806706114398422,1622.0038251221547,2472.2993952427582,959.6388913200502,0.11439842209072978
COW01444,27,517.3,Guernsey,Healthy,4.3,18.0,16.81,Early,0,47.96732802052033,58.0,74.24291266831804,0.034796056446936015,0.034796056446936015,2782.105025190179,5512.0100814755,1336.3724280297247,0.052194084670404026
COW01445,15,553.3,Brown Swiss,Healthy,3.6,23.2,19.24,Mid,0,25.272267204252383,68.60870134246068,44.077135098721726,0.04193023676125068,0.04193023676125068,1733.8974328634154,1942.7938385109667,1022.589534290344,0.027110066871498285
COW01446,113,641.4,Ayrshire,Healthy,4.3,20.7,22.87,Late,0,42.580906584117066,98.0,78.08201371972837,0.032273152478952294,0.032273152478952294,4172.928845243472,6096.8008665278485,1616.2976839983771,0.1761771125662613
COW01447,115,551.6,Jersey,Healthy,2.5,19.9,22.17,Mid,0,34.531629735382445,72.18144675339397,58.55660538634147,0.0360768672951414,0.0360768672951414,2492.5429930524238,3428.8760343717145,1165.276447188195,0.2084844089920232
COW01448,91,454.1,Brown Swiss,Mastitis,3.2,17.2,22.71,Early,1,24.453532388566657,78.39444787788172,43.844237119094174,0.03787711957718564,0.03787711957718564,1917.0211702655813,1922.3171285553553,754.1208784484197,0.20039638846069147
COW01449,23,593.5,Guernsey,Mastitis,4.8,29.2,22.15,Mid,1,42.0,46.97198925788443,62.9642690351761,0.049199663016006735,0.049199663016006735,1972.8235488311461,3964.4991751340362,1838.556655827142,0.038753159224936815
COW01450,43,511.2,Guernsey,Healthy,2.5,26.7,22.02,Mid,0,18.864851982851484,85.79517127750728,35.32250899225579,0.052230046948356805,0.052230046948356805,1618.5132069935657,1247.6796415079912,943.1109900932296,0.08411580594679187
COW01451,16,701.0,Jersey,Foot and Mouth,2.2,20.0,19.59,Mid,1,26.083798908229973,88.87923020319576,47.651509654708164,0.028530670470756064,0.028530670470756064,2318.307967738438,2270.666372372745,953.0301930941632,0.02282453637660485
COW01452,17,549.9,Guernsey,Mastitis,4.0,18.3,20.55,Late,1,28.918886220259733,95.0,53.32805088545453,0.033278777959629025,0.033278777959629025,2747.2941909246747,2843.8810112416277,975.903331203818,0.030914711765775597
COW01453,38,371.2,Brown Swiss,Healthy,3.8,16.3,15.01,Late,0,26.93801316168167,78.62826871232774,47.80883320929942,0.04391163793103449,0.04391163793103449,2118.089337452928,2285.684532834611,779.2839813115806,0.10237068965517242
COW01454,73,578.6,Brown Swiss,Healthy,4.9,16.0,26.02,Mid,0,48.85335698524295,68.75190069164985,79.1700233676282,0.027652955409609402,0.027652955409609402,3358.7611479031416,6267.892600030796,1266.7203738820513,0.1261666090563429
COW01455,19,705.6,Ayrshire,Healthy,4.7,25.3,18.3,Early,0,32.13307532540679,47.2318796485237,50.482125056003625,0.035856009070294785,0.035856009070294785,1517.7055465065603,2548.444950169989,1277.1977639168917,0.026927437641723354
COW01456,118,676.1,Jersey,Healthy,4.2,16.0,21.73,Mid,0,42.0,45.20718996634729,62.47718443071185,0.0236651382931519,0.0236651382931519,1898.7019785865864,3903.3985743891835,999.6349508913896,0.17453039491199526
COW01457,61,696.5,Guernsey,Healthy,2.1,31.3,20.08,Late,0,49.85872543940023,76.7108598952289,83.48767354397239,0.04493898061737258,0.04493898061737258,3824.705701736516,6970.191633784908,2613.164181926336,0.08758076094759512
COW01458,40,468.4,Ayrshire,Healthy,3.4,19.0,18.2,Late,0,31.428785048607956,74.21322374015523,54.18063838723989,0.04056362083689155,0.04056362083689155,2332.4314566935877,2935.5415760488527,1029.4321293575579,0.08539709649871904
COW01459,67,623.0,Guernsey,Healthy,4.7,14.5,22.63,Early,0,35.45003843430417,47.799719773325705,54.82189013121808,0.023274478330658106,0.023274478330658106,1694.5019031133652,3005.4396375593465,794.9174069026622,0.10754414125200643
COW01460,97,492.2,Ayrshire,Healthy,3.3,29.4,19.64,Early,0,18.0,91.60464831280812,34.09776733926109,0.05973181633482324,0.05973181633482324,1648.8836696305461,1162.6577375223803,1002.474359774276,0.19707436001625356
COW01461,45,567.9,Brown Swiss,Mastitis,4.9,20.6,24.26,Early,1,31.997129337622248,82.98084989619566,56.59995095178952,0.03627399189998239,0.03627399189998239,2655.1489866743905,3203.55444774498,1165.9589896068642,0.0792393026941363
COW01462,17,448.2,Jersey,Mastitis,4.0,20.2,19.16,Late,1,52.0,72.51981261820055,85.26744954444342,0.04506916555109326,0.04506916555109326,3771.0302561464287,7270.5379518142045,1722.402480797757,0.037929495760821066
COW01463,17,498.4,Ayrshire,Healthy,2.3,16.1,18.04,Mid,0,41.14876751103051,51.071716892039625,62.98006882416779,0.032303370786516857,0.032303370786516857,2101.5382047797084,3966.4890690969114,1013.9791080691015,0.03410914927768861
COW01464,104,495.9,Guernsey,Healthy,3.5,25.9,20.53,Mid,0,20.943834554578224,90.9996900575226,39.10993680620582,0.05222827182899778,0.05222827182899778,1905.8824530826503,1529.587156985413,1012.9473632807308,0.20971970155273242
COW01465,24,621.9,Jersey,Healthy,4.1,20.5,24.14,Mid,0,18.601925824467283,82.38064763151793,34.74311436676597,0.03296349895481589,0.03296349895481589,1532.438696613073,1207.08399590218,712.2338445187024,0.03859141341051616
COW01466,80,614.1,Jersey,Healthy,2.2,28.8,24.84,Early,0,38.70436585183457,76.83878337559526,66.03867170917096,0.04689789936492428,0.04689789936492428,2973.9963833789025,4361.106161111657,1901.9137452241237,0.13027194268034523
COW01467,53,572.1,Jersey,Healthy,3.0,25.4,18.85,Late,0,48.75748020440404,64.80261314043685,77.67052914518536,0.044397832546757554,0.044397832546757554,3159.612127388503,6032.711097693088,1972.831440287708,0.0926411466526831
COW01468,95,442.0,Ayrshire,Healthy,4.2,29.8,18.69,Mid,0,19.171053831919803,95.0,36.26934420585965,0.067420814479638,0.067420814479638,1821.2501140323814,1315.4653291231252,1080.8264573346178,0.2149321266968326
COW01469,18,525.1,Holstein,Healthy,2.5,25.2,20.77,Early,0,45.57021278066064,58.0,70.93489363731169,0.04799085888402209,0.04799085888402209,2643.0723412783173,5031.7591353367225,1787.5593196602545,0.03427918491715864
COW01470,108,490.3,Guernsey,Ketosis,3.0,28.0,21.58,Mid,1,31.65628937026614,70.55834213131733,53.90078318925544,0.05710789312665715,0.05710789312665715,2233.6152959952224,2905.294428415122,1509.2219292991524,0.2202733020599633
COW01471,87,619.6,Brown Swiss,Healthy,4.1,26.5,19.98,Mid,0,40.94137008175886,63.980141941655795,66.13430231697657,0.04276952872821175,0.04276952872821175,2619.434669116792,4373.745942953253,1752.5590113998792,0.14041316978695934
COW01472,60,644.3,Holstein,Foot and Mouth,4.3,22.3,24.6,Mid,1,48.75280776794614,70.12632951333472,79.49260938678927,0.034611205959956544,0.034611205959956544,3418.855462235256,6319.074947120657,1772.6851893254006,0.09312432096849295
COW01473,34,634.5,Guernsey,Healthy,3.6,26.4,19.53,Late,0,29.75986079741466,55.82889069611919,48.78312853359642,0.04160756501182033,0.04160756501182033,1661.4600155905855,2379.793629525389,1287.8745932869454,0.05358550039401103
COW01474,117,489.6,Guernsey,Healthy,4.9,25.9,23.65,Early,0,44.61105785817278,91.70025116314343,79.79246222152524,0.05290032679738561,0.05290032679738561,4090.8452102479673,6366.837027373533,2066.6247715375034,0.2389705882352941
COW01475,44,330.8,Guernsey,Bloat,4.8,14.1,19.85,Early,1,30.47785936264028,52.018767796120834,49.14579181855095,0.042623941958887544,0.042623941958887544,1585.420689108012,2415.3088534723493,692.9556646415683,0.13301088270858524
COW01476,64,408.6,Brown Swiss,Healthy,3.4,26.6,17.15,Early,0,30.292249941860614,60.420286205373074,50.23594285283391,0.06510034263338228,0.06510034263338228,1830.2664112919142,2523.649954313194,1336.276079885382,0.15663240332843856
COW01477,54,663.7,Jersey,Healthy,2.5,18.7,21.5,Mid,0,35.133224074501236,73.0753195407796,59.65744900314861,0.02817538044297122,0.02817538044297122,2567.3715757419886,3559.0112215632776,1115.594296358879,0.08136206117221635
COW01478,36,517.9,Holstein,Ketosis,4.3,23.8,19.08,Late,1,31.72436233305608,60.13594154008255,52.19765827124355,0.04595481753234215,0.04595481753234215,1907.7743986570574,2724.59552900152,1242.3042668555966,0.06951148870438309
COW01479,56,489.9,Holstein,Healthy,2.7,16.0,21.19,Mid,0,34.9309800831834,61.6369565281336,56.99945533521824,0.032659726474790776,0.032659726474790776,2153.039300872276,3248.937908511539,911.9912853634918,0.11430904266176771
COW01480,28,681.4,Jersey,Healthy,4.5,14.4,21.51,Mid,0,48.041516832643,87.657918821046,84.32266698144113,0.021132961549750515,0.021132961549750515,4211.219382555734,7110.312166863022,1214.2464045327524,0.04109186968007045
COW01481,12,651.2,Guernsey,Healthy,3.8,14.3,17.84,Mid,0,35.10808254748692,48.03041598601833,54.43264422827557,0.02195945945945946,0.02195945945945946,1686.2558092272673,2962.912757682022,778.3868124643407,0.018427518427518427
COW01482,43,552.0,Holstein,Healthy,3.2,16.8,17.65,Late,0,29.644122382102402,89.70178123039585,53.789547215369225,0.030434782608695653,0.030434782608695653,2659.1305806864307,2893.315389634435,903.664393218203,0.07789855072463768
COW01483,24,526.5,Ayrshire,Healthy,3.7,14.4,21.32,Mid,0,49.0,62.34177182592095,77.17025305176865,0.02735042735042735,0.02735042735042735,3054.7468194701264,5955.247956074009,1111.2516439454687,0.045584045584045586
COW01484,56,539.4,Brown Swiss,Healthy,3.6,16.4,22.1,Early,0,23.9170427256586,79.72470180550052,43.121068114260275,0.030404152762328513,0.030404152762328513,1906.779099372547,1859.4265153146741,707.1855170738685,0.10381905821282908
COW01485,105,568.2,Jersey,Bloat,4.8,24.1,21.97,Mid,1,35.692287390712465,58.82894770453481,57.47985852675147,0.04241464273143259,0.04241464273143259,2099.739708363451,3303.9341362553637,1385.2645904947105,0.18479408658922913
COW01486,29,678.0,Ayrshire,Mastitis,2.6,21.2,22.71,Late,1,41.014388003050136,80.48449971706324,70.63196743945312,0.03126843657817109,0.03126843657817109,3301.022499627011,4988.874824367966,1497.397709716406,0.04277286135693215
COW01487,12,583.8,Holstein,Healthy,4.8,31.7,18.35,Mid,0,43.759020008124565,82.52848141706562,75.6367693781373,0.05429941760877013,0.05429941760877013,3611.365469569511,5720.920881961529,2397.6855892869526,0.020554984583761565
COW01488,23,608.1,Ayrshire,Healthy,2.1,28.6,21.33,Late,0,26.971152793574912,79.896013148767,48.020772123766136,0.04703173820095379,0.04703173820095379,2154.887578232865,2305.994555362675,1373.3940827397116,0.03782272652524256
COW01489,66,643.5,Jersey,Mastitis,4.3,16.6,29.17,Mid,1,28.586688270538744,67.43022196018293,48.83546600605451,0.025796425796425798,0.025796425796425798,1927.6067351889856,2384.902740028506,810.668735700505,0.10256410256410256
COW01490,41,456.4,Jersey,Bloat,4.8,21.5,22.85,Mid,1,33.10957159128006,60.561156549524135,54.21839021416446,0.04710780017528484,0.04710780017528484,2005.1539484271887,2939.6338374154043,1165.6953896045359,0.08983347940403155
COW01491,64,610.4,Brown Swiss,Healthy,3.2,21.8,21.68,Early,0,25.48110181613309,95.0,47.311928178232904,0.03571428571428572,0.03571428571428572,2420.7046725326436,2238.4185479422686,1031.4000342854774,0.10484927916120577
COW01492,15,526.4,Ayrshire,Healthy,2.2,20.5,18.1,Mid,0,38.71822897322539,98.0,71.2064475723412,0.03894376899696049,0.03894376899696049,3794.3864393760887,5070.358175872577,1459.7321752329947,0.028495440729483283
COW01493,47,348.7,Jersey,Foot and Mouth,4.4,22.9,11.69,Early,1,21.126241099348107,92.01904227004007,39.49041551987243,0.065672497849154,0.065672497849154,1944.0164727279714,1559.4929179321812,904.3305154050786,0.1347863492973903
COW01494,56,379.7,Ayrshire,Bloat,4.5,26.1,22.14,Early,1,31.73894314808617,55.919378452366395,51.48698375708789,0.06873847774558862,0.06873847774558862,1774.821973575972,2650.909496402632,1343.810276059994,0.14748485646563075
COW01495,58,468.6,Jersey,Bloat,3.0,25.5,22.55,Early,1,29.402166337541196,95.0,54.173791090697094,0.05441741357234315,0.05441741357234315,2793.2058020664135,2934.799641138492,1381.4316728127758,0.12377294067434912
COW01496,71,592.5,Jersey,Healthy,3.6,20.4,20.91,Mid,0,18.235358147397452,91.06835538795751,34.48108410599086,0.03443037974683544,0.03443037974683544,1660.6640763938776,1188.9451611244156,703.4141157622134,0.11983122362869199
COW01497,96,559.1,Guernsey,Healthy,4.4,26.7,18.2,Late,0,23.118353896092298,79.32115388991394,41.81018202746052,0.04775532105169021,0.04775532105169021,1833.7745070734288,1748.0913211693828,1116.331860133196,0.17170452512967269
COW01498,62,564.7,Guernsey,Healthy,2.6,19.2,18.93,Mid,0,35.06311913234625,57.62162391753439,56.356920101949655,0.034000354170355934,0.034000354170355934,2020.3938640197605,3176.102443377537,1082.0528659574334,0.10979281034177439
COW01499,102,706.1,Jersey,Healthy,3.9,29.0,24.54,Mid,0,23.576919568933306,94.92707254131743,43.972916751406316,0.04107066987678799,0.04107066987678799,2238.087954220938,1933.6174076261102,1275.214585790783,0.1444554595666336
COW01500,69,448.5,Holstein,Bloat,3.3,31.4,20.3,Early,1,22.80980402394618,91.41761817894853,42.335885751365915,0.07001114827201783,0.07001114827201783,2085.217954997756,1792.3272223527074,1329.3468125928896,0.15384615384615385
COW01501,40,547.8,Jersey,Healthy,2.5,19.3,22.7,Mid,0,41.27659187076094,85.00882878392821,72.26874946297909,0.03523183643665572,0.03523183643665572,3508.8747311255997,5222.77214894284,1394.7868646354964,0.07301935012778386
COW01502,36,574.4,Brown Swiss,Healthy,4.5,28.1,21.34,Early,0,41.57397252092324,40.0,60.52876702510789,0.04892061281337048,0.04892061281337048,1662.9589008369296,3663.731637579788,1700.8583534055317,0.06267409470752089
COW01503,46,491.1,Holstein,Bloat,3.0,28.6,22.93,Mid,1,34.82941013265644,63.99529061493678,57.33738849143598,0.05823661168804724,0.05823661168804724,2228.9182233861725,3287.576119017855,1639.8493108550692,0.09366727754021584
COW01504,76,552.3,Holstein,Ketosis,4.8,22.8,22.74,Late,1,30.666548285044605,95.0,56.38645949882806,0.04128191200434547,0.04128191200434547,2913.3220870792375,3179.432814812977,1285.6112765732798,0.13760637334781822
COW01505,38,422.0,Ayrshire,Mastitis,3.7,15.6,21.45,Mid,1,33.616072313785224,81.82516637454745,59.016440992436294,0.03696682464454976,0.03696682464454976,2750.640709934294,3482.940307413715,920.6564794820061,0.09004739336492891
COW01506,110,662.8,Holstein,Bloat,3.5,28.2,17.48,Mid,1,18.0,95.0,34.22,0.04254677127338564,0.04254677127338564,1710.0,1171.0084,965.0039999999999,0.1659625829812915
COW01507,63,495.5,Brown Swiss,Healthy,3.3,21.3,17.92,Mid,0,34.90436977782679,56.82057930776721,55.97419751342935,0.04298688193743693,0.04298688193743693,1983.2865111486399,3133.1107872724006,1192.2504070360453,0.12714429868819374
COW01508,105,712.5,Guernsey,Healthy,3.2,17.7,22.53,Early,0,35.27243053320172,43.47007312915127,53.69120524317546,0.024842105263157895,0.024842105263157895,1533.2951347211867,2882.745520464792,950.3343328042056,0.14736842105263157
COW01509,85,547.4,Jersey,Healthy,4.5,25.3,24.46,Mid,0,27.293421159563383,95.0,50.483487029235924,0.046218487394957986,0.046218487394957986,2592.8750101585215,2548.582462631032,1277.232221839669,0.15527950310559008
COW01510,48,632.2,Brown Swiss,Ketosis,4.0,21.9,26.98,Early,1,43.065523689383056,62.672188709732694,68.81773005274971,0.034640936412527676,0.034640936412527676,2699.0106275444787,4735.879969613131,1507.1082881552186,0.07592534008225245
COW01511,36,545.7,Holstein,Bloat,4.3,15.6,20.37,Mid,1,48.74522549394912,63.98119831765712,77.37066723108941,0.028587135788894994,0.028587135788894994,3118.7779393672745,5986.2201477839735,1206.9824088049947,0.06597031335898845
COW01512,92,547.5,Guernsey,Healthy,3.3,31.7,20.17,Late,0,20.242973266365993,89.76852574318653,37.83952957387805,0.05789954337899543,0.05789954337899543,1817.1818667804123,1431.8299983723919,1199.5130874919344,0.1680365296803653
COW01513,47,503.3,Guernsey,Healthy,2.8,18.4,15.81,Mid,0,21.674333440951326,90.76342755164467,40.341901115303976,0.03655871249751639,0.03655871249751639,1967.236792997975,1627.468985596964,742.2909805215932,0.09338366779256904
COW01514,38,559.5,Ayrshire,Healthy,2.3,23.2,23.19,Mid,0,24.621863743978423,88.50257724265713,45.1441038508364,0.041465594280607684,0.041465594280607684,2179.098397859629,2037.990112495102,1047.3432093394044,0.0679177837354781
COW01515,112,575.4,Ayrshire,Healthy,4.3,26.0,20.22,Early,0,42.0,52.5227815866831,64.49628771792453,0.04518595759471672,0.04518595759471672,2205.9568266406905,4159.7711293933025,1676.903480666038,0.19464720194647203
COW01516,64,487.3,Jersey,Foot and Mouth,3.2,16.1,28.32,Mid,1,45.142179718817665,71.44610828770735,74.4778347869622,0.03303919556741228,0.03303919556741228,3225.2330605337934,5546.947874554037,1199.0931400700915,0.1313359326903345
COW01517,17,540.0,Holstein,Healthy,3.5,27.3,17.85,Late,0,25.94923681925191,59.4782892278743,44.02867793436833,0.050555555555555555,0.050555555555555555,1543.41621277807,1938.5244806483329,1201.9829076082556,0.03148148148148148
COW01518,65,501.2,Jersey,Mastitis,3.4,25.7,26.37,Mid,1,39.369749376356054,42.71453726903837,58.56151240443393,0.05127693535514764,0.05127693535514764,1681.6606270090606,3429.4507350946687,1505.0308687939519,0.12968874700718278
COW01519,61,734.0,Holstein,Healthy,3.3,22.9,25.7,Mid,0,37.3886774163646,51.25866158512864,58.09463029284291,0.03119891008174387,0.03119891008174387,1916.493562800975,3374.9860688621006,1330.3670337061026,0.08310626702997276
COW01520,105,542.8,Brown Swiss,Healthy,4.1,23.5,18.83,Early,0,49.0,58.0,75.668,0.04329403095062639,0.04329403095062639,2842.0,5725.646224000001,1778.198,0.19344141488577746
COW01521,88,673.6,Holstein,Healthy,3.8,31.2,23.83,Early,0,30.986417416057893,69.57956049658333,52.72989027306814,0.04631828978622327,0.04631828978622327,2156.0213051729834,2780.441328209806,1645.1725765197261,0.13064133016627077
COW01522,32,534.4,Ayrshire,Ketosis,4.9,30.4,22.39,Mid,1,38.35540837921346,95.0,69.84196466362354,0.05688622754491018,0.05688622754491018,3643.7637960252787,4877.90002807484,2123.1957257741556,0.059880239520958084
COW01523,28,570.7,Guernsey,Healthy,2.4,16.0,20.13,Late,0,25.558193318549208,95.0,47.446838307461114,0.028035745575608898,0.028035745575608898,2428.0283652621747,2251.2024653743592,759.1494129193778,0.04906255475731557
COW01524,77,444.3,Jersey,Healthy,3.7,20.6,22.62,Early,0,26.967710940402352,95.0,49.913494145704114,0.04636506864731038,0.04636506864731038,2561.9325393382233,2491.3568978332387,1028.2179794015049,0.17330632455548053
COW01525,17,514.2,Ayrshire,Healthy,2.2,23.3,21.43,Mid,0,46.101151460018755,62.02561127019244,72.94375414078118,0.045313107740178916,0.045313107740178916,2859.452099567388,5320.791268150731,1699.5894714802016,0.03306106573317775
COW01526,46,566.8,Guernsey,Bloat,4.4,30.6,22.91,Early,1,47.25723527066194,68.03165209733238,76.55910820466826,0.05398729710656317,0.05398729710656317,3214.987789015458,5861.297049094103,2342.708711062849,0.08115737473535639
COW01527,26,676.9,Brown Swiss,Foot and Mouth,3.8,28.7,21.82,Mid,1,33.80598641637244,66.62954023695885,56.3749086607736,0.04239917269906929,0.04239917269906929,2252.4773321797716,3178.130326510566,1617.9598785642022,0.03841040035455754
COW01528,14,567.8,Holstein,Foot and Mouth,3.3,21.0,16.9,Mid,1,46.673451925412216,66.98760402716505,75.3579737220224,0.03698485382176823,0.03698485382176823,3126.5427161604375,5678.824203489017,1582.5174481624704,0.024656569214512154
COW01529,111,660.7,Jersey,Healthy,4.4,30.0,22.46,Mid,0,42.0,52.033568739339415,64.36126497205768,0.04540638716512789,0.04540638716512789,2185.4098870522553,4142.372428803419,1930.8379491617304,0.1680036325109732
COW01530,21,601.3,Brown Swiss,Bloat,3.4,20.8,21.12,Early,1,39.43173324121258,42.16636120974658,58.50035764851996,0.03459171794445369,0.03459171794445369,1662.6927069753408,3422.2918450047478,1216.8074390892152,0.03492433061699651
COW01531,13,680.2,Guernsey,Healthy,2.7,18.9,16.43,Early,0,41.90370979013344,52.44373150563086,64.34693954853225,0.027785945310202877,0.027785945310202877,2197.5869053236333,4140.528629262463,1216.1571574672594,0.01911202587474272
COW01532,112,545.3,Jersey,Mastitis,3.4,25.0,21.65,Late,1,29.462644773746455,77.00115342054596,51.56852603042152,0.04584632312488539,0.04584632312488539,2268.6576303982974,2659.3128769502623,1289.2131507605382,0.20539152759948653
COW01533,32,741.2,Guernsey,Healthy,2.2,20.4,22.7,Mid,0,20.792204784248614,86.22615129178709,38.545515995545955,0.027522935779816512,0.027522935779816512,1792.8317954164404,1485.756803362889,786.3285263091374,0.04317323259579061
COW01534,100,511.2,Jersey,Healthy,4.7,25.2,17.89,Early,0,41.84940816714566,81.17966721499162,72.16286473629012,0.04929577464788732,0.04929577464788732,3397.3210281532374,5207.479046948104,1818.504191354511,0.19561815336463223
COW01535,15,488.7,Jersey,Ketosis,4.2,21.4,18.12,Mid,1,52.0,90.79050976140341,92.13723167028769,0.04378964599959075,0.04378964599959075,4721.106507592977,8489.269459864265,1971.7367577441564,0.030693677102516883
COW01536,28,453.2,Brown Swiss,Ketosis,4.3,28.3,18.51,Early,1,18.169410916615853,93.78403621275383,34.47063443233919,0.06244483671668138,0.06244483671668138,1704.000691368306,1188.2246381679681,975.518954435199,0.0617828773168579
COW01537,23,736.5,Holstein,Healthy,4.6,31.2,27.24,Mid,0,21.294660691429023,90.66287043241122,39.6866258425679,0.04236252545824847,0.04236252545824847,1930.6350631691898,1575.0282707679783,1238.2227262881183,0.031228784792939578
COW01538,88,615.6,Brown Swiss,Healthy,4.4,18.9,23.11,Mid,0,33.039563807194206,98.0,61.098423576805686,0.030701754385964907,0.030701754385964907,3237.877253105032,3733.017363570765,1154.7602056016274,0.142949967511371
COW01539,78,523.3,Jersey,Bloat,3.3,23.2,24.07,Early,1,40.00758412444656,56.676401187717005,62.919524412410716,0.04433403401490541,0.04433403401490541,2267.485888388471,3958.8665522839483,1459.7329663679286,0.14905407987769922
COW01540,63,649.9,Jersey,Ketosis,2.4,27.0,22.56,Mid,1,24.10450227254055,83.58865566745037,43.795464806866256,0.04154485305431605,0.04154485305431605,2014.8629404946669,1918.0427376494608,1182.4775497853889,0.09693799046007079
COW01541,38,605.0,Guernsey,Mastitis,3.1,16.9,16.89,Mid,1,39.94672709175149,52.88350035901263,61.86738518668357,0.02793388429752066,0.02793388429752066,2112.5227564980196,3827.573349837474,1045.5588096549523,0.0628099173553719
COW01542,21,707.3,Jersey,Healthy,4.8,28.3,23.63,Late,0,41.024159745266225,54.43341036810387,63.71176592741326,0.0400113106178425,0.0400113106178425,2233.084922420724,4059.189117589497,1803.0429757457953,0.029690371836561574
COW01543,73,426.2,Guernsey,Healthy,4.8,24.5,18.64,Mid,0,41.637369413417694,41.67570812387517,61.06126210809177,0.05748474894415767,0.05748474894415767,1735.2668547195633,3728.4777302330835,1496.0009216482483,0.1712810886907555
COW01544,36,528.8,Guernsey,Bloat,4.3,16.7,19.74,Mid,1,31.841255825285987,64.12176735842672,53.056646144906715,0.031580937972768536,0.031580937972768536,2041.7175984291378,2815.0077001458444,886.0459906199421,0.0680786686838124
COW01545,75,513.0,Guernsey,Mastitis,2.6,29.6,18.71,Mid,1,40.2503881750743,40.0,58.94046581008916,0.057699805068226126,0.057699805068226126,1610.015527002972,3473.978509910289,1744.6377879786392,0.14619883040935672
COW01546,86,392.1,Jersey,Mastitis,2.6,21.7,20.07,Early,1,52.0,67.0920966259944,83.22662833137389,0.05534302473858709,0.05534302473858709,3488.7890245517087,6926.671663408647,1806.0178347908134,0.21933180311145115
COW01547,103,634.8,Ayrshire,Mastitis,4.6,17.2,25.22,Mid,1,21.047772123430995,95.0,39.55360121600424,0.027095148078134845,0.027095148078134845,1999.5383517259445,1564.487369154692,680.3219409152729,0.16225582860743543
COW01548,65,528.4,Jersey,Healthy,2.4,17.5,23.76,Early,0,48.01680963610344,64.4957456403007,76.49485974416812,0.03311884935654807,0.03311884935654807,3096.879940748867,5851.463567279953,1338.6600455229423,0.12301286903860711
COW01549,12,609.2,Jersey,Healthy,3.8,28.1,24.16,Early,0,49.0,64.43292273715176,77.89379126705451,0.04612606697307945,0.04612606697307945,3157.213214120436,6067.442717955458,2188.8155346042317,0.01969796454366382
COW01550,42,738.8,Ayrshire,Foot and Mouth,3.1,30.8,27.66,Mid,1,39.80225864920168,40.0,58.40271037904202,0.04168922577152139,0.04168922577152139,1592.0903459680674,3410.8765796182624,1798.8034796744942,0.0568489442338928
COW01551,104,521.7,Jersey,Healthy,2.9,20.8,16.06,Early,0,42.42725807167895,74.89652295810109,71.33324823352442,0.03986965689093348,0.03986965689093348,3177.654108214782,5088.432303545614,1483.731563257308,0.19934828445466743
COW01552,69,516.3,Guernsey,Mastitis,4.0,15.4,18.35,Mid,1,39.48441781854383,48.73664792970924,60.21283865227603,0.02982761960100717,0.02982761960100717,1924.338169931909,3625.585938565026,927.2777152450508,0.13364323067983733
COW01553,78,559.5,Holstein,Mastitis,4.9,15.8,17.39,Mid,1,42.0,54.185789687022236,64.95527795361814,0.028239499553172478,0.028239499553172478,2275.803166854934,4219.1881340317905,1026.2933916671666,0.13941018766756033
COW01554,61,629.0,Guernsey,Foot and Mouth,4.3,25.8,24.15,Early,1,38.80696682838124,51.35922811195144,59.980803231301635,0.04101748807631161,0.04101748807631161,1993.0958616717649,3597.6967562721247,1547.5047233675823,0.09697933227344992
COW01555,29,504.7,Ayrshire,Healthy,3.5,20.7,18.22,Mid,0,35.71978265695721,98.0,65.86921312938384,0.0410144640380424,0.0410144640380424,3500.5387003818064,4338.753238284192,1363.4927117782454,0.0574598771547454
COW01556,108,499.5,Guernsey,Mastitis,3.3,21.7,19.58,Mid,1,25.641066953182065,75.87279086852362,45.4417647833242,0.04344344344344344,0.04344344344344344,1945.459310584595,2064.953986622964,986.0862957981352,0.21621621621621623
COW01557,95,634.6,Brown Swiss,Healthy,4.7,20.1,22.16,Mid,0,36.61897902218627,59.221423321277484,58.85357884214378,0.03167349511503309,0.03167349511503309,2168.628058265873,3463.7437425284343,1182.9569347270901,0.1497005988023952
COW01558,119,580.3,Ayrshire,Healthy,3.7,22.4,22.36,Late,0,27.03979826631311,95.0,50.03964696604794,0.038600723763570564,0.038600723763570564,2568.7808352997454,2503.9662684867108,1120.8880920394738,0.20506634499396864
COW01559,104,386.4,Jersey,Healthy,3.5,25.6,15.84,Mid,0,20.991244353500395,76.23288749105853,38.21769137506502,0.06625258799171843,0.06625258799171843,1600.2231690977133,1460.5919340397195,978.3728992016646,0.2691511387163561
COW01560,43,452.0,Jersey,Healthy,4.0,23.7,16.79,Late,0,35.211127586482924,74.57455714432447,60.08870830354632,0.05243362831858407,0.05243362831858407,2625.8542463142708,3610.6528655886764,1424.1023867940478,0.09513274336283185
COW01561,39,670.1,Holstein,Bloat,2.7,17.0,22.4,Mid,1,25.10404909672204,75.38333241219351,44.552308189524005,0.02536934785852858,0.02536934785852858,1892.4268779502238,1984.9081650143278,757.389239221908,0.05820026861662438
COW01562,38,582.2,Guernsey,Bloat,2.2,22.8,24.3,Early,1,34.18514477692821,98.0,63.13755770293222,0.03916180006870491,0.03916180006870491,3350.1441881389646,3986.3511926910955,1439.5363156268547,0.06526966678117485
COW01563,111,489.0,Guernsey,Healthy,4.6,22.3,20.52,Mid,0,23.897967248412076,77.82680315026495,42.91033807242796,0.04560327198364008,0.04560327198364008,1859.9023927336457,1841.2971134900606,956.9005390151435,0.22699386503067484
COW01564,72,536.4,Guernsey,Foot and Mouth,3.8,23.8,19.63,Early,1,18.0,90.07731129499797,34.04278320661993,0.04436987322893363,0.04436987322893363,1621.3916033099636,1158.9110884529239,810.2182403175543,0.1342281879194631
COW01565,61,551.1,Guernsey,Healthy,2.5,16.0,16.26,Early,0,34.54585212211422,59.072639408176585,55.937368277492396,0.029032843404100887,0.029032843404100887,2040.714665457845,3128.9891698118126,894.9978924398783,0.11068771547813464
COW01566,116,608.9,Holstein,Mastitis,2.9,16.8,24.24,Early,1,34.97078010367261,46.018606572296875,53.843010447699506,0.027590737395303006,0.027590737395303006,1609.3065711172171,2899.069774071078,904.5625755213517,0.1905074724913779
COW01567,77,441.3,Guernsey,Bloat,5.0,23.5,18.65,Late,1,27.806607405752974,70.93546504346087,48.15532523442432,0.05325175617493768,0.05325175617493768,1972.47462760803,2318.9353484331837,1131.6501430089716,0.17448447767958306
COW01568,110,482.7,Guernsey,Healthy,3.9,19.0,17.67,Late,0,35.998670691943616,51.32602091767464,56.284674790841535,0.03936192251916304,0.03936192251916304,1847.6685249431791,3167.9646163107927,1069.4088210259893,0.22788481458462814
COW01569,118,571.8,Jersey,Healthy,3.9,25.3,17.05,Late,0,34.662723919151944,81.38550861381034,60.62110005593557,0.044246239944036383,0.044246239944036383,2821.0434161002704,3674.9177719917516,1533.71383141517,0.20636586218957678
COW01570,20,542.0,Brown Swiss,Healthy,2.2,20.7,16.31,Mid,0,39.52808017288139,55.07791439438774,61.86248662487784,0.038191881918819184,0.038191881918819184,2177.1242159364565,3826.9672514131894,1280.5534731349712,0.03690036900369004
COW01571,51,595.7,Ayrshire,Healthy,4.9,18.0,19.52,Mid,0,31.611288391932508,95.0,58.03975468588188,0.03021655195568239,0.03021655195568239,3003.072397233588,3368.613123997348,1044.7155843458738,0.08561356387443343
COW01572,91,451.6,Brown Swiss,Bloat,4.7,25.8,19.96,Late,1,32.52806825099818,70.22323880052475,55.15257125861911,0.057130203720106285,0.057130203720106285,2284.226304509613,3041.806116437059,1422.936338472373,0.20150575730735162
COW01573,99,578.6,Guernsey,Healthy,3.6,21.1,18.94,Mid,0,24.208833057187142,75.29408372305983,43.15253742008337,0.0364673349464224,0.0364673349464224,1822.781903045427,1862.1414857916955,910.5185395637592,0.17110266159695817
COW01574,28,637.3,Brown Swiss,Healthy,2.9,16.8,21.96,Mid,0,41.98957682822586,66.81363934796379,68.4252618222209,0.026361211360426802,0.026361211360426802,2805.4764425746994,4682.016455439481,1149.5443986133112,0.043935352267378006
COW01575,46,588.9,Guernsey,Healthy,4.1,28.6,21.07,Early,0,39.1176657705464,41.27448027818009,57.89622070012777,0.04856512141280354,0.04856512141280354,1614.561324374858,3351.9723713579033,1655.8319120236542,0.07811173374087281
COW01576,71,561.1,Guernsey,Bloat,4.5,21.8,27.45,Mid,1,29.6084500718719,95.0,54.53478762577583,0.03885225450008911,0.03885225450008911,2812.8027568278303,2974.0430613884723,1188.858370241913,0.12653715915166636
COW01577,98,542.3,Guernsey,Healthy,4.4,30.5,17.28,Mid,0,28.590012643529374,95.0,52.7525221261764,0.05624193250968099,0.05624193250968099,2716.0512011352903,2782.828590672731,1608.9519248483803,0.18071178314586023
COW01578,24,483.2,Guernsey,Mastitis,4.9,17.5,19.83,Mid,1,37.34081379361032,78.93370657905058,64.380685681583,0.03621688741721854,0.03621688741721854,2947.4488394078016,4144.8726888307865,1126.6619994277025,0.049668874172185434
COW01579,76,544.2,Ayrshire,Mastitis,3.9,29.8,22.16,Early,1,34.28043540449927,95.0,62.71076195787372,0.05475927967658949,0.05475927967658949,3256.641363427431,3932.639665337102,1868.7807063446369,0.1396545387725101
COW01580,44,650.8,Jersey,Healthy,3.0,28.7,19.79,Mid,0,22.064475181261248,82.483863739033,40.37353540983253,0.044099569760295027,0.044099569760295027,1819.9631643244281,1630.022361489001,1158.7204662621934,0.06760909649661954
COW01581,35,540.5,Ayrshire,Healthy,3.5,15.9,20.91,Mid,0,41.40312086796033,53.03650174894601,63.844007365774054,0.029417206290471787,0.029417206290471787,2195.876692325401,4076.0572765210118,1015.1197171158075,0.06475485661424607
COW01582,67,478.8,Guernsey,Healthy,4.4,23.6,22.79,Early,0,40.32039841185694,53.95645592885615,62.64204707516308,0.04928989139515456,0.04928989139515456,2175.5457999432806,3924.026061766947,1478.3523109738487,0.13993316624895571
COW01583,56,510.6,Brown Swiss,Healthy,2.8,25.8,21.28,Mid,0,42.0,50.38866774456708,63.90727229750052,0.05052878965922444,0.05052878965922444,2116.3240452718173,4084.139452506877,1648.8076252755134,0.10967489228358793
COW01584,80,566.1,Jersey,Mastitis,2.7,22.9,25.45,Late,1,38.032315219939456,98.0,69.98552109149223,0.04045221692280515,0.04045221692280515,3727.1668915540668,4897.9731624477035,1602.668432995172,0.1413177883766119
COW01585,46,520.1,Brown Swiss,Foot and Mouth,4.2,21.0,15.42,Mid,1,26.28227593659486,78.35840527604933,46.736582683691374,0.040376850605652756,0.040376850605652756,2059.4372294166587,2184.3081609495202,981.4682363575189,0.08844452989809652
COW01586,100,588.8,Guernsey,Healthy,3.3,31.0,19.96,Mid,0,34.92969839953306,40.258725206506476,52.60875358401902,0.052649456521739135,0.052649456521739135,1406.2251294129505,2767.680953664034,1630.8713611045896,0.16983695652173914
COW01587,20,591.8,Jersey,Healthy,4.4,26.6,24.19,Mid,0,31.245381120659736,77.38231726721473,54.431651160188196,0.04494761743832376,0.04494761743832376,2417.8399950139333,2962.804648024417,1447.8819208610062,0.03379520108144644
COW01588,105,621.1,Jersey,Healthy,2.4,31.4,24.62,Late,0,42.0,48.68964403718359,63.43834175426267,0.05055546610851714,0.05055546610851714,2044.9650495617109,4024.4232045306267,1991.963931083848,0.16905490259217518
COW01589,15,663.9,Ayrshire,Healthy,3.0,29.2,22.41,Mid,0,40.24391904061807,50.821687333662695,61.72945096208229,0.04398252748907968,0.04398252748907968,2045.263870563526,3810.525116080122,1802.4999680928029,0.022593764121102578
COW01590,91,629.7,Brown Swiss,Mastitis,2.8,28.7,25.78,Early,1,48.59055126327036,67.64496394274676,78.40062708448187,0.04557725901222804,0.04557725901222804,3286.9060881621117,6146.658327239992,2250.0979973246294,0.14451326028267428
COW01591,49,475.3,Guernsey,Mastitis,4.1,27.1,15.63,Mid,1,38.16354362277251,56.51640292395832,60.36113496107472,0.05701662108142226,0.05701662108142226,2156.866208390671,3643.4666137890767,1635.786757445125,0.10309278350515463
COW01592,53,477.7,Holstein,Mastitis,4.3,25.6,22.56,Late,1,24.255086134233746,83.32951683259071,44.01626456647962,0.053590119321750056,0.053590119321750056,2021.1646082985685,1937.4315463863293,1126.8163729018784,0.11094829390831065
COW01593,14,543.9,Holstein,Healthy,3.4,30.0,22.21,Early,0,36.6804229399254,52.1335845291229,57.35992147877242,0.05515719801434087,0.05515719801434087,1912.2819299025796,3290.160592050938,1720.7976443631726,0.025740025740025742
COW01594,87,513.9,Ayrshire,Healthy,3.4,25.0,19.7,Early,0,22.43989416790628,89.02316781166405,41.50928381130042,0.04864759680871765,0.04864759680871765,1997.6704641855024,1723.0206425270871,1037.7320952825105,0.16929363689433743
COW01595,29,458.9,Holstein,Healthy,2.4,15.4,25.98,Early,0,19.277317347052023,91.05156387640757,36.2627275973478,0.03355850947918937,0.03355850947918937,1755.229891790887,1314.9854127994495,558.4460049991561,0.06319459577249946
COW01596,83,514.7,Guernsey,Ketosis,4.1,24.5,21.86,Mid,1,42.0,57.26109087445465,65.80406108134949,0.04760054400621721,0.04760054400621721,2404.9658167270954,4330.174454797974,1612.1994964930625,0.16125898581698075
COW01597,90,512.0,Ayrshire,Mastitis,5.0,15.9,15.81,Mid,1,42.0,45.96675311654482,62.68682386016637,0.0310546875,0.0310546875,1930.6036308948826,3929.6378856755236,996.7204993766453,0.17578125
COW01598,103,496.3,Brown Swiss,Bloat,4.3,31.1,21.84,Mid,1,29.079262113648753,95.0,53.608708698885316,0.06266371146483982,0.06266371146483982,2762.5299007966314,2873.8936483619423,1667.2308405353333,0.2075357646584727
COW01599,88,524.7,Ayrshire,Healthy,2.7,25.6,19.66,Early,0,42.0,40.0,61.04,0.04878978463884124,0.04878978463884124,1680.0,3725.8815999999997,1562.624,0.16771488469601675
COW01600,44,644.3,Brown Swiss,Healthy,3.9,24.0,25.2,Mid,0,21.105827935603184,88.21648879575824,39.20030829795675,0.03724972838739718,0.03724972838739718,1861.8820336063395,1536.6641706548571,940.807399150962,0.06829116871022815
COW01601,91,565.9,Ayrshire,Mastitis,2.9,17.6,23.3,Early,1,39.500760180566324,53.07229335660289,61.32215722222059,0.0311009012192967,0.0311009012192967,2096.395932111834,3760.406966386741,1079.2699671110825,0.16080579607704543
COW01602,101,747.7,Jersey,Healthy,2.1,23.3,22.46,Mid,0,22.594093536080454,89.98764276091008,41.84894644760726,0.031162230841246488,0.031162230841246488,2033.1892176313954,1751.3343187747005,975.0804522292492,0.13508091480540324
COW01603,46,563.6,Brown Swiss,Healthy,2.5,20.2,25.14,Early,0,18.530460138451375,95.0,35.14830524228991,0.03584102200141944,0.03584102200141944,1760.3937131528805,1235.4033614051841,709.9957658942561,0.08161816891412349
COW01604,25,526.8,Jersey,Healthy,2.3,26.2,22.36,Late,0,42.0,47.54459839267412,63.12230915637806,0.04973424449506454,0.04973424449506454,1996.8731324923128,3984.425913233369,1653.8044998971052,0.04745634016704632
COW01605,108,550.3,Guernsey,Ketosis,2.6,24.9,19.34,Mid,1,45.53416314706734,58.0,70.88514514295292,0.04524804652007996,0.04524804652007996,2640.9814625299055,5024.703801937502,1765.0401140595277,0.19625658731600948
COW01606,27,570.5,Holstein,Healthy,4.4,23.0,20.26,Mid,0,37.883874403583775,89.1886105988623,67.65204081820525,0.040315512708150744,0.040315512708150744,3378.8101221574398,4576.79862686811,1555.9969388187208,0.04732690622261174
COW01607,76,584.8,Ayrshire,Bloat,2.9,18.5,23.5,Early,1,49.0,58.0,75.668,0.03163474692202463,0.03163474692202463,2842.0,5725.646224000001,1399.8580000000002,0.12995896032831739
COW01608,37,716.1,Holstein,Healthy,4.3,23.5,21.96,Early,0,36.61805352598593,55.752273604982925,58.08151281229798,0.03281664571987152,0.03281664571987152,2041.5397390626772,3373.4621305651344,1364.9155510890025,0.0516687613461807
COW01609,25,482.4,Jersey,Healthy,4.8,22.3,18.64,Mid,0,37.08499722098479,74.03311102643977,62.86240695574428,0.046227197346600336,0.046227197346600336,2745.5177166763774,3951.6822082696062,1401.8316751130974,0.051824212271973466
COW01610,95,618.7,Brown Swiss,Healthy,3.7,29.3,22.6,Mid,0,39.09765613880108,41.98185296372901,58.04665859671972,0.047357362211087765,0.047357362211087765,1641.3920512455838,3369.4145742441356,1700.767096883888,0.1535477614352675
COW01611,27,566.6,Holstein,Healthy,3.5,30.1,17.93,Mid,0,22.235625361000363,80.85207369657694,40.52376588026397,0.05312389692905048,0.05312389692905048,1797.7964203770764,1642.1756011184466,1219.7653529959457,0.047652665019414044
COW01612,84,424.3,Brown Swiss,Ketosis,4.3,27.7,14.7,Mid,1,20.565208650508122,95.0,38.70911513838921,0.0652839971718124,0.0652839971718124,1953.6948217982715,1498.3955947970726,1072.242489333381,0.19797313221777044
COW01613,86,611.7,Ayrshire,Bloat,2.3,19.8,23.12,Mid,1,30.593888681709196,54.064410140213106,49.630241339896166,0.032368808239333004,0.032368808239333004,1654.0405454719496,2463.1608554563386,982.6787785299441,0.1405917933627595
COW01614,18,651.4,Ayrshire,Ketosis,3.3,14.7,16.12,Late,1,25.63682533121694,85.0746352036996,46.46914842398327,0.022566779244703714,0.022566779244703714,2181.043562834246,2159.381755250187,683.096481832554,0.027632790911882102
COW01615,30,481.4,Holstein,Ketosis,3.5,30.7,17.24,Mid,1,42.0,50.635275691501874,63.97533609085452,0.06377233070211882,0.06377233070211882,2126.6815790430787,4092.843627937793,1964.0428179892338,0.062318238471125886
COW01616,97,549.3,Brown Swiss,Mastitis,4.5,31.9,17.22,Late,1,36.03492342019671,87.73128855017684,64.20853582953993,0.05807391225195704,0.05807391225195704,3161.3902644608033,4122.736073373312,2048.2522929623237,0.17658838521754963
COW01617,66,412.0,Brown Swiss,Healthy,4.4,16.3,15.92,Mid,0,29.514898612980318,78.6670425403257,51.90236261218458,0.03956310679611651,0.03956310679611651,2321.8497847607227,2693.855244726696,846.0085105786087,0.16019417475728157
COW01618,25,449.3,Holstein,Foot and Mouth,4.5,26.3,20.14,Mid,1,35.76559980130045,90.42842950322455,64.33305619530043,0.05853549966614734,0.05853549966614734,3234.22702027244,4138.742119427683,1691.9593779364013,0.055642109948809255
COW01619,119,633.8,Guernsey,Healthy,4.1,21.7,21.49,Mid,0,31.73129329100467,63.014136965887054,52.70619952515701,0.03423792994635532,0.03423792994635532,1999.520061544101,2777.943468385661,1143.724529695907,0.18775639002840014
COW01620,40,512.7,Brown Swiss,Foot and Mouth,3.6,16.7,19.91,Early,1,42.0,50.2830021438133,63.878108591692474,0.03257265457382484,0.03257265457382484,2111.8860900401587,4080.412757252056,1066.7644134812642,0.0780183343085625
COW01621,12,461.3,Guernsey,Healthy,4.5,32.0,15.13,Early,0,42.26261723222807,92.62709595350498,76.01842698463616,0.06936917407327119,0.06936917407327119,3914.663501615842,5778.80124121846,2432.5896635083573,0.026013440277476697
COW01622,111,568.4,Jersey,Mastitis,4.6,30.8,19.9,Early,1,33.02769575854524,95.0,60.518467577454174,0.054187192118226604,0.054187192118226604,3137.631097061798,3662.484917923372,1863.9688013855887,0.19528501055594652
COW01623,13,508.2,Jersey,Healthy,3.4,31.7,20.0,Mid,0,38.01107130649678,54.501465463536434,59.67723691887873,0.06237701692247147,0.06237701692247147,2071.659090043055,3561.372606271982,1891.7684103284555,0.02558048012593467
COW01624,71,512.3,Guernsey,Healthy,5.0,16.6,21.18,Mid,0,39.19396414685934,63.22407590624344,63.4309260298646,0.032402888932266255,0.032402888932266255,2478.0021642876186,4023.4823770061544,1052.9533720957525,0.13859066952957252
COW01625,119,609.1,Guernsey,Healthy,4.6,22.9,23.81,Early,0,22.776319664323918,86.62887751158831,41.877367433445386,0.03759645378427187,0.03759645378427187,1973.087006365497,1753.7139031557922,958.9917142258993,0.19537021835494991
COW01626,74,457.1,Holstein,Healthy,3.5,30.1,23.08,Early,0,42.22985564568093,71.95734949336432,70.20951100700614,0.06584992343032159,0.06584992343032159,3038.748481750587,4929.375435842917,2113.306281310885,0.1618901772041129
COW01627,75,477.6,Jersey,Healthy,2.2,26.2,20.29,Mid,0,49.0,67.58812368639246,78.98549079549178,0.05485762144053601,0.05485762144053601,3311.8180606332307,6238.707756204717,2069.419858841885,0.15703517587939697
COW01628,53,562.3,Brown Swiss,Healthy,2.7,21.8,16.95,Early,0,39.17063976478795,43.120159949121174,58.417651298827536,0.0387693402098524,0.0387693402098524,1689.0442519670626,3412.6219832714064,1273.5047983144402,0.09425573537257692
COW01629,25,627.6,Ayrshire,Healthy,4.3,23.3,19.33,Early,0,37.939568080555354,50.87057074705295,58.72636709841389,0.037125557680050984,0.037125557680050984,1930.0074821545231,3448.786192577669,1368.3243533930436,0.039834289356277884
COW01630,73,649.1,Jersey,Healthy,2.3,14.7,22.72,Early,0,38.91043133073917,80.5396329953044,67.26895650393477,0.022646741642273916,0.022646741642273916,3133.831859066727,4525.112509128268,988.8536606078411,0.11246341087659836
COW01631,108,496.8,Jersey,Healthy,3.4,25.0,18.83,Late,0,31.461102885751025,95.0,57.776930050064294,0.05032206119162641,0.05032206119162641,2988.8047741463474,3338.1736460100224,1444.4232512516073,0.21739130434782608
COW01632,21,625.0,Ayrshire,Foot and Mouth,3.8,29.5,18.32,Mid,1,23.13617656658409,75.89926702142388,41.53963523300199,0.0472,0.0472,1756.0188430819758,1725.54129529086,1225.4192393735586,0.0336
COW01633,107,487.3,Guernsey,Healthy,4.6,14.1,20.86,Early,0,18.0,84.06650074841623,33.82639402694298,0.028934947670839317,0.028934947670839317,1513.1970134714923,1144.2249328660037,476.952155779896,0.219577262466653
COW01634,56,696.1,Ayrshire,Healthy,4.5,16.9,29.34,Early,0,30.584409114889862,71.44454646752635,52.43040498249395,0.024278120959632235,0.024278120959632235,2185.089238190585,2748.947366628326,886.0738442041476,0.08044821146387013
COW01635,69,459.3,Guernsey,Healthy,4.3,23.3,19.43,Early,0,38.80738298733265,63.52340864659837,62.95030802484977,0.05072937078162421,0.05072937078162421,2465.1772480093814,3962.741280423465,1466.7421769789996,0.15022860875244937
COW01636,29,656.3,Ayrshire,Healthy,3.2,24.1,21.77,Mid,0,38.70031746683468,58.27304122585429,61.52078798892979,0.03672101173243944,0.03672101173243944,2255.1851951985063,3784.807354778848,1482.650990533208,0.04418710955355783
COW01637,79,497.5,Holstein,Healthy,2.4,20.2,17.89,Mid,0,25.889464923148193,62.093635532090936,44.24579841248563,0.040603015075376885,0.040603015075376885,1607.5709990588166,1957.6906771583156,893.7651279322097,0.15879396984924624
COW01638,31,711.1,Jersey,Healthy,4.0,14.5,25.64,Late,0,49.0,67.35520902169601,78.90490232150682,0.020390943608493882,0.020390943608493882,3300.4052420631047,6225.983610366533,1144.1210836618488,0.04359443116298692
COW01639,41,597.3,Jersey,Healthy,2.5,27.4,23.79,Mid,0,42.420859146319074,98.0,77.79712928044796,0.0458730955968525,0.0458730955968525,4157.244196339269,6052.393324278733,2131.641342284274,0.06864222333835594
COW01640,89,468.7,Holstein,Healthy,3.7,18.4,22.8,Mid,0,21.717478025882528,92.2093990817682,40.521384936312735,0.0392575208022189,0.0392575208022189,2002.5555983381334,1641.9826371568327,745.5934828281543,0.1898869212716023
COW01641,17,508.2,Guernsey,Healthy,4.9,25.6,22.71,Early,0,40.55951136601936,54.73252316278361,63.165369710493046,0.05037386855568674,0.05037386855568674,2219.9243953118394,3989.863930663272,1617.033464588622,0.03345139708776072
COW01642,60,612.5,Guernsey,Healthy,3.7,24.1,21.28,Mid,0,34.42925802631532,61.981602150982624,56.35786144471677,0.03934693877551021,0.03934693877551021,2133.980573340601,3176.2085466218928,1358.2244608176743,0.09795918367346938
COW01643,76,634.2,Holstein,Healthy,3.9,21.8,22.05,Late,0,45.78908763227755,63.93944677709349,73.10127908627737,0.03437401450646484,0.03437401450646484,2927.72893163568,5343.797004049814,1593.6078840808468,0.11983601387574896
COW01644,26,544.3,Holstein,Mastitis,4.0,24.6,24.55,Early,1,40.80682368818151,65.15430688654354,66.25064189533146,0.04519566415579644,0.04519566415579644,2658.7403136448524,4389.147551543448,1629.7657906251538,0.0477677751240125
COW01645,43,553.6,Holstein,Healthy,4.5,26.5,22.74,Late,0,39.20212712420664,88.60932091904706,69.7386981176036,0.04786849710982659,0.04786849710982659,3473.673863058106,4863.486015138248,1848.0755001164955,0.07767341040462428
COW01646,49,610.7,Brown Swiss,Mastitis,3.3,24.3,16.5,Early,1,42.0,46.05374155853291,62.710832670155085,0.03979040445390535,0.03979040445390535,1934.2571454583824,3932.6485341841903,1523.8732338847685,0.08023579498935647
COW01647,83,560.5,Brown Swiss,Healthy,3.5,24.0,23.06,Mid,0,19.789845545575513,95.0,37.35222970475715,0.042818911685994644,0.042818911685994644,1880.0353268296737,1395.1890639169424,896.4535129141716,0.1480820695807315
COW01648,117,446.5,Jersey,Healthy,2.5,21.8,18.42,Early,0,27.680039047695654,85.20581607667485,49.85939688404668,0.04882418812989922,0.04882418812989922,2358.500316093134,2485.959457640884,1086.9348520722176,0.2620380739081747
COW01649,102,485.0,Ayrshire,Healthy,3.8,21.7,23.02,Mid,0,21.43332148498865,92.3062535578156,40.038852751460865,0.04474226804123711,0.04474226804123711,1978.429607579539,1603.1097296531652,868.8431047067007,0.21030927835051547
COW01650,32,568.8,Jersey,Healthy,2.9,22.8,21.89,Early,0,49.0,58.0,75.668,0.04008438818565401,0.04008438818565401,2842.0,5725.646224000001,1725.2304000000001,0.05625879043600563
COW01651,13,647.2,Brown Swiss,Healthy,3.5,22.1,16.37,Mid,0,40.99041489677582,52.45225608520745,63.13960443319666,0.03414709517923362,0.03414709517923362,2150.0397392045875,3986.6096479805474,1395.3852579736463,0.020086526576019777
COW01652,17,679.3,Brown Swiss,Foot and Mouth,4.3,21.9,22.04,Mid,1,52.0,85.76230045793169,90.24662497218233,0.032239069630501986,0.032239069630501986,4459.639623812448,8144.453318869723,1976.4010868907928,0.02502576181363168
COW01653,76,612.4,Jersey,Mastitis,2.1,17.8,23.07,Mid,1,47.82056409560215,73.28843814534551,79.14986072151265,0.02906596995427825,0.02906596995427825,3504.6944537960685,6264.700452234852,1408.8675208429252,0.12410189418680602
COW01654,28,573.0,Ayrshire,Healthy,3.7,27.0,21.63,Mid,0,31.96982088892667,69.27310522623085,54.1470172235878,0.04712041884816754,0.04712041884816754,2214.6487665023706,2931.899474211514,1461.9694650368706,0.04886561954624782
COW01655,36,609.9,Ayrshire,Healthy,2.5,16.4,22.99,Early,0,32.315225195003194,47.68835050794598,50.79565554128353,0.02688965404164617,0.02688965404164617,1541.0597858425192,2580.198621868728,833.0487508770498,0.05902606984751599
COW01656,103,496.7,Holstein,Foot and Mouth,2.8,30.4,24.64,Mid,1,47.488492603868046,75.63594506861632,79.41758817298924,0.06120394604388967,0.06120394604388967,3591.837017977556,6307.153311214521,2414.294680458873,0.2073686329776525
COW01657,106,537.7,Brown Swiss,Healthy,2.1,25.2,22.35,Early,0,31.877306637032365,95.0,58.505286614806636,0.04686628231355774,0.04686628231355774,3028.3441305180745,3422.8685618806726,1474.3332226931273,0.19713594941417145
COW01658,102,484.1,Holstein,Healthy,2.5,14.9,20.82,Mid,0,42.0,61.35554026197674,66.93412911230558,0.030778764718033463,0.030778764718033463,2576.932691003023,4480.177640022794,997.3185237733533,0.21070026853955792
COW01659,39,450.1,Brown Swiss,Foot and Mouth,5.0,25.9,22.63,Early,1,41.283896626365994,81.39561397068628,71.30943001936802,0.057542768273716946,0.057542768273716946,3360.3281130054042,5085.034809687146,1846.9142375016318,0.08664741168629193
COW01660,78,576.7,Guernsey,Healthy,5.0,20.5,27.73,Mid,0,39.51054499993774,46.26164401553819,59.62498693818292,0.035547078203572044,0.035547078203572044,1827.8227676470221,3555.139067378484,1222.31223223275,0.1352522975550546
COW01661,77,564.8,Brown Swiss,Healthy,4.2,30.7,24.26,Mid,0,39.18233048447723,98.0,72.03254826236946,0.054355524079320115,0.054355524079320115,3839.868387478768,5188.688009170585,2211.3992316547424,0.1363314447592068
COW01662,32,605.0,Jersey,Healthy,3.8,30.8,21.82,Late,0,44.23611285780639,98.0,81.02828088689537,0.05090909090909091,0.05090909090909091,4335.139060065027,6565.582303485614,2495.6710513163775,0.05289256198347107
COW01663,71,593.7,Jersey,Healthy,4.3,29.2,23.37,Mid,0,47.5973011931318,64.07689066299815,75.74963934309469,0.04918308910224018,0.04918308910224018,3049.8870644060976,5738.007860608918,2211.8894688183645,0.11958901802257031
COW01664,68,569.4,Jersey,Healthy,4.7,24.2,22.6,Early,0,33.833815088722034,89.91618317697919,60.941196844428354,0.042500878117316475,0.042500878117316475,3042.207515093573,3713.8294728313645,1474.776963635166,0.1194239550403934
COW01665,54,594.5,Jersey,Mastitis,3.6,30.5,22.04,Mid,1,26.04414076176815,82.8443467304393,46.881824955874144,0.051303616484440706,0.051303616484440706,2157.609827564288,2197.905511193224,1429.8956611541614,0.09083263246425567
COW01666,93,546.6,Jersey,Healthy,2.1,25.7,27.09,Early,0,28.06986124254967,90.9808109227083,51.29283960452044,0.04701792901573362,0.04701792901573362,2553.8187383350696,2630.9553946950605,1318.2259778361752,0.17014270032930845
COW01667,85,583.0,Guernsey,Healthy,4.1,29.8,20.31,Early,0,42.0,47.24149613260832,63.038652932599895,0.05111492281303602,0.05111492281303602,1984.1428375695493,3973.8717635567855,1878.551857391477,0.1457975986277873
COW01668,69,491.9,Holstein,Healthy,5.0,16.9,23.93,Mid,0,41.70437243156909,69.73817827388439,68.80506986814828,0.03435657653994714,0.03435657653994714,2908.3869594332346,4734.137639560767,1162.8056807717057,0.1402724130920919
COW01669,90,579.6,Holstein,Foot and Mouth,2.8,30.3,21.79,Mid,1,23.04626765039481,88.88792413859545,42.522501950218704,0.05227743271221532,0.05227743271221532,2048.5348905860606,1808.1631721063534,1288.4318090916267,0.15527950310559005
COW01670,94,603.5,Brown Swiss,Healthy,3.4,25.9,18.64,Late,0,49.0,64.79575572522393,78.01933148092749,0.042916321458160725,0.042916321458160725,3174.9920305359724,6087.016084730843,2020.700685356022,0.15575807787903895
COW01671,73,496.4,Guernsey,Mastitis,3.1,19.5,20.66,Late,1,30.513646662438912,95.0,56.11888165926809,0.03928283642224013,0.03928283642224013,2898.7964329316965,3149.3288786869366,1094.3181923557277,0.14705882352941177
COW01672,40,554.1,Jersey,Healthy,3.2,32.0,19.68,Early,0,20.9900919593211,93.93693280775113,39.38260382325335,0.05775130842808157,0.05775130842808157,1971.7448580112634,1550.9894838993291,1260.2433223441071,0.07218913553510196
COW01673,93,500.1,Jersey,Healthy,4.2,26.4,22.56,Early,0,35.81949919938004,50.62186862208256,55.89855010372222,0.05278944211157768,0.05278944211157768,1813.2499825798077,3124.6479036983437,1475.7217227382666,0.1859628074385123
COW01674,89,507.9,Guernsey,Healthy,3.1,30.4,21.48,Late,0,31.49327642157096,95.0,57.83323373774918,0.05985430202795826,0.05985430202795826,2991.861260049241,3344.68292456513,1758.1303056275751,0.1752313447529041
COW01675,118,460.0,Jersey,Healthy,4.8,14.1,17.44,Early,0,23.709959168653146,86.87655329627337,43.45613897393876,0.03065217391304348,0.03065217391304348,2059.8395313679607,1888.436014522279,612.7315595325365,0.2565217391304348
COW01676,28,651.3,Guernsey,Healthy,4.4,23.9,25.34,Mid,0,19.20320499635259,89.19350811027854,36.04671103505712,0.03669583909104867,0.03669583909104867,1712.8012205855161,1299.3653764449089,861.5163937378652,0.04299094119453401
COW01677,57,635.3,Holstein,Foot and Mouth,2.1,26.8,25.28,Late,1,42.39126132911404,77.0703374745614,71.88596863302581,0.04218479458523532,0.04218479458523532,3267.108816607143,5167.592486308371,1926.5439593650917,0.08972139146859752
COW01678,111,593.0,Holstein,Bloat,4.5,14.2,25.8,Early,1,36.61715278254994,95.0,66.80001736946238,0.023946037099494097,0.023946037099494097,3478.629514342244,4462.2423205604755,948.5602466463657,0.18718381112984822
COW01679,67,707.8,Brown Swiss,Mastitis,4.3,27.7,24.2,Mid,1,28.077949170727482,78.35646492227718,49.579916780629965,0.03913534896863521,0.03913534896863521,2200.0888392855895,2458.168147974193,1373.36369482345,0.09465950833568805
COW01680,113,534.9,Jersey,Healthy,3.5,25.7,20.98,Late,0,25.407781150750424,95.0,47.18361701381324,0.04804636380631894,0.04804636380631894,2413.73920932129,2226.2937145062065,1212.6189572550002,0.21125444008225838
COW01681,13,792.5,Guernsey,Healthy,3.5,18.9,24.22,Mid,0,19.79008451874839,78.10643788819564,36.442070631756174,0.023848580441640378,0.023848580441640378,1545.7330072657633,1328.0245119299059,688.7551349401916,0.016403785488958992
COW01682,15,531.8,Brown Swiss,Healthy,4.5,26.4,18.03,Late,0,25.37678078137958,85.42775216492004,46.07864170670718,0.04964272282813088,0.04964272282813088,2167.8813393352007,2123.2412215350946,1216.4761410570695,0.028206092515983456
COW01683,97,570.4,Jersey,Healthy,3.3,16.4,22.23,Mid,0,33.258906385751345,54.08001407884662,53.20602433713191,0.028751753155680224,0.028751753155680224,1798.6421255884743,2830.8810257634727,872.5787991289632,0.17005610098176718
COW01684,50,518.2,Holstein,Foot and Mouth,2.5,28.8,20.53,Mid,1,35.47756457716969,57.651392089155685,56.933561058964834,0.055576997298340404,0.055576997298340404,2045.3309858067505,3241.430374854877,1639.6865584981872,0.09648784253184098
COW01685,68,579.8,Holstein,Foot and Mouth,2.9,29.6,18.43,Late,1,52.0,69.02893499364751,83.95487955761146,0.051052086926526394,0.051052086926526394,3589.5046196696703,7048.421801533047,2485.0644349052995,0.11728182131769577
COW01686,58,616.8,Guernsey,Healthy,2.8,22.7,22.68,Mid,0,32.77756820247965,76.13691199761098,56.61416749160659,0.03680285343709468,0.03680285343709468,2495.582825727885,3205.163960767684,1285.1416020594695,0.09403372243839171
COW01687,56,540.9,Jersey,Bloat,4.0,23.1,20.3,Late,1,48.52402724529833,98.0,88.66076849663102,0.04270660011092624,0.04270660011092624,4755.354670039236,7860.731870413199,2048.0637522721768,0.10353115178406361
COW01688,113,692.1,Brown Swiss,Foot and Mouth,2.5,21.2,22.35,Mid,1,32.71478611823437,94.81788220479504,59.93752122223512,0.030631411645715936,0.030631411645715936,3101.9467365138107,3592.506450265885,1270.6754499113845,0.16327120358329722
COW01689,22,569.1,Ayrshire,Healthy,3.9,20.2,21.26,Mid,0,38.016298130509945,53.03171147025093,59.337165588934255,0.03549464066069232,0.03549464066069232,2016.0693536242434,3520.8992201286032,1198.610744896472,0.03865752943243718
COW01690,95,571.6,Ayrshire,Bloat,3.4,29.7,25.13,Mid,1,30.227216139711402,95.0,55.61762824449495,0.05195941217634709,0.05195941217634709,2871.5855332725832,3093.3205715428426,1651.8435588615,0.16620013995801258
COW01691,108,477.3,Jersey,Healthy,4.5,19.5,18.41,Early,0,38.11339421876161,91.92649861438134,68.68960838294197,0.04085480829666876,0.04085480829666876,3503.630880840359,4718.2622998019315,1339.4473634673684,0.2262727844123193
COW01692,83,583.5,Holstein,Healthy,3.5,21.3,21.36,Late,0,49.0,63.531687814330894,77.5819639837585,0.03650385604113111,0.03650385604113111,3113.0527029022137,6018.961135577201,1652.495832854056,0.14224507283633248
COW01693,54,539.3,Guernsey,Healthy,4.8,19.4,19.42,Late,0,18.819331120696063,91.27225494192336,35.48908806376632,0.03597255701835713,0.03597255701835713,1717.6827878846434,1259.4753715977608,688.4883084370665,0.10012979788614872
COW01694,29,501.3,Guernsey,Healthy,4.7,25.8,17.84,Mid,0,30.848511670448488,95.0,56.70489542328485,0.05146618791143028,0.05146618791143028,2930.608608692606,3215.4451649656717,1462.9863019207492,0.05784959106323559
COW01695,85,487.9,Jersey,Healthy,2.6,28.7,19.56,Late,0,27.54384858768004,69.54469409034172,47.57592816214382,0.058823529411764705,0.058823529411764705,1915.5285241008992,2263.4689404894693,1365.4291382535275,0.17421602787456447
COW01696,62,763.7,Brown Swiss,Bloat,4.1,17.0,23.71,Mid,1,38.10443063952851,45.3022417021667,57.62218297406447,0.02226004975775828,0.02226004975775828,1726.2161267553668,3320.3159706965657,979.577110559096,0.08118371088123608
COW01697,28,528.9,Holstein,Healthy,2.6,18.6,21.66,Late,0,18.0,94.78588966869363,34.212292028072966,0.03516732841747022,0.03516732841747022,1706.1460140364852,1170.480925814145,636.3486317221572,0.05294006428436378
COW01698,50,433.4,Guernsey,Healthy,4.5,15.9,20.75,Mid,0,30.859948289167015,79.82030170392076,54.226339016056066,0.03668666359021689,0.03668666359021689,2463.2503830087044,2940.4958430842444,862.1987903552915,0.11536686663590218
COW01699,115,494.1,Guernsey,Healthy,3.9,16.9,17.87,Mid,0,18.0,86.86740810095881,33.927226691634516,0.034203602509613434,0.034203602509613434,1563.6133458172585,1151.0567109855576,573.3701310886232,0.23274640760979556
COW01700,40,545.9,Jersey,Healthy,2.9,21.3,24.19,Mid,0,29.336910369920776,93.46630981891298,53.83050721966011,0.03901813518959517,0.03901813518959517,2742.0127537646963,2897.7235075258795,1146.5898037787604,0.07327349331379374
COW01701,31,593.7,Brown Swiss,Mastitis,2.7,28.0,23.48,Mid,1,31.068312101736133,75.44290213246816,53.829708067436044,0.047161866262422095,0.047161866262422095,2343.8836293122554,2897.637470625389,1507.2318258882092,0.05221492336196732
COW01702,85,594.4,Jersey,Healthy,3.3,23.7,20.07,Late,0,36.256661520727214,49.60843595784907,56.24807714961557,0.0398721399730821,0.0398721399730821,1798.6362710964065,3163.846183029105,1333.0794284458889,0.1430013458950202
COW01703,33,604.1,Holstein,Ketosis,4.4,15.0,24.4,Mid,1,25.0,95.0,46.47,0.02483032610494951,0.02483032610494951,2375.0,2159.4609,697.05,0.05462671743088893
COW01704,111,498.4,Holstein,Mastitis,4.4,25.3,21.52,Late,1,29.829249450126724,67.88608908535566,50.73771358701615,0.05076243980738363,0.05076243980738363,2024.9910855205992,2574.3155800380837,1283.6641537515086,0.22271268057784913
COW01705,104,577.2,Ayrshire,Healthy,2.1,28.3,21.45,Early,0,28.878136221776785,66.88479780998298,49.18618111601074,0.04902979902979903,0.04902979902979903,1931.5083023226862,2419.2804127770114,1391.9689255831038,0.18018018018018017
COW01706,118,479.9,Brown Swiss,Healthy,2.9,21.1,21.13,Early,0,35.38707221456131,56.70876190899278,56.61116658547299,0.04396749322775579,0.04396749322775579,2006.757052871891,3204.824182168174,1194.4956149534803,0.245884559283184
COW01707,110,500.4,Holstein,Healthy,3.3,18.4,20.69,Mid,0,41.40879410175529,53.86587960635638,64.07555979538442,0.03677058353317346,0.03677058353317346,2230.5211177295505,4105.677363091884,1178.9903002350732,0.21982414068745004
COW01708,38,476.6,Holstein,Ketosis,3.8,27.8,21.4,Mid,1,21.748527883920215,88.15994854670839,40.27728070854075,0.058329836340746954,0.058329836340746954,1917.349099213059,1622.259341274589,1119.708403697433,0.07973143096936634
COW01709,34,454.9,Jersey,Mastitis,2.4,14.4,20.07,Late,1,42.0,40.0,61.04,0.03165530885908991,0.03165530885908991,1680.0,3725.8815999999997,878.976,0.07474170147285118
COW01710,49,635.1,Ayrshire,Healthy,3.0,28.7,21.5,Early,0,20.646113949900723,83.94047613346525,38.159908949306036,0.045189733900173196,0.045189733900173196,1733.0446352604456,1456.178651019327,1095.1893868450832,0.0771532042198079
COW01711,62,605.1,Jersey,Healthy,4.7,28.5,17.23,Early,0,45.32739748043648,73.45683798688563,75.38020624511356,0.04709965294992563,0.04709965294992563,3329.6072930875907,5682.1754935558565,2148.3358779857363,0.10246240290861014
COW01712,107,628.1,Ayrshire,Foot and Mouth,3.4,30.0,23.69,Mid,1,27.3388154574812,77.61481284710499,48.313489767941284,0.04776309504855915,0.04776309504855915,2121.897045193944,2334.193293556967,1449.4046930382385,0.17035503900652763
COW01713,91,553.1,Brown Swiss,Healthy,4.2,15.6,20.84,Late,0,23.8069563818156,68.98886477462095,41.93531752311082,0.028204664617609832,0.028204664617609832,1642.4148945203756,1758.5708557641253,654.1909533605287,0.1645272102693907
COW01714,81,612.1,Guernsey,Mastitis,3.5,15.9,24.49,Late,1,39.14808174575374,54.880702964293256,61.30038662885059,0.025976147688286228,0.025976147688286228,2148.4742459105823,3757.737400846564,974.6761473987244,0.13233131841202417
COW01715,106,409.1,Guernsey,Mastitis,3.4,29.7,20.98,Late,1,20.996884469501563,88.48235093422522,39.03458604263103,0.07259838670251771,0.07259838670251771,1857.8537001558207,1523.698907519565,1159.3272054661415,0.259105353214373
COW01716,81,619.0,Holstein,Healthy,3.9,22.6,21.76,Mid,0,39.722503884945056,40.0,58.307004661934066,0.03651050080775445,0.03651050080775445,1588.9001553978023,3399.7067926468007,1317.73830535971,0.1308562197092084
COW01717,52,564.2,Holstein,Healthy,2.8,21.1,24.14,Late,0,21.673889934135843,63.12194571332748,38.33053280278109,0.037398085785182555,0.037398085785182555,1368.0981038191576,1469.2297449450773,808.7742421386811,0.09216589861751151
COW01718,56,600.2,Ayrshire,Healthy,2.7,24.3,22.63,Early,0,32.1125958182404,94.7855279032013,58.879054106271845,0.0404865044985005,0.0404865044985005,3043.8093469740506,3466.7430124492876,1430.761014782406,0.09330223258913695
COW01719,67,580.4,Ayrshire,Healthy,5.0,15.1,22.49,Late,0,30.00321339473153,95.0,55.225623440780176,0.026016540317022743,0.026016540317022743,2850.3052724994955,3049.869484422849,833.9069139557806,0.11543762922122675
COW01720,21,471.0,Holstein,Ketosis,4.6,25.6,18.77,Mid,1,31.508487770639128,63.7380496057903,52.51140663856184,0.05435244161358811,0.05435244161358811,2008.2895565284339,2757.447827160396,1344.292009947183,0.044585987261146494
COW01721,92,430.2,Guernsey,Mastitis,4.2,31.0,24.5,Mid,1,49.0,67.68480407258755,79.0189422091153,0.07205950720595072,0.07205950720595072,3316.5553995567902,6243.993227847503,2449.587208482574,0.21385402138540213
COW01722,82,493.0,Ayrshire,Foot and Mouth,2.4,26.2,19.33,Mid,1,27.45623013133431,95.0,50.76840272983504,0.05314401622718053,0.05314401622718053,2608.341862476759,2577.430715738722,1330.132151521678,0.1663286004056795
COW01723,90,595.2,Ayrshire,Healthy,2.1,22.4,21.49,Mid,0,31.400182194417628,87.40129281978928,56.37852477517473,0.03763440860215053,0.03763440860215053,2744.4165185690285,3178.5380558249913,1262.8789549639139,0.15120967741935482
COW01724,69,605.2,Jersey,Healthy,2.5,31.3,19.31,Early,0,31.70968315339452,64.41404850187885,52.91761422466471,0.05171844018506279,0.05171844018506279,2042.5490686219653,2800.2738952304367,1656.3213252320054,0.11401189689358888
COW01725,96,440.6,Ayrshire,Mastitis,4.8,26.4,22.18,Early,1,33.00873612260426,60.22212741456387,54.01356567607812,0.05991829323649568,0.05991829323649568,1987.8563125691908,2917.465277044005,1425.9581338484625,0.21788470267816612
COW01726,114,471.5,Guernsey,Healthy,4.4,15.0,18.82,Mid,0,37.17083641585682,50.94722618641902,57.7377786660115,0.031813361611876985,0.031813361611876985,1893.7510104170383,3333.651085285333,866.0666799901725,0.2417815482502651
COW01727,73,492.1,Ayrshire,Healthy,3.6,26.1,19.91,Late,0,25.234998027149317,95.0,46.8812465475113,0.05303800040642146,0.05303800040642146,2397.324812579185,2197.8512778485406,1223.600534890045,0.14834383255435887
COW01728,59,521.4,Holstein,Healthy,4.9,15.1,19.94,Mid,0,32.207377321620136,68.66512590486471,54.393359915540906,0.02896049098580744,0.02896049098580744,2211.523618854531,2958.6376029015723,821.3397347246677,0.11315688530878405
COW01729,23,441.0,Guernsey,Healthy,2.4,19.5,19.02,Early,0,46.44303067018578,68.44508129451124,75.48630292758244,0.04421768707482993,0.04421768707482993,3178.7970097843445,5698.181929674742,1471.9829070878577,0.05215419501133787
COW01730,96,436.2,Holstein,Mastitis,3.7,25.1,17.18,Mid,1,25.467121660971408,69.71464083860839,44.48910144589517,0.057542411737734986,0.057542411737734986,1775.4312397877657,1979.280147463152,1116.676446291969,0.22008253094910593
COW01731,109,484.3,Jersey,Healthy,2.5,17.9,14.98,Early,0,42.0,57.331596323327084,65.82352058523827,0.036960561635349984,0.036960561635349984,2407.9270455797373,4332.735862235287,1178.241018475765,0.22506710716498038
COW01732,87,556.9,Holstein,Foot and Mouth,2.9,14.7,23.0,Mid,1,30.057075418898297,95.0,55.319881983072015,0.026396121386245287,0.026396121386245287,2855.422164795338,3060.2893426210157,813.2022651511586,0.1562219428981864
COW01733,105,455.6,Brown Swiss,Healthy,4.8,25.1,15.07,Early,0,42.0,44.7283828379672,62.34503366327895,0.05509218612818262,0.05509218612818262,1878.5920791946226,3886.903222475385,1564.8603449483016,0.2304653204565408
COW01734,105,540.7,Ayrshire,Healthy,4.6,19.1,23.51,Mid,0,32.557139409430256,95.0,59.69499396650295,0.03532457924912151,0.03532457924912151,3092.9282438958744,3563.4923046608233,1140.1743847602065,0.19419271314962083
COW01735,98,634.7,Guernsey,Healthy,2.3,23.6,26.55,Mid,0,25.961890741688254,95.0,48.153308797954445,0.03718292106507011,0.03718292106507011,2466.379620460384,2318.7411481911568,1136.418087631725,0.15440365527020639
COW01736,66,445.9,Jersey,Foot and Mouth,2.7,18.7,20.04,Early,1,28.7327900316616,95.0,53.0023825554078,0.041937654182552145,0.041937654182552145,2729.615053007852,2809.2525565497967,991.1445537861258,0.1480152500560664
COW01737,22,533.5,Brown Swiss,Healthy,3.8,26.4,23.17,Mid,0,34.07120039942577,47.260403561331835,52.95364901366755,0.049484536082474224,0.049484536082474224,1610.2186806958723,2804.0889438626946,1397.9763339608232,0.041237113402061855
COW01738,12,632.0,Jersey,Healthy,2.2,30.1,20.41,Mid,0,27.7518022467472,79.20083813743996,49.17618108327508,0.04762658227848102,0.04762658227848102,2197.9659977668675,2418.296785935062,1480.20305060658,0.0189873417721519
COW01739,34,516.5,Guernsey,Healthy,3.7,15.6,24.34,Early,0,22.256782104707906,95.0,41.66936868323884,0.030203291384317522,0.030203291384317522,2114.394299947251,1736.3362864596854,650.0421514585258,0.06582768635043562
COW01740,58,504.1,Jersey,Mastitis,3.8,28.2,19.87,Early,1,42.0,41.874191476723574,61.55727684757571,0.055941281491767504,0.055941281491767504,1758.7160420223902,3789.29833288908,1735.915207101635,0.11505653640150763
COW01741,92,643.1,Holstein,Mastitis,2.9,16.8,16.93,Mid,1,49.0,63.82059205927873,77.68192485251043,0.026123464468978386,0.026123464468978386,3127.2090109046576,6034.481448791078,1305.0563375221755,0.14305706733011972
COW01742,61,525.5,Brown Swiss,Healthy,2.9,19.9,21.13,Mid,0,36.998311879673246,56.0655839646835,58.66852502523785,0.03786869647954329,0.03786869647954329,2074.3319612413675,3441.9958286369597,1167.5036480022331,0.11607992388201713
COW01743,14,638.4,Ayrshire,Bloat,2.7,20.4,24.95,Late,1,29.56285568597045,71.94006629286493,50.95845298115494,0.03195488721804511,0.03195488721804511,2126.753797855113,2596.763930232579,1039.5524408155607,0.02192982456140351
COW01744,34,584.3,Brown Swiss,Healthy,4.8,17.7,22.49,Mid,0,23.13575583871284,85.05226748610909,42.33856309384571,0.0302926578812254,0.0302926578812254,1967.7484940875145,1792.5539248515538,749.392566761069,0.05818928632551772
COW01745,117,522.6,Jersey,Healthy,3.2,15.4,19.5,Mid,0,27.255016282589715,95.0,50.416278494532,0.029468044393417527,0.029468044393417527,2589.2265468460228,2541.80113723821,776.4106888157928,0.22388059701492535
COW01746,118,588.4,Holstein,Healthy,3.8,27.8,22.36,Late,0,25.0,95.0,46.47,0.04724677090414684,0.04724677090414684,2375.0,2159.4609,1291.866,0.20054384772263767
COW01747,52,575.6,Ayrshire,Mastitis,2.9,28.3,24.14,Mid,1,40.9112179100545,88.11859738216151,72.49028769931203,0.049166087560806114,0.049166087560806114,3605.0391394299677,5254.84181072903,2051.4751418905307,0.09034051424600417
COW01748,98,631.7,Guernsey,Healthy,4.1,31.9,22.4,Mid,0,33.11616256243205,67.40672250149703,55.50888181133329,0.05049865442456862,0.05049865442456862,2232.251980160322,3081.2359599445676,1770.733329781532,0.15513693208801646
COW01749,89,506.1,Holstein,Healthy,2.3,30.8,27.8,Early,0,32.697869367970135,59.92321037043521,53.522966249052274,0.06085753803596127,0.06085753803596127,1959.3613048018838,2864.707916097189,1648.50736047081,0.17585457419482314
COW01750,112,553.3,Holstein,Healthy,2.2,21.8,20.03,Early,0,20.995307276594378,73.30368704872822,38.030849227212244,0.03939996385324417,0.03939996385324417,1539.0334340953607,1446.3454929429502,829.072513153227,0.20242183264052052
COW01751,107,545.1,Holstein,Healthy,4.2,16.4,23.88,Mid,0,39.555750319416056,42.03544021660185,58.61893064208861,0.030086222711429092,0.030086222711429092,1662.743377774643,3436.1790296219947,961.350462530253,0.19629425793432398
COW01752,79,606.3,Jersey,Mastitis,4.2,14.2,24.38,Mid,1,29.08795579737043,90.61264805768984,52.979510331436664,0.023420748804222333,0.023420748804222333,2635.7367013847656,2806.828514958804,752.3090467064006,0.13029853207982847
COW01753,54,468.0,Ayrshire,Ketosis,2.8,23.6,18.73,Late,1,18.0,89.32903500887487,34.015845260319495,0.05042735042735043,0.05042735042735043,1607.9226301597475,1157.0777287740002,802.7739481435401,0.11538461538461539
COW01754,79,631.4,Holstein,Healthy,3.1,29.5,21.72,Early,0,42.453495333399644,70.6861408619783,70.19272949479509,0.04672157111181502,0.04672157111181502,3000.873751220026,4927.019273929476,2070.685520096455,0.12511878365536902
COW01755,46,587.3,Ayrshire,Healthy,4.9,18.8,24.21,Mid,0,32.49494260998355,95.0,59.58614956747122,0.032010897326749534,0.032010897326749534,3087.019547948438,3550.50922027705,1120.219611868459,0.0783245360122595
COW01756,49,444.6,Holstein,Healthy,2.3,17.6,20.42,Late,0,44.78702717193595,63.7341194528206,71.59652593347147,0.03958614484930274,0.03958614484930274,2854.4617397128877,5126.062525742253,1260.0988564290979,0.11021142600089968
COW01757,77,646.7,Guernsey,Healthy,2.5,21.9,23.8,Mid,0,39.654366431839385,90.78449869874945,71.05054311016215,0.033864233802381315,0.033864233802381315,3600.0017777310563,5048.17967624901,1556.006894112551,0.11906602752435441
COW01758,73,728.7,Jersey,Healthy,3.3,30.1,19.83,Early,0,25.89099348030212,77.28498136806915,45.99360695449923,0.04130643611911623,0.04130643611911623,2000.9849487259494,2115.4118806849597,1384.407569330427,0.10017839989021544
COW01759,74,630.1,Ayrshire,Ketosis,2.8,22.1,24.38,Late,1,26.906215252122244,71.038631684689,46.80921639234732,0.03507379780987145,0.03507379780987145,1911.3807153244736,2191.102739265597,1034.4836822708758,0.11744167592445644
COW01760,53,664.2,Brown Swiss,Healthy,3.9,27.0,23.52,Mid,0,52.0,95.81865209597439,94.02781318808638,0.04065040650406504,0.04065040650406504,4982.569908990668,8841.22965293367,2538.7509560783324,0.0797952423968684
COW01761,56,556.8,Jersey,Mastitis,4.1,22.3,21.43,Early,1,47.27259985277878,71.1873265035823,77.61920486963677,0.040050287356321844,0.040050287356321844,3365.2100003929595,6024.740964594645,1730.9082685929002,0.10057471264367816
COW01762,13,417.1,Jersey,Healthy,3.6,20.7,18.86,Mid,0,42.0,51.82494492935788,64.30368480050278,0.04962838647806281,0.04962838647806281,2176.647687033031,4134.963878922412,1331.0862753704075,0.031167585710860705
COW01763,76,402.5,Ayrshire,Foot and Mouth,3.8,21.9,19.0,Early,1,46.13559630426137,70.06155655973919,75.54292979768968,0.054409937888198756,0.054409937888198756,3232.331689888302,5706.734242418672,1654.3901625694039,0.18881987577639753
COW01764,74,570.4,Brown Swiss,Healthy,3.3,27.8,20.55,Late,0,38.31690397796897,59.504993499720555,61.28527533980002,0.048737727910238435,0.048737727910238435,2280.04712213846,3755.8849734751007,1703.7306544464407,0.1297335203366059
COW01765,113,502.6,Jersey,Ketosis,4.3,27.6,20.08,Early,1,39.11573087103627,55.00851485060566,61.28834118345873,0.05491444488658973,0.05491444488658973,2151.698262511693,3756.260765020044,1691.558216663461,0.22483087942697969
COW01766,66,476.8,Guernsey,Mastitis,2.1,21.8,19.66,Late,1,30.533848187987022,72.82680739702829,52.57684509598386,0.04572147651006712,0.04572147651006712,2223.682681076632,2764.3246402470822,1146.1752230924483,0.13842281879194632
COW01767,62,545.0,Brown Swiss,Healthy,2.9,18.8,27.03,Early,0,52.0,79.56296681046248,87.91567552073388,0.0344954128440367,0.0344954128440367,4137.274274144049,7729.166002266968,1652.814699789797,0.11376146788990826
COW01768,19,599.2,Guernsey,Mastitis,4.1,16.5,22.81,Late,1,37.72038073901419,49.880308681859056,58.20858248961643,0.027536715620827767,0.027536715620827767,1881.5042348592785,3388.239075450481,960.4416110786711,0.03170894526034713
COW01769,33,433.8,Brown Swiss,Healthy,3.0,14.0,16.88,Early,0,18.0,72.43162684009532,33.40753856624343,0.032272936837252186,0.032272936837252186,1303.7692831217157,1116.0636330550421,467.70553992740804,0.07607192254495158
COW01770,48,514.1,Holstein,Healthy,2.2,16.0,25.95,Late,0,26.787858782040615,76.316187380566,47.28422854617451,0.031122349737405172,0.031122349737405172,2044.3472503343523,2235.7982692068645,756.5476567387922,0.09336704921221552
COW01771,52,670.8,Holstein,Healthy,3.0,17.0,21.78,Early,0,22.702823038802094,89.78813992237971,42.01720879862888,0.025342874180083484,0.025342874180083484,2038.4442516409883,1765.445835227576,714.2925495766909,0.07751937984496124
COW01772,51,464.0,Holstein,Mastitis,4.1,26.4,20.42,Late,1,39.01094547602372,98.0,71.72748294732222,0.05689655172413793,0.05689655172413793,3823.0726566503245,5144.831809958399,1893.6055498093065,0.10991379310344827
COW01773,54,619.6,Brown Swiss,Mastitis,2.4,28.7,24.54,Late,1,25.181731717863503,92.8765933957214,46.55909050290842,0.04632020658489348,0.04632020658489348,2338.7934577601495,2167.748908458017,1336.2458974334716,0.08715300193673338
COW01774,95,511.2,Brown Swiss,Healthy,4.2,27.3,16.3,Mid,0,21.899367246384987,77.34068319420587,39.71955566070464,0.0534037558685446,0.0534037558685446,1693.7120243562297,1577.6431018838143,1084.3438695372367,0.18583724569640064
COW01775,26,593.7,Guernsey,Foot and Mouth,4.3,27.0,20.27,Early,1,34.2832189315556,85.1670246987068,60.76052112358039,0.04547751389590702,0.04547751389590702,2919.7997534949686,3691.8409272090585,1640.5340703366705,0.043793161529391944
COW01776,47,637.8,Ayrshire,Healthy,3.9,31.9,20.88,Mid,0,22.349647136459836,83.47093366923053,40.91536239738014,0.05001567889620571,0.05001567889620571,1865.5459136581471,1674.066880108949,1305.2000604764264,0.07369081216682347
COW01777,29,609.3,Holstein,Healthy,2.7,31.3,21.72,Mid,0,35.98453488812684,56.97713089735084,57.485876607293854,0.05137042507795832,0.05137042507795832,2050.2955546010908,3304.6260093090145,1799.3079378082978,0.04759560150992943
COW01778,45,622.7,Ayrshire,Healthy,4.4,18.8,22.99,Mid,0,38.408997270189865,55.57576727210077,60.47038226339764,0.03019110325999679,0.03019110325999679,2134.6094934428256,3656.667131081436,1136.8431865518758,0.07226593865424763
COW01779,85,457.9,Ayrshire,Healthy,2.6,16.6,20.49,Mid,0,36.70824411842035,71.92750797720512,61.81235936258748,0.03625245686831186,0.03625245686831186,2640.332521656873,3820.767769969656,1026.0851654189523,0.18563005022930773
COW01780,17,639.1,Guernsey,Healthy,4.7,16.8,20.58,Late,0,45.00615413645775,62.0355670231704,71.39162457170329,0.02628696604600219,0.02628696604600219,2791.9822913873627,5096.764058987029,1199.3792928046153,0.026599906117978408
COW01781,48,481.8,Brown Swiss,Healthy,4.1,30.1,23.13,Late,0,26.108519110720817,95.0,48.40990844376143,0.06247405562474056,0.06247405562474056,2480.3093155184774,2343.5192355333643,1457.138244157219,0.099626400996264
COW01782,14,570.8,Holstein,Healthy,2.2,15.8,20.63,Mid,0,42.0,40.0,61.04,0.02768044849334268,0.02768044849334268,1680.0,3725.8815999999997,964.432,0.024526979677645413
COW01783,115,570.7,Holstein,Healthy,4.4,20.1,21.54,Early,0,42.0,57.256806751926575,65.80287866353174,0.03521990537935868,0.03521990537935868,2404.785883580916,4330.018840407482,1322.637861136988,0.20150692132468898
COW01784,90,588.8,Holstein,Mastitis,3.5,23.5,22.59,Early,1,40.923135557599856,52.231804547423344,62.99202077037358,0.039911684782608696,0.039911684782608696,2137.489217912266,3967.994680735176,1480.312488103779,0.15285326086956522
COW01785,38,577.0,Guernsey,Healthy,3.4,25.0,25.83,Mid,0,23.01944122367732,85.28442585891666,42.16659393880184,0.043327556325823226,0.043327556325823226,1963.1998283543983,1778.0216443998,1054.1648484700459,0.0658578856152513
COW01786,33,482.5,Brown Swiss,Foot and Mouth,3.3,24.7,20.32,Late,1,48.12190074884896,58.0,74.45622303341156,0.051191709844559584,0.051191709844559584,2791.0702434332397,5543.729148401127,1839.0687089252656,0.06839378238341969
COW01787,22,442.0,Holstein,Healthy,3.8,28.2,17.54,Mid,0,18.0,79.90782217634008,33.67668159834824,0.06380090497737556,0.06380090497737556,1438.3407991741215,1134.118883476527,949.6824210734203,0.049773755656108594
COW01788,63,619.8,Holstein,Healthy,4.2,24.3,17.72,Early,0,20.005865762729343,85.78707971663268,37.21380114086351,0.03920619554695063,0.03920619554695063,1716.2448009875145,1384.8669953517342,904.2953677229833,0.1016456921587609
COW01789,93,564.9,Holstein,Healthy,4.7,29.3,18.31,Mid,0,36.11576906666302,60.4716945295865,58.42450878807332,0.05186758718357232,0.05186758718357232,2183.9817547003354,3413.4232271276564,1711.8381074905483,0.16463090812533193
COW01790,75,642.0,Guernsey,Mastitis,2.8,15.5,21.72,Mid,1,19.37825233145515,77.0051766564539,35.736113867405194,0.024143302180685357,0.024143302180685357,1492.2257440770436,1277.0698343441497,553.9097649447805,0.11682242990654206
COW01791,107,546.4,Guernsey,Healthy,3.9,29.5,21.12,Late,0,49.0,63.000467807952006,77.39816186155139,0.05398975109809664,0.05398975109809664,3087.0229225896483,5990.475459546908,2283.245774915766,0.1958272327964861
COW01792,49,437.6,Guernsey,Healthy,4.1,24.6,18.58,Mid,0,42.0,55.69180219268975,65.37093740518237,0.05621572212065814,0.05621572212065814,2339.0556920929694,4273.359457232272,1608.1250601674865,0.1119744058500914
COW01793,42,627.3,Holstein,Foot and Mouth,4.0,18.0,22.88,Early,1,20.221487679547664,86.59364006232869,37.618228231138445,0.028694404591104738,0.028694404591104738,1751.0522256475647,1415.1310952500216,677.128108160492,0.06695361071257772
COW01794,63,520.4,Holstein,Mastitis,3.5,31.6,19.88,Mid,1,22.228458505546723,88.24974487195328,41.091361462989084,0.06072252113758648,0.06072252113758648,1961.6557920112982,1688.4999868820244,1298.487022230455,0.12106072252113759
COW01795,33,577.4,Holstein,Healthy,3.2,30.9,18.74,Early,0,42.0,50.26855662597286,63.87412162876851,0.05351576030481468,0.05351576030481468,2111.27937829086,4079.9034138467136,1973.710358328947,0.0571527537235885
COW01796,117,498.2,Guernsey,Healthy,4.3,29.2,22.03,Mid,0,25.693440942101788,70.21535565964393,44.88448247739004,0.0586109995985548,0.0586109995985548,1804.0740938697338,2014.6167672631332,1310.626888339789,0.23484544359694903
COW01797,32,681.5,Guernsey,Healthy,2.9,30.4,25.65,Mid,0,41.19530139969968,44.42945169844084,61.26124661259096,0.0446074834922964,0.0446074834922964,1830.2846537406695,3752.940336528687,1862.3418970227651,0.04695524578136464
COW01798,63,479.9,Jersey,Healthy,2.6,20.9,18.05,Early,0,26.711958976107386,74.08707874109606,46.89113792208603,0.0435507397374453,0.0435507397374453,1979.0110079917956,2198.778815628095,980.0247825715979,0.13127734944780164
COW01799,68,523.0,Holstein,Mastitis,3.6,18.1,22.01,Mid,1,30.44080431754997,77.03156020390432,53.109125289103964,0.03460803059273423,0.03460803059273423,2344.902650442621,2820.5791889737425,961.2751677327818,0.13001912045889102
COW01800,18,558.6,Jersey,Healthy,2.8,17.3,15.22,Late,0,32.0,98.0,59.248,0.030970282849982097,0.030970282849982097,3136.0,3510.325504,1024.9904,0.032223415682062294
COW01801,62,462.6,Ayrshire,Healthy,2.1,29.7,16.9,Late,0,22.46831235172331,91.95423105783476,41.79380446375012,0.06420233463035019,0.06420233463035019,2066.056385469968,1746.7220915541795,1241.2759925733785,0.1340250756593169
COW01802,61,576.4,Holstein,Healthy,2.2,28.9,20.46,Mid,0,39.293712177711114,45.126100763097995,59.06853138315841,0.05013879250520472,0.05013879250520472,1773.1720150875624,3489.0913997631696,1707.080556973278,0.1058292852185982
COW01803,40,679.0,Guernsey,Healthy,4.1,31.7,25.39,Mid,0,32.729036105040564,98.0,60.54568426697221,0.046686303387334316,0.046686303387334316,3207.445538293975,3665.779883355886,1919.298191263019,0.05891016200294551
COW01804,25,510.8,Brown Swiss,Mastitis,4.9,29.3,17.87,Late,1,24.28430965826333,84.46754613339077,44.17648154717144,0.05736100234925607,0.05736100234925607,2051.2360463769046,1951.561521887579,1294.3709093321233,0.04894283476898982
COW01805,16,581.6,Holstein,Healthy,3.4,25.4,18.09,Mid,0,30.79415837039097,95.0,56.60977714818419,0.0436726272352132,0.0436726272352132,2925.445045187142,3204.666868767077,1437.8883395638784,0.027510316368638238
COW01806,12,330.0,Ayrshire,Healthy,2.4,16.6,16.94,Late,0,35.903553754037844,60.99791952710956,58.23956341758703,0.05030303030303031,0.05030303030303031,2190.042082626053,3391.846747071141,966.7767527319447,0.03636363636363636
COW01807,64,546.9,Brown Swiss,Healthy,4.5,17.0,21.73,Early,0,33.92870275421059,56.69606199541297,54.61496762379563,0.031084293289449626,0.031084293289449626,1923.6238347766623,2982.7946885482447,928.4544496045257,0.11702322179557506
COW01808,21,525.0,Guernsey,Healthy,2.8,22.5,17.8,Early,0,36.706234062276316,59.00684250787759,58.92719165238699,0.04285714285714286,0.04285714285714286,2165.9189723700306,3472.4139160371465,1325.8618121787072,0.04
COW01809,115,484.5,Holstein,Healthy,5.0,27.8,25.37,Early,0,36.48293285939236,43.81952902054419,55.26298346042262,0.05737874097007224,0.05737874097007224,1598.6649351867088,3053.997340946944,1536.3109401997488,0.23735810113519093
COW01810,38,636.5,Jersey,Healthy,3.7,17.1,21.29,Late,0,41.60251711178694,48.46898541237552,62.86679774014052,0.026865671641791048,0.026865671641791048,2016.4317950093039,3952.234258099737,1075.022241356403,0.05970149253731343
COW01811,82,523.9,Guernsey,Healthy,2.7,30.5,21.77,Mid,0,34.55094004400303,44.713946875887295,53.05103266146984,0.05821721702615003,0.05821721702615003,1544.9088976395185,2814.41206644834,1618.05649617483,0.15651841954571483
COW01812,84,535.8,Guernsey,Mastitis,3.5,26.3,20.62,Early,1,21.168073653208396,88.11707097244937,39.298287187032,0.049085479656588285,0.049085479656588285,1865.2686484497997,1544.3553758344437,1033.5449530189417,0.15677491601343788
COW01813,65,519.8,Holstein,Ketosis,3.0,19.6,22.43,Late,1,42.0,50.6981090416568,63.992678095497276,0.03770681031165834,0.03770681031165834,2129.3205797495857,4095.062849833937,1254.2564906717466,0.1250480954213159
COW01814,107,396.7,Guernsey,Bloat,4.3,29.9,22.68,Late,1,18.036943403721576,90.52914918603723,34.122048642744105,0.07537181749432821,0.07537181749432821,1632.8691402556208,1164.3142035777948,1020.2492544180486,0.2697252331736829
COW01815,23,459.4,Ayrshire,Healthy,2.3,24.8,23.25,Early,0,24.982922989601075,65.95322942987545,43.36611787139949,0.05398345668262952,0.05398345668262952,1647.7044517620695,1880.6201792361142,1075.4797232107073,0.0500653025685677
COW01816,37,626.9,Guernsey,Healthy,4.6,27.2,19.89,Mid,0,25.0,95.0,46.47,0.043388100175466585,0.043388100175466585,2375.0,2159.4609,1263.984,0.05902057744456851
COW01817,39,381.2,Jersey,Healthy,4.3,20.9,21.69,Mid,0,42.652283998327015,77.59315113402783,72.44366462029825,0.05482686253934942,0.05482686253934942,3309.525118493665,5248.084543618253,1514.0725905642332,0.10230849947534103
COW01818,26,488.7,Ayrshire,Mastitis,4.6,21.1,20.98,Early,1,32.005648220652716,68.50591336824242,54.06542869448004,0.043175772457540416,0.043175772457540416,2192.576164298477,2923.070579917906,1140.780545453529,0.053202373644362595
COW01819,43,518.0,Guernsey,Healthy,4.7,14.2,23.17,Mid,0,25.33658615389263,70.34013795843455,44.36207871170523,0.027413127413127413,0.027413127413127413,1782.1789654605702,1967.9940276235304,629.9415177062142,0.08301158301158301
COW01820,45,689.5,Holstein,Healthy,2.7,23.7,22.63,Early,0,22.188861237215608,77.04085938280382,40.15169462305748,0.03437273386511965,0.03437273386511965,1709.448938440874,1612.158581103263,951.5951625664622,0.06526468455402465
COW01821,94,611.5,Holstein,Healthy,3.6,27.7,21.97,Late,0,44.11018448821073,86.23732785108308,77.3094167928285,0.045298446443172526,0.045298446443172526,3803.944441281588,5976.745924847273,2141.470845161349,0.15372035977105478
COW01822,44,505.4,Ayrshire,Healthy,4.5,31.4,22.96,Late,0,27.439283742278572,69.74173966776279,47.4452503159037,0.06212900672734468,0.06212900672734468,1913.663383423868,2251.0517775387602,1489.780859919376,0.08705975464978236
COW01823,106,654.4,Jersey,Mastitis,3.1,30.1,25.1,Late,1,25.24740876849928,83.8054989900182,45.688652060727236,0.045996332518337416,0.045996332518337416,2115.871690049043,2087.452927126195,1375.22842702789,0.16198044009779952
COW01824,95,490.8,Holstein,Mastitis,2.2,15.6,24.89,Mid,1,22.99636623379515,90.77469036303863,42.60041781823647,0.03178484107579462,0.03178484107579462,2087.4880243477915,1814.7955982883195,664.566517964489,0.19356153219233904
COW01825,109,630.7,Brown Swiss,Healthy,2.9,31.6,22.84,Early,0,32.95077457156254,54.652138845743984,52.89901473306136,0.05010306009196131,0.05010306009196131,1800.8303069598462,2798.3057597286424,1671.6088655647388,0.17282384651973995
COW01826,23,441.3,Brown Swiss,Bloat,2.7,16.7,18.6,Mid,1,28.49822531440083,58.04783008116026,47.38229412648318,0.037842737366870605,0.037842737366870605,1654.2601406649592,2245.0817966885625,791.2843119122691,0.05211874008610922
COW01827,118,635.9,Brown Swiss,Healthy,4.6,14.7,15.96,Mid,0,32.983897283928286,65.76155227435416,55.00817715412541,0.023116842270797296,0.023116842270797296,2169.072285448978,3025.899553819645,808.6202041656435,0.18556376788803272
COW01828,78,517.5,Guernsey,Healthy,3.4,27.5,17.38,Mid,0,48.669966460748114,97.1754330719731,88.63796149045041,0.05314009661835749,0.05314009661835749,4729.525068421604,7856.688217182569,2437.543940987386,0.15072463768115943
COW01829,118,467.7,Ayrshire,Healthy,4.1,30.3,19.1,Mid,0,32.543885064009736,63.13260736379549,53.88981576920739,0.06478511866581142,0.06478511866581142,2054.5803178386154,2904.1122436391133,1632.8614178069838,0.252298481932863
COW01830,50,532.6,Guernsey,Mastitis,4.9,31.1,18.39,Mid,1,38.15463408187546,66.02454958003474,62.60759742244406,0.05839279008636876,0.05839279008636876,2519.1425296468697,3919.711255010824,1947.0962798380103,0.09387908374014269
COW01831,114,572.2,Holstein,Healthy,2.9,28.8,23.52,Early,0,39.276018199992286,95.0,71.4530318499865,0.05033205173016428,0.05033205173016428,3731.2217289992673,5105.535760555185,2057.847317279611,0.19923103809856693
COW01832,75,510.4,Holstein,Healthy,4.3,17.7,18.04,Mid,0,35.60418850624281,60.54909437706059,57.722294915529034,0.03467868338557994,0.03467868338557994,2155.8013700831516,3331.8633303153088,1021.6846200048639,0.1469435736677116
COW01833,19,594.3,Holstein,Ketosis,2.1,16.8,19.22,Mid,1,45.02994741729382,68.86644789755589,73.51771471301447,0.02826855123674912,0.02826855123674912,3101.052527642746,5404.854376624185,1235.097607178643,0.03197038532727579
COW01834,56,503.4,Jersey,Healthy,2.3,15.1,19.8,Mid,0,42.0,40.0,61.04,0.029996027016289235,0.029996027016289235,1680.0,3725.8815999999997,921.704,0.11124354390147001
COW01835,26,599.6,Jersey,Healthy,2.5,24.5,23.95,Mid,0,32.78669070921257,56.585874990465804,53.03362238696867,0.04086057371581054,0.04086057371581054,1855.2635818225692,2812.565103483585,1299.3237484807325,0.04336224149432955
COW01836,113,585.4,Ayrshire,Healthy,2.9,22.8,20.16,Mid,0,43.04117763240959,85.06203198964786,75.19570978581979,0.03894772804919713,0.03894772804919713,3661.170028640141,5654.394770193234,1714.4621831166912,0.19303040655961737
COW01837,44,545.1,Jersey,Bloat,3.2,16.0,22.22,Mid,1,43.27862782468002,83.75226716889082,75.20940779017968,0.02935241240139424,0.02935241240139424,3624.6832002755937,5656.45502014954,1203.350524642875,0.08071913410383416
COW01838,36,514.7,Holstein,Mastitis,3.4,22.4,20.9,Mid,1,25.0,95.0,46.47,0.043520497377112874,0.043520497377112874,2375.0,2159.4609,1040.9279999999999,0.06994365649893142
COW01839,71,562.1,Ayrshire,Ketosis,2.7,24.2,24.16,Mid,1,26.436704838220123,95.0,48.984233466885215,0.043052837573385516,0.043052837573385516,2511.4869596309118,2399.4551283383175,1185.4184498986222,0.12631204412026328
COW01840,57,594.0,Jersey,Healthy,2.2,27.0,24.19,Mid,0,35.328623360899336,69.43907589919758,59.19554134895156,0.045454545454545456,0.045454545454545456,2453.1869589716534,3504.112115595434,1598.279616421692,0.09595959595959595
COW01841,22,714.9,Ayrshire,Healthy,4.0,21.5,22.01,Mid,0,32.89156177983746,94.31280328479427,60.153159709574275,0.030074136242831166,0.030074136242831166,3102.095395871468,3618.4026230455497,1293.292933755847,0.03077353476010631
COW01842,100,625.2,Guernsey,Foot and Mouth,2.1,19.7,18.26,Early,1,52.0,85.70706235220209,90.22585544442799,0.031509916826615476,0.031509916826615476,4456.767242314509,8140.704990678816,1777.4493522552314,0.1599488163787588
COW01843,103,628.1,Ayrshire,Healthy,4.4,26.0,21.89,Mid,0,24.742178909772583,90.7700282430733,45.58134184516781,0.04139468237541793,0.04139468237541793,2245.84827843523,2077.658724406046,1185.1148879743632,0.1639866263333864
COW01844,92,797.1,Ayrshire,Healthy,4.8,26.3,24.64,Early,0,43.65873101179021,59.92780278448268,68.86109942742007,0.032994605444737174,0.032994605444737174,2616.371821895342,4741.851014353033,1811.0469149411479,0.11541839166980303
COW01845,78,591.3,Holstein,Ketosis,4.1,18.9,23.01,Late,1,23.270662188716834,82.82754351506283,42.36388133540713,0.0319634703196347,0.0319634703196347,1927.4517850602708,1794.6984418004565,800.6773572391946,0.1319127346524607
COW01846,55,588.8,Guernsey,Healthy,3.8,14.4,20.11,Late,0,40.87912624744819,50.05629158404945,62.35776964128979,0.024456521739130436,0.024456521739130436,2046.2574631434356,3888.491434636163,897.951882834573,0.09341032608695653
COW01847,70,606.3,Brown Swiss,Healthy,4.0,31.0,25.28,Mid,0,35.76617094171063,98.0,65.95178427624492,0.05112980372752763,0.05112980372752763,3505.0847522876415,4349.637849220347,2044.5053125635925,0.11545439551377207
COW01848,68,469.3,Guernsey,Foot and Mouth,4.0,27.6,20.79,Late,1,40.5388187608223,54.83813064080365,63.16509458868047,0.058810995099083746,0.058810995099083746,2223.073039229835,3989.8291743969503,1743.356610647581,0.14489665459194545
COW01849,29,514.5,Guernsey,Bloat,4.8,17.6,17.77,Mid,1,25.0,95.0,46.47,0.03420796890184646,0.03420796890184646,2375.0,2159.4609,817.8720000000001,0.056365403304178816
COW01850,20,509.5,Brown Swiss,Ketosis,4.9,24.2,18.37,Early,1,42.0,44.25231839045506,62.2136398757656,0.04749754661432777,0.04749754661432777,1858.5973723991124,3870.5369865914518,1505.5700849935274,0.03925417075564279
COW01851,39,601.8,Jersey,Bloat,3.3,24.7,26.4,Mid,1,25.37792662675531,73.0795479880983,44.72496045870212,0.041043536058491197,0.041043536058491197,1854.6074067584022,2000.3220880324682,1104.7065233299425,0.06480558325024925
COW01852,61,536.1,Ayrshire,Healthy,3.9,16.3,23.11,Late,0,33.51562568046462,95.0,61.37234494081309,0.030404775228502146,0.030404775228502146,3183.984439644139,3766.5647235341467,1000.3692225352535,0.11378474165267674
COW01853,29,561.1,Guernsey,Bloat,4.4,17.4,23.25,Early,1,18.0,88.16393383480174,33.973901618052864,0.03101051505970415,0.03101051505970415,1586.9508090264312,1154.225991153135,591.1458881541198,0.05168419176617359
COW01854,23,637.0,Ayrshire,Healthy,2.0,31.2,18.62,Early,0,22.48760043884745,88.90185608821318,41.58010725421182,0.04897959183673469,0.04897959183673469,1999.1894179836556,1728.9053192717581,1297.2993463314087,0.03610675039246468
COW01855,104,619.1,Jersey,Mastitis,3.6,23.1,20.62,Mid,1,37.06411212578591,65.65400258965569,60.93118646261468,0.03731222742691003,0.03731222742691003,2433.407313489637,3712.6094837419187,1407.5104072863992,0.16798578581812307
COW01856,52,537.1,Ayrshire,Healthy,4.0,17.4,19.55,Mid,0,42.0,43.66554996892441,62.05169179142314,0.03239620182461366,0.03239620182461366,1833.9530986948253,3850.4124541777696,1079.6994371707626,0.0968162353379259
COW01857,75,496.4,Jersey,Foot and Mouth,4.2,28.4,21.61,Mid,1,43.53423903295203,61.355749395788536,69.10292191578968,0.057211925866236905,0.057211925866236905,2671.07586024216,4775.213817299726,1962.5229824084267,0.15108783239323126
COW01858,68,640.8,Brown Swiss,Healthy,3.1,22.5,22.38,Mid,0,32.66849581910009,40.0,49.842194982920105,0.0351123595505618,0.0351123595505618,1306.7398327640035,2484.2444007154263,1121.4493871157024,0.10611735330836455
COW01859,91,611.9,Ayrshire,Foot and Mouth,2.9,25.5,21.26,Mid,1,42.0,44.608178756632476,62.31185733683056,0.04167347605817944,0.04167347605817944,1873.543507778564,3882.767564765525,1588.9523620891794,0.14871711063899332
COW01860,91,421.5,Jersey,Healthy,2.5,19.4,19.29,Early,0,39.563663406314994,98.0,72.7113208632407,0.04602609727164887,0.04602609727164887,3877.2390138188694,5286.9361816771425,1410.5996247468695,0.2158956109134045
COW01861,43,524.9,Jersey,Healthy,3.7,15.0,18.83,Mid,0,41.184368021775704,93.42428200961042,74.3705979325762,0.028576871785101925,0.028576871785101925,3847.6200124539546,5530.985836848908,1115.558968988643,0.08192036578395885
COW01862,103,563.2,Ayrshire,Healthy,4.8,17.0,21.24,Late,0,27.898542961360416,61.66282448737401,47.04241722370479,0.03018465909090909,0.03018465909090909,1720.302958079831,2212.9890182491167,799.7210928029814,0.1828835227272727
COW01863,52,612.3,Ayrshire,Healthy,4.7,31.5,24.94,Mid,0,30.442405390420426,67.7205527003573,51.61792990916097,0.0514453699167075,0.0514453699167075,2061.5765185676078,2664.4106881070547,1625.9647921385706,0.08492569002123143
COW01864,102,622.8,Jersey,Mastitis,3.1,25.2,18.65,Mid,1,32.45921015229334,95.0,59.52361776651334,0.04046242774566474,0.04046242774566474,3083.624964467867,3543.0610720139825,1499.9951677161362,0.16377649325626206
COW01865,55,572.7,Jersey,Healthy,2.8,29.0,22.63,Early,0,21.534792086327517,93.10906884362333,40.270972144570095,0.05063733193644141,0.05063733193644141,2005.0844388989838,1621.7511974687404,1167.8581921925327,0.09603631918980268
COW01866,23,596.8,Jersey,Healthy,4.4,14.4,24.19,Early,0,25.504212497708842,71.28222316560857,44.71869953156729,0.02412868632707775,0.02412868632707775,1817.9969669247848,1999.7620877945965,643.949273254569,0.038538873994638075
COW01867,94,555.1,Holstein,Healthy,4.2,27.8,21.31,Mid,0,41.62512424569766,49.791818831981374,63.25598393775775,0.0500810664745091,0.0500810664745091,2072.590645300493,4001.319503933866,1758.5163534696653,0.16933885786344802
COW01868,15,496.1,Brown Swiss,Healthy,3.5,22.7,17.72,Mid,0,30.90159759094801,77.24518105081786,53.867967008163596,0.045756903850030235,0.045756903850030235,2386.999500672296,2901.7578695926018,1222.8028510853137,0.030235839548478128
COW01869,95,529.1,Jersey,Healthy,3.2,26.0,23.75,Mid,0,28.7871307852923,95.0,53.097478874261526,0.04914004914004914,0.04914004914004914,2734.777424602769,2819.342262802649,1380.5344507307996,0.17955017955017955
COW01870,16,551.5,Ayrshire,Healthy,2.4,20.4,17.31,Mid,0,42.0,40.0,61.04,0.03699002719854941,0.03699002719854941,1680.0,3725.8815999999997,1245.216,0.02901178603807797
COW01871,34,547.2,Holstein,Healthy,4.4,25.2,20.65,Late,0,33.801984847261686,51.19180007599368,53.37381317159414,0.046052631578947366,0.046052631578947366,1730.384450472788,2848.7639324762363,1345.0200919241724,0.062134502923976605
COW01872,77,399.2,Guernsey,Healthy,3.9,14.6,17.39,Late,0,26.240412138624798,74.64347785078473,46.230425123035864,0.03657314629258517,0.03657314629258517,1958.675622264903,2137.2522070566256,674.9642067963237,0.19288577154308617
COW01873,113,518.2,Brown Swiss,Healthy,3.1,14.8,16.2,Early,0,36.11771106593654,62.000392446910666,58.75923494411603,0.028560401389424932,0.028560401389424932,2239.3122603721936,3452.6476912178264,869.6366771729173,0.21806252412196062
COW01874,56,554.5,Guernsey,Healthy,4.8,28.4,21.19,Early,0,30.377863651762127,95.0,55.881261390583724,0.051217312894499545,0.051217312894499545,2885.897046917402,3122.7153746027434,1587.0278234925777,0.10099188458070334
COW01875,25,527.5,Holstein,Healthy,4.0,16.2,16.86,Late,0,19.19121475426056,89.17462224048806,36.02551946125083,0.03071090047393365,0.03071090047393365,1711.3693260472664,1297.8380524529623,583.6134152722634,0.04739336492890995
COW01876,37,530.3,Brown Swiss,Healthy,4.8,14.3,20.61,Mid,0,41.72466388820045,47.92153335668338,62.87412903034596,0.026965868376390725,0.026965868376390725,1999.5098723148005,3953.156101324593,899.1000451339473,0.0697718272675844
COW01877,108,589.0,Guernsey,Mastitis,3.4,30.4,24.66,Mid,1,41.14897528565301,50.473628935297235,62.820358758197266,0.05161290322580645,0.05161290322580645,2076.9381096357665,3946.397474508612,1909.7389062491968,0.1833616298811545
COW01878,90,463.7,Jersey,Healthy,3.4,18.8,25.35,Early,0,26.8784011241129,68.33816555879717,46.430231318577405,0.04054345481992668,0.04054345481992668,1836.8206259753874,2155.7663802966063,872.8883487892552,0.19409100711667027
COW01879,22,419.8,Ayrshire,Healthy,4.8,24.5,18.79,Mid,0,27.122953753587208,69.8453846502122,46.98475899093136,0.05836112434492615,0.05836112434492615,1894.4131377692152,2207.5675774359056,1151.1265952778183,0.05240590757503573
COW01880,53,522.1,Brown Swiss,Healthy,4.9,29.1,23.65,Early,0,37.7073751760926,90.55006640198235,67.67074383938507,0.05573644895613867,0.05573644895613867,3414.4053260396454,4579.329571775672,1969.2186457261055,0.1015131200919364
COW01881,40,611.1,Jersey,Bloat,4.9,27.4,22.73,Early,1,23.54875117036105,80.37814991396826,42.59259786725757,0.04483717885779741,0.04483717885779741,1892.805051858016,1814.1293930819138,1167.0371815628573,0.06545573555882835
COW01882,31,685.0,Holstein,Healthy,4.5,14.8,21.26,Mid,0,37.010225979514985,58.0,59.12211185173068,0.021605839416058394,0.021605839416058394,2146.593106811869,3495.424109808553,875.007255405614,0.04525547445255475
COW01883,103,612.6,Holstein,Healthy,3.4,24.1,17.47,Mid,0,26.042774315254345,93.39223561387008,48.107666672696965,0.03934051583414953,0.03934051583414953,2432.192914889078,2314.3475926913184,1159.394766811997,0.16813581456088803
COW01884,78,432.5,Brown Swiss,Bloat,2.6,23.8,24.45,Early,1,40.10385192914944,42.244860870238455,59.34163802908084,0.055028901734104047,0.055028901734104047,1694.1816451075622,3521.4300039744535,1412.3309850921241,0.18034682080924855
COW01885,31,531.4,Brown Swiss,Mastitis,3.2,20.3,17.75,Mid,1,42.0,51.06932573880245,64.09513390390947,0.03820097854723373,0.03820097854723373,2144.911681029703,4108.186190160085,1301.1312182493623,0.058336469702672186
COW01886,82,570.5,Ayrshire,Healthy,4.8,27.6,25.5,Mid,0,34.80850745408018,60.08453734303056,56.50916324566612,0.0483786152497809,0.0483786152497809,2091.4530659798384,3193.285530725343,1559.652905580385,0.1437335670464505
COW01887,56,564.2,Guernsey,Bloat,3.1,31.4,23.02,Mid,1,46.79608746368829,65.21169127657237,74.9629065134594,0.055654023395958874,0.055654023395958874,3051.652008633519,5619.437352945654,2353.835264522625,0.09925558312655086
COW01888,18,593.1,Holstein,Healthy,4.3,16.6,17.96,Mid,0,20.466491481994822,91.23055241766328,38.30768687699022,0.027988534817062892,0.027988534817062892,1867.1693239537876,1467.4788738655286,635.9076021580377,0.030349013657056143
COW01889,60,476.6,Brown Swiss,Foot and Mouth,4.8,16.6,21.5,Early,1,39.185549930109886,61.13757034202708,62.901722967267084,0.03483004616030214,0.03483004616030214,2395.7093152431075,3956.626752250815,1044.1686012566336,0.1258917331095258
COW01890,32,555.2,Brown Swiss,Mastitis,4.9,27.2,26.04,Mid,1,40.138302660186135,55.23695036002623,62.72769559206923,0.04899135446685878,0.04899135446685878,2217.11743157641,3934.7637942913016,1706.193320104283,0.05763688760806916
COW01891,38,583.6,Holstein,Healthy,4.8,22.2,25.16,Late,0,22.692836189097907,83.08947614170664,41.444743098089646,0.038039753255654556,0.038039753255654556,1885.5358711217075,1717.6667304666494,920.0732967775901,0.06511309115832761
COW01892,106,616.1,Guernsey,Healthy,3.7,28.3,20.97,Early,0,25.655495342179535,74.77027980228063,45.34016163422393,0.045934101606882,0.045934101606882,1918.268565200871,2055.7302570175516,1283.1265742485373,0.17204999188443434
COW01893,88,485.5,Brown Swiss,Healthy,3.5,16.5,19.21,Late,0,31.273532237287522,68.62317710825938,52.99797970144307,0.03398558187435633,0.03398558187435633,2146.089141520241,2808.785852434572,874.4666650738106,0.18125643666323377
COW01894,26,522.4,Holstein,Bloat,5.0,14.7,20.26,Early,1,40.33804622963623,46.242406499120996,60.66481375914729,0.028139356814701377,0.028139356814701377,1865.3283311311734,3680.2196284320266,891.7727622594651,0.04977029096477795
COW01895,103,333.7,Brown Swiss,Healthy,2.7,26.6,18.53,Mid,0,42.0,54.68712480725629,65.09364644680274,0.07971231645190291,0.07971231645190291,2296.859241904764,4237.182807741355,1731.490995484953,0.3086604734791729
COW01896,74,500.3,Guernsey,Healthy,2.6,31.9,24.18,Mid,0,18.0,83.17107994092544,33.794158877873315,0.06376174295422746,0.06376174295422746,1497.0794389366579,1142.0451742629439,1078.0336682041586,0.14791125324805116
COW01897,106,508.0,Jersey,Mastitis,4.9,15.7,22.81,Late,1,44.91971370124844,76.18775505092349,75.58805567794906,0.03090551181102362,0.03090551181102362,3422.332144428328,5713.554161172727,1186.7324741438001,0.20866141732283464
COW01898,92,468.4,Jersey,Mastitis,4.1,29.6,16.52,Early,1,29.643967031645005,71.50268357825216,51.01501913672621,0.0631938514090521,0.0631938514090521,2119.6231946678517,2602.532177520541,1510.0445664470958,0.1964133219470538
COW01899,48,563.2,Holstein,Healthy,3.6,20.9,22.59,Early,0,38.591712151371986,79.74865352973052,66.56593442760496,0.03710937499999999,0.03710937499999999,3077.6370814788556,4431.023626220203,1391.2280295369435,0.08522727272727272
COW01900,69,545.5,Jersey,Foot and Mouth,2.4,14.3,21.24,Mid,1,23.45985522013405,81.62279058012508,42.562790829299786,0.026214482126489462,0.026214482126489462,1914.8588496730558,1811.591163178726,608.647908858987,0.12648945921173235
COW01901,69,369.3,Ayrshire,Healthy,3.5,23.2,19.66,Early,0,27.82610228567869,71.65650888644257,48.28155800598317,0.0628215542919036,0.0628215542919036,1993.921345708795,2331.1088434851176,1120.1321457388096,0.1868399675060926
COW01902,89,567.2,Guernsey,Foot and Mouth,4.8,19.0,22.59,Mid,1,20.21224733509193,78.27281628688186,37.119207546809236,0.03349788434414668,0.03349788434414668,1582.0695224046683,1377.8355689030998,705.2649433893755,0.15691114245416077
COW01903,38,475.7,Holstein,Healthy,3.8,26.5,23.02,Late,0,34.10344589161518,41.40142904613146,51.840264883752106,0.05570737859995796,0.05570737859995796,1411.9313953102894,2687.4130632175816,1373.7670194194309,0.07988227874710953
COW01904,47,588.9,Brown Swiss,Healthy,3.2,19.2,24.17,Early,0,21.442974780530648,88.69289302570681,39.80099791234807,0.032603158430973,0.032603158430973,1901.8394683625336,1584.1194348187357,764.179159917083,0.07980981490915266
COW01905,38,447.5,Holstein,Healthy,3.7,22.7,17.81,Late,0,52.0,98.0,94.84800000000001,0.05072625698324022,0.05072625698324022,5096.0,8996.143104000002,2153.0496000000003,0.08491620111731843
COW01906,43,552.4,Brown Swiss,Healthy,4.7,17.6,21.0,Early,0,43.20596945828514,76.40999487192494,72.97541535251204,0.03186097031136858,0.03186097031136858,3301.367904744113,5325.411245871651,1284.3673102042121,0.0778421433743664
COW01907,29,527.3,Holstein,Healthy,4.7,28.9,19.11,Late,0,36.470868616426934,57.975421002656816,58.37237389245832,0.05480750995638157,0.05480750995638157,2114.4139623699352,3407.33403384095,1686.9616054920455,0.05499715531955244
COW01908,15,574.2,Guernsey,Healthy,3.2,30.7,15.77,Late,0,18.0,73.98630838639481,33.46350710191021,0.05346569139672588,0.05346569139672588,1331.7535509551067,1119.806307559595,1027.3296680286435,0.02612330198537095
COW01909,113,560.0,Brown Swiss,Mastitis,3.8,21.3,21.1,Mid,1,19.86842396875061,80.05228031608529,36.67233725933672,0.038035714285714284,0.038035714285714284,1590.5126449852514,1344.8603200625364,781.1207836238722,0.2017857142857143
COW01910,20,529.6,Guernsey,Bloat,2.8,22.1,24.37,Late,1,35.5295083687607,79.46010057428529,61.61313529567784,0.041729607250755286,0.041729607250755286,2823.1783083366363,3796.178440963503,1361.6502900344803,0.0377643504531722
COW01911,107,427.1,Brown Swiss,Foot and Mouth,3.4,31.7,15.68,Late,1,52.0,78.18515109293527,87.39761681094367,0.07422149379536408,0.07422149379536408,4065.6278568326343,7638.343424232545,2770.5044529069146,0.250526808709904
COW01912,12,431.8,Jersey,Ketosis,2.7,16.6,18.01,Early,1,34.67267252351095,95.0,63.397176916144154,0.03844372394627142,0.03844372394627142,3293.90388973354,4019.202040936881,1052.393136807993,0.02779064381658175
COW01913,95,503.3,Jersey,Bloat,3.6,28.6,20.99,Early,1,37.60241634900714,95.0,68.52422861076249,0.05682495529505265,0.05682495529505265,3572.229553155679,4695.5699067000405,1959.7929382678074,0.18875422213391616
COW01914,47,549.3,Jersey,Healthy,3.7,24.2,21.97,Early,0,41.83079898116015,52.07116285005196,64.14817519347842,0.04405607136355361,0.04405607136355361,2178.178345895778,4114.988380653201,1552.3858396821777,0.08556344438376116
COW01915,67,501.3,Brown Swiss,Healthy,3.0,29.9,18.72,Mid,0,46.315672206533876,58.0,71.96362764501674,0.05964492319968082,0.05964492319968082,2686.308987978965,5178.763703830618,2151.7124665860006,0.13365250349092359
COW01916,42,600.0,Brown Swiss,Bloat,2.8,19.3,18.12,Mid,1,22.155408100197537,89.61805391834396,41.074572292980676,0.03216666666666667,0.03216666666666667,1985.5245577064175,1687.1204890512959,792.7392452545271,0.07
COW01917,64,527.7,Guernsey,Bloat,2.5,19.3,17.96,Mid,1,19.570889899924815,93.00155574899178,36.86571997293741,0.036573810877392456,0.036573810877392456,1820.1232080852378,1359.0813091230364,711.5083954776921,0.12128103088876255
COW01918,60,472.8,Holstein,Ketosis,2.4,19.9,24.0,Mid,1,31.2798584922268,95.0,57.4597523613969,0.042089678510998305,0.042089678510998305,2971.586556761546,3301.623141433057,1143.4490719917983,0.12690355329949238
COW01919,69,527.8,Jersey,Mastitis,4.1,14.3,19.02,Mid,1,41.177827418671015,95.0,74.78119798267429,0.027093596059113306,0.027093596059113306,3911.8936047737466,5592.227571723929,1069.3711311522422,0.13073133762788935
COW01920,54,568.1,Ayrshire,Healthy,2.7,17.1,20.43,Early,0,33.316740253294945,74.52423769794747,57.15094867370479,0.030100334448160536,0.030100334448160536,2482.9046699573273,3266.2309343044394,977.281222320352,0.09505368773103326
COW01921,69,576.0,Ayrshire,Bloat,2.4,31.9,27.31,Early,1,47.761663106198114,62.25754106599186,75.37948159359763,0.05538194444444444,0.05538194444444444,2973.5237022141973,5682.066245319525,2404.6054628357642,0.11979166666666667
COW01922,101,700.3,Ayrshire,Bloat,5.0,18.5,21.55,Late,1,36.3749213630922,59.91002590732433,58.665118172216445,0.026417249750107098,0.026417249750107098,2179.222481239739,3441.59609016012,1085.3046861860043,0.14422390404112523
COW01923,58,496.5,Jersey,Mastitis,2.8,14.4,21.77,Mid,1,35.13828455917986,51.554385817887265,55.202122880994814,0.029003021148036254,0.029003021148036254,1811.5326791426692,3047.274370568451,794.9105694863254,0.11681772406847936
COW01924,51,544.1,Holstein,Foot and Mouth,4.7,19.0,23.97,Mid,1,39.92951944924291,45.86404467237152,60.05248576423687,0.03492005146112847,0.03492005146112847,1831.3292637664042,3606.301046463872,1140.9972295205005,0.0937327697114501
COW01925,26,584.1,Holstein,Healthy,3.8,21.4,23.29,Early,0,32.68870205896781,59.82995328959726,53.49308354632831,0.036637562061290874,0.036637562061290874,1955.7635172856062,2861.50998729446,1144.7519878914256,0.04451292586885807
COW01926,50,548.1,Holstein,Bloat,4.1,23.9,18.0,Late,1,39.17842508200619,56.04873047769416,61.630732756435975,0.043605181536216016,0.043605181536216016,2195.9009879618975,3798.34722009523,1472.9745128788197,0.09122422915526364
COW01927,25,510.0,Ayrshire,Healthy,3.7,15.2,18.02,Early,0,25.0,95.0,46.47,0.02980392156862745,0.02980392156862745,2375.0,2159.4609,706.3439999999999,0.049019607843137254
COW01928,31,426.1,Ayrshire,Foot and Mouth,2.5,28.2,19.87,Mid,1,34.23422129314217,58.71030930056871,55.43210970307676,0.06618164750058671,0.06618164750058671,2009.901720784492,3072.718786133937,1563.1854936267646,0.07275287491199249
COW01929,114,509.1,Ayrshire,Healthy,4.5,28.9,25.55,Early,0,44.22638401249677,71.15043655590605,73.00270964372984,0.056766843449224114,0.056766843449224114,3146.7265297782897,5329.395615326726,2109.7783087037924,0.22392457277548614
COW01930,21,464.1,Guernsey,Healthy,4.5,17.8,17.12,Early,0,24.232816748529327,82.63718289984587,43.91181615951232,0.038353803059685415,0.038353803059685415,2002.5317098266662,1928.2475984268074,781.6303276393194,0.04524886877828054
COW01931,64,411.9,Jersey,Healthy,3.0,28.4,18.78,Mid,0,28.68359293146477,92.19478213087741,52.515601728797165,0.0689487739742656,0.0689487739742656,2644.4776010471696,2757.888424937644,1491.4430890978394,0.15537751881524642
COW01932,102,486.3,Brown Swiss,Healthy,4.3,20.5,21.84,Mid,0,27.810568930337087,95.0,51.3884956280899,0.042155048324079784,0.042155048324079784,2642.0040483820235,2640.7774829182144,1053.464160375843,0.20974706971005552
COW01933,114,466.2,Ayrshire,Healthy,3.6,21.6,21.77,Mid,0,18.473129424538254,86.93558631819616,34.7195024863519,0.04633204633204634,0.04633204633204634,1605.9723376541547,1205.4438528997957,749.9412537052011,0.24453024453024452
COW01934,27,596.7,Ayrshire,Ketosis,4.7,30.9,22.66,Early,1,26.713326341779783,95.0,49.46832109811462,0.05178481649069884,0.05178481649069884,2537.7660024690795,2447.114792266172,1528.5711219317418,0.04524886877828054
COW01935,29,598.1,Brown Swiss,Healthy,4.4,30.1,18.96,Late,0,42.0,59.50046822164214,66.42212922917324,0.05032603243604748,0.05032603243604748,2499.0196653089697,4411.899251336989,1999.3060897981145,0.048486875104497576
COW01936,52,477.7,Ayrshire,Bloat,2.1,20.8,19.21,Mid,1,33.17507407500682,63.70450287390947,54.90062686369681,0.04354197194892192,0.04354197194892192,2113.4016017534314,3014.0788300268678,1141.9330387648936,0.1088549298723048
COW01937,71,529.2,Jersey,Healthy,4.6,22.8,22.05,Late,0,21.10382508537502,87.18505956443121,39.12779396207951,0.043083900226757364,0.043083900226757364,1839.9382471057588,1530.9842603389457,892.1137023354128,0.13416477702191987
COW01938,115,401.3,Brown Swiss,Healthy,4.9,19.2,22.56,Early,0,49.0,62.33823794831755,77.16903033011786,0.04784450535758784,0.04784450535758784,3054.57365946756,5955.0592420906505,1481.6453823382628,0.28656865188138547
COW01939,34,510.5,Ayrshire,Mastitis,4.2,23.3,19.67,Mid,1,29.99783264757591,61.542714988496286,49.99759580874099,0.045641527913809994,0.045641527913809994,1846.148064902373,2499.7595866542347,1164.943982343665,0.06660137120470128
COW01940,29,581.9,Jersey,Mastitis,2.4,26.3,20.83,Mid,1,45.25462038031547,60.425496842934635,71.24775396805938,0.04519676920433065,0.04519676920433065,2734.532920918958,5076.2424454931215,1873.815929359962,0.04983674170819729
COW01941,39,616.0,Guernsey,Healthy,4.4,15.7,19.19,Mid,0,31.0966150785457,61.305900506729174,51.51330229088132,0.025487012987012985,0.025487012987012985,1906.4059901013768,2653.620312911719,808.7588459668367,0.0633116883116883
COW01942,106,493.0,Brown Swiss,Foot and Mouth,3.9,30.6,25.44,Mid,1,49.42707283687558,85.44745947973877,85.87140213872831,0.062068965517241385,0.062068965517241385,4223.417803431023,7373.897705271193,2627.6649054450863,0.2150101419878296
COW01943,15,634.1,Jersey,Foot and Mouth,3.0,26.9,21.08,Mid,1,42.0,45.326316541500475,62.51006336545414,0.04242233086263996,0.04242233086263996,1903.70529474302,3907.5080219530914,1681.520704530716,0.02365557483046838
COW01944,53,428.7,Jersey,Healthy,4.7,15.7,22.67,Early,0,23.294383640380534,90.2491607549061,43.062613502069524,0.03662234662934453,0.03662234662934453,2102.2985738471575,1854.3886816286206,676.0830319824915,0.12362957779332867
COW01945,24,450.2,Guernsey,Ketosis,3.7,29.6,19.11,Early,1,27.907451649594012,72.52664373124921,48.522462654747,0.06574855619724568,0.06574855619724568,2024.033803237168,2354.4293820813177,1436.2648945805113,0.05330964015992892
COW01946,28,606.8,Brown Swiss,Mastitis,4.6,27.4,21.34,Early,1,38.20254119234056,51.07421750790472,59.11899461485709,0.04515491100856955,0.04515491100856955,1951.1648982122915,3495.0555242715013,1619.860452447084,0.04614370468029005
COW01947,111,683.7,Jersey,Mastitis,4.0,19.6,19.17,Late,1,31.951434138388954,91.44109295248865,58.010370515690234,0.028667544244551705,0.028667544244551705,2921.6740590137433,3365.2030873676626,1137.0032621075286,0.16235190873189995
COW01948,12,589.5,Guernsey,Healthy,2.9,23.4,14.59,Early,0,33.22547700311438,70.1463365528719,56.18576405877962,0.03969465648854962,0.03969465648854962,2330.6454919901666,3156.8400828688514,1314.746878975443,0.020356234096692113
COW01949,46,546.8,Holstein,Healthy,4.9,29.5,24.31,Early,0,24.409673797332008,77.85827197895945,43.721098087198996,0.05395025603511339,0.05395025603511339,1900.4950214303553,1911.5344179504757,1289.7723935723704,0.08412582297000733
COW01950,110,374.4,Holstein,Healthy,3.7,31.4,19.44,Mid,0,48.15223783121231,98.0,87.99898333955792,0.08386752136752137,0.08386752136752137,4718.9193074588065,7743.8210687957935,2763.1680768621186,0.2938034188034188
COW01951,77,388.2,Ayrshire,Mastitis,3.6,19.1,20.37,Early,1,33.3411148765843,58.91125534822679,54.23134045201299,0.04920144255538383,0.04920144255538383,1964.1669320890205,2941.0382872221403,1035.818602633448,0.19835136527563113
COW01952,19,560.4,Guernsey,Mastitis,3.2,25.7,16.94,Late,1,26.38979685144329,95.0,48.902144490025755,0.045860099928622416,0.045860099928622416,2507.0307008871127,2391.419735723356,1256.785113393662,0.03390435403283369
COW01953,62,521.4,Brown Swiss,Healthy,2.4,29.5,19.04,Mid,0,29.867898299683215,67.8977122915265,50.7966677248114,0.056578442654392026,0.056578442654392026,2027.9619655044646,2580.301451944896,1498.5016978819363,0.11891062523973916
COW01954,116,461.5,Holstein,Healthy,4.1,31.8,22.75,Late,0,36.95841861344236,89.45482214527186,66.14632814019467,0.06890574214517876,0.06890574214517876,3306.108763835992,4375.336726430309,2103.4532348581906,0.2513542795232936
COW01955,55,555.2,Brown Swiss,Healthy,3.3,15.3,25.9,Mid,0,28.708062213542675,63.22951198240435,48.413367682595975,0.027557636887608067,0.027557636887608067,1815.196763722806,2343.8541703702285,740.7245255437184,0.09906340057636887
COW01956,69,559.2,Brown Swiss,Healthy,4.8,23.1,20.3,Mid,0,31.379758654990408,78.07019391754432,54.75993743267435,0.04130901287553648,0.04130901287553648,2449.8238432808407,2998.650747630409,1264.9545546947775,0.12339055793991416
COW01957,69,625.6,Brown Swiss,Bloat,4.9,29.7,24.33,Mid,1,44.97105845251075,75.10040302536194,75.33583486896316,0.047474424552429666,0.047474424552429666,3377.344614260667,5675.4880154036855,2237.474295608206,0.11029411764705882
COW01958,83,560.9,Holstein,Healthy,4.3,14.1,22.4,Mid,0,18.052490055185892,82.43739999308777,33.85300988065006,0.0251381707969335,0.0251381707969335,1488.2003435505985,1146.026277979391,477.3274393171659,0.1479764663932965
COW01959,32,648.3,Brown Swiss,Healthy,2.7,21.9,21.53,Mid,0,20.811257138515646,79.60519654776586,38.152699557110566,0.03378065710319297,0.03378065710319297,1656.6842149176332,1455.6284834951448,835.5441203007214,0.04935986426037329
COW01960,102,550.6,Brown Swiss,Healthy,4.1,24.5,26.2,Early,0,21.570454042709997,78.43811871568704,39.28073248864264,0.044496912459135486,0.044496912459135486,1691.9458349533581,1542.9759448443056,962.3779459717447,0.1852524518706865
COW01961,118,540.8,Jersey,Healthy,2.1,23.5,19.83,Late,0,41.00096565742488,84.47255306423733,71.67128735650769,0.043454142011834326,0.043454142011834326,3463.4562471817953,5136.773431339099,1684.2752528779308,0.21819526627218938
COW01962,27,635.1,Holstein,Mastitis,4.5,27.2,24.52,Mid,1,26.217927328212287,72.68386163713066,45.964067810184304,0.04282790111793418,0.04282790111793418,1905.6202023361286,2112.695529659221,1250.222644437013,0.042512990080302314
COW01963,100,471.7,Ayrshire,Ketosis,3.5,15.2,21.61,Mid,1,41.92187724671874,41.48249362498056,61.35426277172007,0.03222387110451558,0.03222387110451558,1739.024005634228,3764.3455602612758,932.584794130145,0.211999152003392
COW01964,100,775.2,Guernsey,Healthy,4.8,28.1,24.26,Mid,0,24.187777720885443,94.23087274593944,44.973330545531326,0.036248710010319915,0.036248710010319915,2279.235404423825,2022.600460357621,1263.7505883294302,0.12899896800825592
COW01965,92,580.0,Guernsey,Healthy,3.1,19.1,25.52,Mid,0,37.0286690762749,56.21554368378415,58.74376461065219,0.03293103448275862,0.03293103448275862,2081.586764009719,3450.829880631713,1122.005904063457,0.15862068965517243
COW01966,52,580.5,Guernsey,Healthy,2.8,28.8,22.5,Mid,0,19.14999727970231,95.0,36.232495239479036,0.04961240310077519,0.04961240310077519,1819.2497415717194,1312.793711278871,1043.4958628969962,0.08957795004306632
COW01967,62,592.0,Guernsey,Healthy,5.0,21.6,21.9,Mid,0,18.0,82.2237755776705,33.760055920796134,0.03648648648648649,0.03648648648648649,1480.027960398069,1139.741375775282,729.2172078891965,0.10472972972972973
COW01968,102,700.2,Holstein,Healthy,3.6,14.8,26.81,Early,0,40.2706968137115,86.78919971519734,71.06952817633447,0.021136818051985147,0.021136818051985147,3495.061548435369,5050.877835206799,1051.8290170097503,0.1456726649528706
COW01969,28,613.4,Brown Swiss,Healthy,4.6,31.4,24.33,Mid,0,30.610661726856247,75.35117239035804,53.10345304490624,0.051190088033909356,0.051190088033909356,2306.54924876328,2819.9767252925617,1667.448425610056,0.04564721225953701
COW01970,101,421.6,Ayrshire,Foot and Mouth,4.7,28.0,23.04,Early,1,41.73408897074833,44.031553560223905,61.822895201952974,0.06641366223908918,0.06641366223908918,1837.616773802655,3822.0703711516603,1731.0410656546833,0.23956356736242884
COW01971,111,662.3,Jersey,Healthy,3.6,20.3,12.95,Late,0,49.458925592040224,92.23835470953978,88.30491661857187,0.030650762494337916,0.030650762494337916,4562.009922311341,7797.7582990129295,1792.589807357009,0.1675977653631285
COW01972,85,522.7,Ayrshire,Healthy,3.4,18.9,22.56,Mid,0,31.182443880072846,95.0,57.28927679012748,0.03615840826477903,0.03615840826477903,2962.3321686069203,3282.061235135839,1082.7673313334094,0.162617180026784
COW01973,48,558.6,Holstein,Healthy,3.7,24.6,21.92,Late,0,52.0,79.8166580569214,88.01106342940244,0.04403866809881848,0.04403866809881848,4150.466218959913,7745.9472859743,2165.0721603633,0.08592910848549946
COW01974,72,447.7,Jersey,Foot and Mouth,4.5,31.8,20.45,Mid,1,37.930698159680304,40.0,56.15683779161636,0.07102970739334376,0.07102970739334376,1517.2279263872122,3153.5904307539117,1785.7874417734004,0.1608219790037972
COW01975,17,592.1,Jersey,Healthy,4.9,19.2,21.85,Mid,0,40.26433540346793,40.0,58.95720248416152,0.032426954906265834,0.032426954906265834,1610.5734161387172,3475.9517247584213,1131.9782876959011,0.028711366323256205
COW01976,112,497.9,Guernsey,Healthy,3.0,31.1,21.31,Late,0,33.342729315281055,47.33699506350972,52.041102293093445,0.062462341835709985,0.062462341835709985,1578.3446130014001,2708.276327880216,1618.4782813152062,0.22494476802570798
COW01977,48,558.0,Holstein,Foot and Mouth,4.2,19.9,23.08,Early,1,25.060592564702286,78.83992236386044,44.853276953300586,0.035663082437275985,0.035663082437275985,1975.7751721934665,2011.8164534494856,892.5802113706816,0.08602150537634409
COW01978,18,527.3,Jersey,Healthy,2.9,26.7,18.94,Mid,0,21.954930463360892,87.81998021665572,40.59868280899434,0.050635311966622416,0.050635311966622416,1928.0815589504057,1648.2530458253325,1083.984831000149,0.034136165370756685
COW01979,97,704.0,Guernsey,Bloat,3.8,20.9,27.25,Early,1,49.0,63.04960392180042,77.41516295694295,0.0296875,0.0296875,3089.4305921682203,5993.107455650032,1617.9769058001075,0.1377840909090909
COW01980,83,708.6,Jersey,Healthy,4.4,15.5,25.65,Early,0,19.59458227360869,74.34123130628879,35.93738224230586,0.021874117979113743,0.021874117979113743,1456.6853731524498,1291.4954424296004,557.0294247557408,0.11713237369460909
COW01981,79,553.7,Ayrshire,Mastitis,4.7,30.9,23.2,Mid,1,49.0,63.6709910100885,77.63016288949062,0.05580639335380169,0.05580639335380169,3119.8785594943365,6026.442190248847,2398.77203328526,0.14267653964240562
COW01982,17,555.1,Ayrshire,Ketosis,3.3,17.0,21.11,Mid,1,22.838748914724427,82.28965447898788,41.61521645605561,0.030625112592325705,0.030625112592325705,1879.3927569250327,1731.826240684362,707.4586797529454,0.030625112592325705
COW01983,93,520.1,Jersey,Healthy,3.1,31.0,24.25,Late,0,43.798102257647734,59.495958866405786,68.9291646328322,0.05960392232263026,0.05960392232263026,2605.810090347644,4751.229736980085,2136.8041036177983,0.17881176696789078
COW01984,80,638.5,Brown Swiss,Mastitis,2.8,15.9,25.42,Early,1,30.71937873211514,95.0,56.478912781201494,0.024902114330462022,0.024902114330462022,2918.3409795509383,3189.8675889465653,898.0147132211038,0.12529365700861395
COW01985,97,523.7,Jersey,Healthy,2.4,18.8,21.06,Mid,0,27.241791705528335,80.78230955324351,48.56732929216532,0.035898415123162115,0.035898415123162115,2200.6548503409713,2358.7854745736195,913.065790692708,0.1852205461141875
COW01986,101,516.3,Jersey,Mastitis,3.1,30.6,23.65,Early,1,49.0,77.14473110708593,82.29207696305173,0.059267867518884375,0.059267867518884375,3780.0918242472108,6771.985930892829,2518.137555069383,0.19562269998063142
COW01987,34,628.3,Guernsey,Bloat,4.6,25.9,22.12,Early,1,27.074579257224272,95.0,50.10051370014248,0.04122234601305109,0.04122234601305109,2572.085029436306,2510.061473018164,1297.6033048336901,0.054114276619449314
COW01988,34,506.9,Jersey,Mastitis,3.3,17.4,25.02,Early,1,39.82378104559757,93.94433659417142,72.14322727691939,0.03432629710001973,0.03432629710001973,3741.218691000202,5204.645241929246,1255.2921546183973,0.06707437364371671
COW01989,111,547.0,Holstein,Bloat,3.0,24.7,24.03,Mid,1,40.52261109375781,44.67330473295121,60.48792253312439,0.045155393053016454,0.045155393053016454,1810.278953966312,3658.7887723732574,1494.0516865681725,0.20292504570383912
COW01990,69,423.5,Jersey,Healthy,4.2,17.2,18.66,Mid,0,32.9499351640204,45.849194535617414,51.26494399079894,0.04061393152302243,0.04061393152302243,1510.7279872711524,2628.094482379752,881.7570366417417,0.16292798110979928
COW01991,59,606.3,Ayrshire,Healthy,2.6,29.7,28.08,Early,0,18.0,84.93757743459147,33.857752787645296,0.04898565066798615,0.04898565066798615,1528.8763938226466,1146.347423829303,1005.5752577930652,0.09731156193303646
COW01992,43,705.3,Jersey,Healthy,2.8,14.9,17.72,Early,0,42.0,40.0,61.04,0.021125762087055154,0.021125762087055154,1680.0,3725.8815999999997,909.496,0.060966964412306826
COW01993,81,607.7,Jersey,Mastitis,4.8,23.5,24.09,Mid,1,39.46263858606911,58.065530380762425,62.52286489126994,0.038670396577258515,0.038670396577258515,2291.4190397244433,3909.108634211995,1469.2873249448435,0.13328945203225276
COW01994,93,666.9,Guernsey,Bloat,2.2,15.1,21.38,Late,1,33.83773339866276,59.41744881184903,55.01959201126434,0.022642075273654222,0.022642075273654222,2010.551792124039,3027.1555050859833,830.7958393700916,0.13945119208277104
COW01995,12,482.3,Holstein,Healthy,3.2,26.5,23.38,Early,0,31.89015106945304,95.0,58.52776437154282,0.054945054945054944,0.054945054945054944,3029.5643515980387,3425.4992023308373,1550.9857558458848,0.02488077959776073
COW01996,71,568.9,Jersey,Healthy,3.7,30.8,22.62,Mid,0,49.0,74.44967931837621,81.35958904415818,0.054139567586570576,0.054139567586570576,3648.0342866004344,6619.382729434305,2505.875342560072,0.12480224995605554
COW01997,119,474.5,Holstein,Healthy,2.7,29.0,18.15,Mid,0,49.0,63.341604476498546,77.51619514886849,0.06111696522655427,0.06111696522655427,3103.7386193484285,6008.760510357463,2247.969659317186,0.2507903055848261
COW01998,42,531.8,Ayrshire,Mastitis,2.8,20.7,20.19,Mid,1,19.560358089526545,75.81554008733423,35.96063982763623,0.03892440767205717,0.03892440767205717,1482.979112859112,1293.167616812977,744.38524443207,0.07897705904475368
COW01999,42,611.8,Ayrshire,Bloat,2.7,18.3,20.03,Early,1,42.035846096924814,93.65622365376493,75.91136670668601,0.029911735861392615,0.029911735861392615,3936.9186035288317,5762.535595276957,1389.178010732354,0.06864988558352403
COW02000,106,558.1,Guernsey,Healthy,3.0,16.2,20.79,Late,0,30.79083656452975,95.0,56.60396398792707,0.02902705608313922,0.02902705608313922,2925.129473630326,3204.008739146544,916.9842166044184,0.1899301200501702
COW02001,18,437.0,Jersey,Healthy,4.7,29.7,17.7,Mid,0,33.612000482093656,66.76975826414144,56.11740666527455,0.06796338672768878,0.06796338672768878,2244.265146963599,3149.1633308358005,1666.686977958654,0.041189931350114416
COW02002,54,444.8,Guernsey,Healthy,3.3,15.5,18.32,Mid,0,33.050386885500245,87.50571437793587,59.160463786806055,0.03484712230215827,0.03484712230215827,2892.097714882862,3499.960475469991,916.9871886954938,0.12140287769784172
COW02003,61,439.5,Guernsey,Healthy,3.3,25.3,20.97,Late,0,30.201383690384294,95.0,55.572421458172514,0.05756541524459614,0.05756541524459614,2869.131450586508,3088.2940267247527,1405.9822628917645,0.13879408418657566
COW02004,98,589.3,Ayrshire,Ketosis,3.2,20.6,23.09,Late,1,40.3746301888335,72.92716027967015,67.64226434092899,0.03495672832173766,0.03495672832173766,2944.4071270134696,4575.4759251681135,1393.4306454231373,0.16629899881215002
COW02005,25,715.1,Holstein,Healthy,4.9,31.9,19.78,Mid,0,26.161586124489613,85.59853308371702,47.3970140895328,0.044609145574045585,0.044609145574045585,2239.393395399636,2246.476944603371,1511.9647494560963,0.034960145434205
COW02006,58,659.0,Guernsey,Healthy,2.4,23.2,18.72,Late,0,36.06718234470955,88.62815378020878,64.45696956407508,0.03520485584218513,0.03520485584218513,3196.567783265749,4154.7009253841015,1495.4016938865418,0.08801213960546282
COW02007,28,398.3,Holstein,Healthy,4.6,23.9,19.4,Early,0,47.70381771937249,67.86675181171738,77.16527349093127,0.06000502134069796,0.06000502134069796,3237.5031576320584,5954.47943293022,1844.2500364332573,0.07029876977152899
COW02008,97,663.7,Brown Swiss,Healthy,3.0,30.5,24.35,Mid,0,45.47856844947,70.6573069817369,74.74213427444725,0.045954497513937015,0.045954497513937015,3213.393172024136,5586.386635899503,2279.635095370641,0.14615036914268495
COW02009,80,624.9,Ayrshire,Ketosis,4.9,31.5,24.52,Mid,1,34.427963900887114,98.0,63.569775743579065,0.050408065290446474,0.050408065290446474,3373.9404622869374,4041.116388088933,2002.4479359227405,0.12802048327732438
COW02010,65,426.4,Holstein,Healthy,2.9,24.5,21.58,Late,0,39.09663584294368,80.25137407702562,67.49669828911647,0.057457786116322705,0.057457786116322705,3137.558748185321,4555.804279932017,1653.6691080833534,0.1524390243902439
COW02011,54,525.7,Holstein,Healthy,2.2,28.3,25.1,Mid,0,48.232092405317346,63.223016563477685,76.37534330943873,0.0538329845919726,0.0538329845919726,3049.378377032565,5833.193065634628,2161.4222156571163,0.10272018261365796
COW02012,28,637.6,Ayrshire,Healthy,3.6,25.4,23.99,Early,0,42.0,41.89566971222379,61.56320484057377,0.03983688833124215,0.03983688833124215,1759.6181279133993,3790.0281902424454,1563.7054029505737,0.043914680050188205
COW02013,111,594.0,Holstein,Ketosis,2.7,21.7,28.55,Mid,1,39.26285504403778,63.134963868122455,63.507438583867135,0.036531986531986534,0.036531986531986534,2478.8589345646546,4033.194755483656,1378.1114172699167,0.18686868686868688
COW02014,81,445.3,Guernsey,Ketosis,4.3,15.0,28.29,Mid,1,44.79878399147029,74.47733508534263,74.87923140837304,0.03368515607455648,0.03368515607455648,3336.494046748616,5606.89929630868,1123.1884711255957,0.181899842802605
COW02015,46,598.9,Brown Swiss,Healthy,4.0,26.9,17.41,Mid,0,36.644287475636254,86.03277284966572,64.85280729644978,0.04491567874436467,0.04491567874436467,3152.6096606292645,4205.8866142304505,1744.540516274499,0.07680748038069794
COW02016,56,379.0,Jersey,Healthy,4.1,26.6,13.97,Mid,0,49.0,71.54691538376912,80.35523272278411,0.07018469656992085,0.07018469656992085,3505.7988538046866,6456.963425932794,2137.4491904260576,0.14775725593667546
COW02017,90,532.2,Ayrshire,Healthy,2.6,16.1,21.52,Early,0,36.74967720961418,54.53347481359296,57.987797359715614,0.030251785043216836,0.030251785043216836,2004.087596518166,3362.584642631441,933.6035374914214,0.16910935738444194
COW02018,89,641.0,Ayrshire,Healthy,4.1,18.1,24.11,Early,0,28.59967775981315,95.0,52.769436079673014,0.02823712948517941,0.02823712948517941,2716.969387182249,2784.613384166696,955.1267930420817,0.13884555382215288
COW02019,61,551.5,Jersey,Healthy,2.9,27.2,21.45,Mid,0,38.665702462363576,51.68521038044096,59.87434133785532,0.049320036264732546,0.049320036264732546,1998.4449662747954,3584.9367506420103,1628.5820843896647,0.11060743427017226
COW02020,44,510.1,Holstein,Foot and Mouth,5.0,16.7,22.43,Mid,1,18.0,87.31132365286304,33.94320765150307,0.03273867869045285,0.03273867869045285,1571.6038257515347,1152.1413456730568,566.8515677801013,0.08625759654969613
COW02021,83,621.1,Holstein,Bloat,4.2,26.4,21.97,Mid,1,41.383546273757695,51.24887616972113,63.33560123504363,0.042505232651746896,0.042505232651746896,2120.860238447732,4011.3983838044605,1672.059872605152,0.13363387538238608
COW02022,83,628.0,Holstein,Healthy,3.8,26.9,21.0,Late,0,45.328814873217944,73.59549528388426,75.42526638995476,0.042834394904458596,0.042834394904458596,3335.996581225974,5688.970809995639,2028.9396658897829,0.1321656050955414
COW02023,76,654.8,Ayrshire,Healthy,4.6,20.4,21.69,Mid,0,42.0,44.66360412333075,62.32715473803929,0.031154551007941355,0.031154551007941355,1875.8713731798914,3884.6742177394935,1271.4739566560015,0.11606597434331094
COW02024,19,619.9,Brown Swiss,Healthy,3.8,18.6,20.28,Mid,0,27.737103014622015,63.57634587049719,47.06892515337822,0.030004839490240364,0.030004839490240364,1763.4236547032197,2215.483715094321,875.482007852835,0.030650104855621876
COW02025,63,636.5,Guernsey,Healthy,3.7,20.7,24.8,Mid,0,39.69571441530812,57.97226535964756,62.821070217707536,0.032521602513747055,0.032521602513747055,2301.250489725029,3946.4868632981406,1300.396153506546,0.09897879025923016
COW02026,78,608.6,Jersey,Healthy,2.7,20.5,21.28,Late,0,25.453722528454467,95.0,47.26401442479531,0.03368386460729543,0.03368386460729543,2418.1036402031746,2233.8870595472595,968.9122957083039,0.12816299704239237
COW02027,114,571.2,Ayrshire,Healthy,4.0,24.9,20.75,Mid,0,36.709339271065446,40.0,54.69120712527853,0.04359243697478991,0.04359243697478991,1468.373570842618,2991.128136820117,1361.8110574194354,0.1995798319327731
COW02028,68,557.2,Guernsey,Ketosis,3.1,27.4,23.24,Late,1,31.026611321855658,62.43230902929885,51.60166641904584,0.04917444364680545,0.04917444364680545,1937.0629861780349,2662.7319772224832,1413.8856598818559,0.12203876525484565
COW02029,49,531.0,Guernsey,Healthy,2.1,29.5,20.59,Mid,0,25.976736152754157,92.00770819843609,47.83287854053223,0.05555555555555555,0.05555555555555555,2390.05995989037,2287.9842694733084,1411.0699169457007,0.09227871939736347
COW02030,72,453.0,Brown Swiss,Foot and Mouth,4.4,14.5,23.4,Mid,1,31.212475622584467,57.93648383170009,51.11053771885474,0.03200883002207505,0.03200883002207505,1808.341089255198,2612.287065910473,741.1027969233937,0.15894039735099338
COW02031,31,473.6,Guernsey,Healthy,2.2,27.1,17.38,Early,0,28.225803104253647,78.15103378227877,49.78565053807953,0.057221283783783786,0.057221283783783786,2205.875691932476,2478.6109994997787,1349.1911295819552,0.06545608108108107
COW02032,21,527.4,Brown Swiss,Healthy,4.0,19.7,16.95,Mid,0,40.516409463609534,43.686606561157866,60.222500621155724,0.03735305271141449,0.03735305271141449,1770.0244395074828,3626.7495810651017,1186.3832622367677,0.03981797497155859
COW02033,85,569.3,Jersey,Healthy,2.5,29.1,22.78,Late,0,35.09825304533191,55.9620892209737,56.06177727267708,0.051115404883189886,0.051115404883189886,1964.1715684231763,3142.922870971252,1631.397718634903,0.14930616546636222
COW02034,118,665.3,Brown Swiss,Bloat,3.3,15.4,23.47,Late,1,34.23613674035437,58.2878551959703,55.35096805197591,0.023147452277168197,0.023147452277168197,1995.5509807912142,3063.729664290858,852.404908000429,0.17736359537050955
COW02035,103,546.7,Jersey,Healthy,4.6,23.9,19.33,Early,0,19.631136796643588,84.11270558868785,36.50496013001721,0.04371684653374794,0.04371684653374794,1651.2280297473387,1332.6121140941461,872.4685471074113,0.188403146149625
COW02036,75,630.3,Ayrshire,Healthy,2.3,23.9,26.11,Late,0,35.39517230622147,95.0,64.66155153588758,0.03791845153101698,0.03791845153101698,3362.5413690910395,4181.116247028246,1545.411081707713,0.11899095668729177
COW02037,16,636.3,Guernsey,Mastitis,4.0,19.9,25.6,Early,1,39.171890345593305,82.8861834434893,68.26998675074313,0.031274556027031275,0.031274556027031275,3246.808489013094,4660.791090946643,1358.5727363397882,0.025145371680025147
COW02038,118,531.5,Guernsey,Mastitis,3.8,31.5,19.29,Mid,1,20.536267793712057,83.34941443464567,37.94355750917039,0.059266227657572904,0.059266227657572904,1711.6858952789726,1439.7135564517207,1195.2220615388674,0.22201317027281278
COW02039,60,597.6,Guernsey,Mastitis,4.6,15.9,25.89,Mid,1,23.408026465267316,87.81118043104308,43.03647554490585,0.026606425702811246,0.026606425702811246,2055.48643547622,1852.138227327279,684.279961164003,0.10040160642570281
COW02040,43,530.5,Brown Swiss,Healthy,2.5,16.5,14.93,Mid,0,40.52630725165316,67.97636668741463,66.58076022058688,0.03110273327049953,0.03110273327049953,2754.8311222252055,4432.997631551285,1098.5825436396835,0.08105560791705937
COW02041,108,655.8,Ayrshire,Healthy,4.4,25.6,25.37,Mid,0,19.360190567628358,95.0,36.60033349334962,0.03903629155230254,0.03903629155230254,1839.218103924694,1339.5844118244102,936.9685374297504,0.16468435498627632
COW02042,92,600.9,Jersey,Foot and Mouth,3.4,23.3,20.19,Mid,1,21.3580118892388,82.97067700724108,39.25951908213679,0.038775170577467134,0.038775170577467134,1772.0887059788472,1541.309838560663,914.7467946137873,0.1531036778166084
COW02043,92,454.8,Brown Swiss,Healthy,3.3,18.8,23.03,Mid,0,26.994769690939382,87.3500242203146,48.9973501282799,0.04133685136323659,0.04133685136323659,2357.9937863253695,2400.74031959325,921.1501824116621,0.2022867194371152
COW02044,41,562.9,Holstein,Healthy,3.1,19.5,18.79,Mid,0,38.59906026198256,84.44990233040717,67.7153309657067,0.034642032332563515,0.034642032332563515,3259.686869169928,4585.366047795196,1320.4489538312805,0.07283709362231303
COW02045,119,681.8,Jersey,Healthy,3.2,16.8,22.45,Mid,0,37.42004968348547,66.29988959801284,61.59830727234695,0.024640657084188916,0.024640657084188916,2480.945162767242,3794.351458818471,1034.8515621754289,0.17453798767967146
COW02046,60,535.5,Brown Swiss,Healthy,3.6,29.6,19.4,Mid,0,46.72512838960635,87.97435766444143,82.21792677664726,0.05527544351073763,0.05527544351073763,4110.613156864175,6759.787483450131,2433.650632588759,0.11204481792717087
COW02047,69,585.8,Brown Swiss,Bloat,2.3,24.3,21.63,Mid,1,36.817349261535824,85.4896881667041,65.01840138815658,0.04148173438033459,0.04148173438033459,3147.503707493331,4227.392519071441,1579.947153732205,0.11778764083304884
COW02048,93,593.7,Ayrshire,Mastitis,3.3,18.4,26.81,Early,1,40.393118588084654,51.25280310396418,62.036696760998666,0.030992083543877374,0.030992083543877374,2070.2605537501786,3848.5517450161024,1141.4752204023753,0.15664477008590197
COW02049,83,467.1,Guernsey,Healthy,4.0,21.1,20.53,Mid,0,35.31667676420722,48.69896529611596,54.83954656986781,0.045172339970027835,0.045172339970027835,1719.8856161142724,3007.3758679887,1157.1144326242108,0.1776921430100621
COW02050,30,590.9,Brown Swiss,Bloat,3.5,30.3,26.32,Mid,1,36.06423761985716,64.08662742583834,59.1352693439719,0.05127771196479946,0.05127771196479946,2311.2353597406886,3496.9800803841026,1791.7986611223487,0.0507700118463361
COW02051,44,438.5,Brown Swiss,Healthy,2.5,30.0,18.85,Early,0,27.983139437882787,67.40836404671342,47.942683631566965,0.06841505131128849,0.06841505131128849,1886.2976503987463,2298.500913796519,1438.280508947009,0.10034207525655645
COW02052,51,500.0,Guernsey,Healthy,3.1,15.2,24.51,Early,0,42.63361289803864,79.90989803735398,73.06834159751482,0.0304,0.0304,3406.8476596462874,5338.982543811114,1110.6387922822253,0.102
COW02053,114,636.1,Guernsey,Healthy,3.3,25.8,18.19,Late,0,30.348925146287634,95.0,55.83061900600336,0.040559660430749885,0.040559660430749885,2883.147888897325,3117.0580185935037,1440.4299703548868,0.1792171042288948
COW02054,89,578.5,Jersey,Mastitis,4.0,16.8,21.39,Late,1,48.68340010653274,65.41790789768484,77.77420319111256,0.029040622299049267,0.029040622299049267,3184.766184315299,6048.826682012464,1306.606613610691,0.15384615384615385
COW02055,51,525.6,Brown Swiss,Healthy,4.7,17.8,19.75,Mid,0,38.083432650566394,82.17497617468729,66.32860125840415,0.033866057838660577,0.033866057838660577,3129.5051707106013,4399.483344896373,1180.6491023995939,0.09703196347031963
COW02056,91,585.7,Brown Swiss,Healthy,3.7,29.6,26.01,Mid,0,32.196697501509874,68.31892541530499,54.31587049365188,0.05053781799556087,0.05053781799556087,2199.6437752247894,2950.213787483163,1607.7497666120958,0.15536964316202834
COW02057,91,545.2,Holstein,Mastitis,4.0,30.1,22.15,Late,1,35.216644076849775,82.88063207278068,61.82628144871398,0.05520909757887014,0.05520909757887014,2918.7777205714574,3822.489077775594,1860.9710716062907,0.1669112252384446
COW02058,54,551.0,Ayrshire,Healthy,2.2,15.5,16.25,Mid,0,38.9180397046641,47.51229495219795,59.1835151047083,0.028130671506352088,0.028130671506352088,1849.0853814093516,3502.688460149235,917.3444841229787,0.09800362976406533
COW02059,55,602.5,Brown Swiss,Bloat,4.9,29.7,18.84,Early,1,39.95666232403386,94.41656993204155,72.49505381469422,0.04929460580912863,0.04929460580912863,3772.571002568113,5255.532827595411,2153.103098296418,0.0912863070539419
COW02060,108,491.8,Jersey,Healthy,2.9,27.1,18.18,Mid,0,32.53634589708267,84.44203072051894,57.74377549166026,0.055103700691337944,0.055103700691337944,2747.435119774885,3334.343608031264,1564.856315823993,0.21960146400976005
COW02061,72,553.2,Guernsey,Healthy,3.1,28.0,24.14,Late,0,49.0,60.10003284676967,76.3946113649823,0.05061460592913955,0.05061460592913955,2944.9016094917138,5836.136645606683,2139.049118219504,0.1301518438177874
COW02062,28,525.0,Guernsey,Mastitis,2.7,28.3,22.16,Mid,1,34.156695391606846,65.02724044699656,56.57259012996635,0.05390476190476191,0.05390476190476191,2221.1156441048374,3200.4579540131663,1601.0043006780477,0.05333333333333334
COW02063,89,423.2,Ayrshire,Healthy,2.3,23.1,19.49,Early,0,35.99731322278578,67.8729816727509,59.85659102373662,0.054584120982986775,0.054584120982986775,2443.2449806384125,3582.811488982867,1382.687252648316,0.21030245746691872
COW02064,75,476.4,Holstein,Healthy,4.4,31.0,19.53,Late,0,52.0,74.42611906398474,85.98422076805826,0.06507136859781697,0.06507136859781697,3870.1581913272066,7393.286221090182,2665.5108438098064,0.15743073047858944
COW02065,66,675.5,Brown Swiss,Healthy,2.7,17.6,25.0,Mid,0,33.75728555193749,95.0,61.79524971589061,0.02605477424130274,0.02605477424130274,3206.9421274340616,3818.6528874492788,1087.5963949996749,0.09770540340488527
COW02066,90,580.8,Holstein,Bloat,2.8,23.1,19.3,Mid,1,28.358067755106266,69.32389990675642,48.76273112355212,0.03977272727272728,0.03977272727272728,1965.8918506040036,2377.8039466278387,1126.4190889540541,0.15495867768595042
COW02067,109,444.1,Brown Swiss,Foot and Mouth,2.5,19.7,21.25,Late,1,28.47814153578647,73.46976642608317,49.525690932104894,0.04435937851835172,0.04435937851835172,2092.282406883169,2452.794062302377,975.6561113624664,0.2454402161675298
COW02068,47,426.8,Brown Swiss,Foot and Mouth,4.9,28.8,20.71,Mid,1,48.08490369222085,70.95195249222996,78.76801981853464,0.06747891283973759,0.06747891283973759,3411.7178023639067,6204.400946133066,2268.5189707737977,0.11012183692596063
COW02069,57,541.0,Brown Swiss,Healthy,4.3,15.5,20.74,Late,0,35.80162948676859,93.42317959049471,65.03538634013097,0.02865064695009242,0.02865064695009242,3344.702061174733,4229.601476410094,1008.04848827203,0.10536044362292052
COW02070,32,674.9,Ayrshire,Healthy,4.8,21.8,23.14,Late,0,31.143646556497355,95.0,57.221381473870366,0.032301081641724703,0.032301081641724703,2958.646422867249,3274.2864977781946,1247.426116130374,0.04741443176766929
COW02071,81,535.1,Brown Swiss,Healthy,4.6,27.9,21.88,Early,0,42.35390673062354,79.63639176314877,72.54460806160341,0.05213978695570921,0.05213978695570921,3372.9123090997996,5262.720158811655,2023.994564918735,0.15137357503270416
COW02072,55,654.6,Brown Swiss,Healthy,4.7,19.6,23.99,Mid,0,37.04321642082137,40.0,55.091859704985644,0.02994194928200428,0.02994194928200428,1481.728656832855,3035.1130057538207,1079.8004502177187,0.08402077604644057
COW02073,48,578.2,Holstein,Mastitis,3.4,18.3,18.29,Mid,1,18.0,85.43761701567395,33.87575421256426,0.031649948114839156,0.031649948114839156,1537.877106282131,1147.5667234700652,619.926302089926,0.08301625735039778
COW02074,87,587.7,Jersey,Healthy,2.5,18.7,23.76,Late,0,39.36400999634643,48.70096658041203,60.04892216252854,0.03181895524927684,0.03181895524927684,1917.0653353030725,3605.8730528814112,1122.9148444392836,0.14803471158754467
COW02075,56,443.1,Ayrshire,Healthy,3.0,26.8,22.8,Late,0,40.68223157112443,95.60226110486866,74.07219290771215,0.06048296095689461,0.06048296095689461,3889.3133249913694,5486.689762157323,1985.1347699266857,0.1263823064770932
COW02076,62,625.0,Brown Swiss,Healthy,2.9,19.2,23.34,Late,0,30.519055938773793,60.620684142914456,50.58672673848279,0.030719999999999997,0.030719999999999997,1850.0860504043437,2559.0169221139295,971.2651533788695,0.0992
COW02077,59,523.2,Ayrshire,Healthy,4.2,21.2,22.76,Mid,0,42.0,49.65808040089882,63.70563019064807,0.040519877675840976,0.040519877675840976,2085.63937683775,4058.4073179876113,1350.5593600417392,0.11276758409785932
COW02078,39,619.0,Brown Swiss,Healthy,2.1,23.8,21.51,Mid,0,44.6287839843113,58.0,69.6357218983496,0.03844911147011309,0.03844911147011309,2588.4694710900553,4849.133764304286,1657.3301811807205,0.0630048465266559
COW02079,25,484.9,Brown Swiss,Healthy,2.4,30.9,21.73,Early,0,29.06035593213542,64.12218085287847,49.04882469018791,0.06372447927407712,0.06372447927407712,1863.4133987294072,2405.787203488787,1515.6086829268063,0.051557022066405445
COW02080,101,564.2,Brown Swiss,Healthy,4.0,28.3,21.91,Mid,0,49.0,64.31430014172267,77.85274784903604,0.050159517901453385,0.050159517901453385,3151.4007069444106,6061.050347645585,2203.2327641277197,0.1790145338532435
COW02081,21,578.2,Brown Swiss,Healthy,2.4,17.3,17.53,Early,0,49.0,59.471089010157705,76.17699679751456,0.029920442753372533,0.029920442753372533,2914.0833614977278,5802.934841088544,1317.862044597002,0.03631961259079903
COW02082,47,537.7,Holstein,Healthy,2.1,29.9,23.16,Late,0,41.16913672044843,98.0,75.5690633623982,0.055607215919657796,0.055607215919657796,4034.575398603946,5710.683337470154,2259.514994535706,0.08740933606100056
COW02083,84,582.4,Holstein,Foot and Mouth,2.3,29.2,18.1,Mid,1,38.20815404426777,51.04422444876465,59.119210822877896,0.05013736263736264,0.05013736263736264,1950.305590808579,3495.081088319883,1726.2809560280346,0.14423076923076925
COW02084,26,528.7,Brown Swiss,Healthy,4.1,27.4,20.79,Mid,0,20.051582200250323,93.98559804515403,37.752939090119,0.05182523170039719,0.05182523170039719,1884.5599448420921,1425.2844099422352,1034.4305310692605,0.049177227160960846
COW02085,82,498.1,Brown Swiss,Healthy,2.4,23.3,20.21,Early,0,38.38959473302294,54.93717221075004,60.29088075756019,0.046777755470788995,0.046777755470788995,2109.015776948984,3634.9903025223416,1404.7775216511525,0.16462557719333468
COW02086,91,678.4,Brown Swiss,Healthy,2.4,15.3,22.16,Mid,0,49.0,63.49802914506358,77.570318084192,0.02255306603773585,0.02255306603773585,3111.403428108116,6017.1542476827235,1186.8258666881377,0.13413915094339623
COW02087,83,633.9,Brown Swiss,Healthy,2.7,26.8,23.23,Mid,0,37.65235003016805,58.6033413818939,60.148534091626736,0.04227796182363149,0.04227796182363149,2206.5535226485013,3617.8461533715836,1611.9807136555967,0.1309354787821423
COW02088,44,489.1,Jersey,Bloat,4.3,23.3,18.65,Late,1,30.91541078114219,95.0,56.82196886699882,0.04763851973011654,0.04763851973011654,2936.964024208508,3228.7361459221834,1323.9518746010726,0.0899611531384175
COW02089,14,595.5,Guernsey,Healthy,2.6,19.6,21.45,Late,0,32.25400614466968,67.3812646102737,54.23346003961015,0.0329135180520571,0.0329135180520571,2173.315722775382,2941.268187867991,1062.9758167763591,0.023509655751469353
COW02090,107,490.6,Guernsey,Ketosis,2.1,14.2,20.86,Mid,1,36.335032650763964,47.70369311651591,55.931846781339175,0.0289441500203832,0.0289441500203832,1733.3152469506297,3128.3714843712014,794.2322242950163,0.21810028536485934
COW02091,47,455.2,Holstein,Foot and Mouth,4.7,18.2,18.57,Late,1,21.289503501348786,79.50107119614705,38.90883188474737,0.03998242530755712,0.03998242530755712,1692.5383335913518,1513.8971986355336,708.1407403024022,0.10325131810193322
COW02092,98,632.7,Brown Swiss,Healthy,4.6,24.9,25.98,Early,0,18.60966304065316,80.79722714739489,34.68902144161899,0.03935514461830251,0.03935514461830251,1503.609171832133,1203.328208577102,863.7566338963128,0.15489173383910224
COW02093,33,413.7,Guernsey,Healthy,2.6,16.0,19.57,Early,0,41.36000387771396,51.73537476488643,63.4358621449344,0.0386753686246072,0.0386753686246072,2139.7753008906875,4024.108606071121,1014.9737943189504,0.07976794778825236
COW02094,29,624.1,Guernsey,Healthy,2.8,25.8,22.97,Mid,0,24.346573787876327,85.9126760654469,44.4226267482899,0.04133952892164717,0.04133952892164717,2091.6793071413194,1973.3697672178814,1146.1037701058794,0.046466912353789455
COW02095,96,529.8,Jersey,Healthy,2.6,28.8,24.97,Mid,0,52.0,93.41281176680246,93.12321722431773,0.05436013590033976,0.05436013590033976,4857.466211873728,8671.933586207466,2681.9486560603505,0.18120045300113252
COW02096,113,533.1,Ayrshire,Healthy,4.2,19.7,24.55,Early,0,42.159799284360794,87.95732626141613,74.54461665354813,0.036953667229412866,0.036953667229412866,3708.2632207703405,5556.899872024445,1468.5289480748982,0.21196773588444945
COW02097,104,582.8,Guernsey,Healthy,2.8,15.5,23.36,Early,0,52.0,98.0,94.84800000000001,0.026595744680851068,0.026595744680851068,5096.0,8996.143104000002,1470.1440000000002,0.17844886753603295
COW02098,93,596.5,Brown Swiss,Healthy,4.8,16.5,21.52,Mid,0,41.24742602494754,53.87037898282531,63.860750966730954,0.027661357921207042,0.027661357921207042,2222.014472029976,4078.1955140348286,1053.7023909510608,0.15590947191953058
COW02099,38,483.9,Guernsey,Healthy,4.5,20.4,16.55,Early,0,42.0,48.80587664004292,63.47042195265185,0.04215747055176689,0.04215747055176689,2049.8468188818024,4028.4944628476696,1294.7966078340976,0.07852862161603638
COW02100,110,607.4,Ayrshire,Mastitis,3.8,28.6,22.56,Mid,1,20.243615277494676,90.72037205174244,37.89624174301137,0.047085940072439915,0.047085940072439915,1836.5083096466544,1436.1251382447576,1083.8325138501252,0.18109976950938428
COW02101,84,559.1,Jersey,Mastitis,2.0,25.4,24.64,Mid,1,42.0,56.44843199728273,65.57976723125003,0.045430155607225894,0.045430155607225894,2370.8341438858747,4300.7058701049355,1665.7260876737507,0.1502414594884636
COW02102,30,449.5,Holstein,Ketosis,4.7,29.6,20.23,Late,1,25.0,95.0,46.47,0.06585094549499444,0.06585094549499444,2375.0,2159.4609,1375.512,0.06674082313681869
COW02103,25,536.4,Brown Swiss,Healthy,4.2,31.9,11.51,Mid,0,29.169031494064317,75.2070301156006,50.84257515877494,0.05947054436987323,0.05947054436987323,2193.7162300169975,2584.967448775679,1621.8781475649205,0.04660700969425802
COW02104,106,660.5,Holstein,Healthy,4.4,17.6,24.96,Early,0,43.18527434223694,98.0,79.15778832918176,0.026646479939439822,0.026646479939439822,4232.15688553922,6265.955453167543,1393.177074593599,0.16048448145344435
COW02105,41,684.1,Ayrshire,Ketosis,2.2,26.5,24.98,Early,1,18.0,90.48133510876399,34.057328063915506,0.03873702675047508,0.03873702675047508,1628.6640319577518,1159.9015948531667,902.5191936937609,0.05993275836865955
COW02106,94,607.4,Ayrshire,Mastitis,4.1,22.4,21.64,Early,1,18.0,95.0,34.22,0.03687849851827461,0.03687849851827461,1710.0,1171.0084,766.5279999999999,0.15475798485347383
COW02107,26,454.8,Guernsey,Healthy,4.4,22.9,21.67,Mid,0,30.728718976809418,65.64930961014456,51.70266645790358,0.05035180299032541,0.05035180299032541,2017.3191860316858,2673.165718857228,1183.991061885992,0.05716798592788039
COW02108,42,589.2,Ayrshire,Healthy,4.9,19.9,23.12,Mid,0,44.789487175927974,67.80309869911873,72.83660372479287,0.033774609640190086,0.033774609640190086,3036.866019672357,5305.17084216251,1449.448414123378,0.07128309572301425
COW02109,42,618.1,Holstein,Healthy,3.7,20.2,20.18,Early,0,52.0,96.25513184774213,94.19192957475104,0.03268079598770425,0.03268079598770425,5005.266856082591,8872.11959701486,1902.676977409971,0.06795016987542468
COW02110,42,608.1,Guernsey,Bloat,3.5,26.2,24.95,Late,1,24.477771194484255,57.736750843760234,41.80079460075102,0.04308501891136326,0.04308501891136326,1413.2669766665088,1747.3064292541756,1095.1808185396767,0.06906758756783424
COW02111,84,612.8,Brown Swiss,Healthy,3.3,25.2,19.38,Mid,0,29.57880533416496,86.93010051173894,53.25799500080276,0.04112271540469974,0.04112271540469974,2571.2885207161203,2836.4140315055315,1342.1014740202295,0.13707571801566582
COW02112,110,579.1,Jersey,Healthy,4.1,19.7,21.56,Early,0,52.0,92.90546909202337,92.93245637860079,0.03401830426523916,0.03401830426523916,4831.084392785215,8636.44144856054,1830.7693906584354,0.1899499222932136
COW02113,110,544.2,Jersey,Healthy,4.8,16.1,20.89,Early,0,26.86596698338468,64.46984043365188,45.929562609407576,0.02958471150312385,0.02958471150312385,1732.0446045145702,2109.5247214914903,739.465958011462,0.20213156927600145
COW02114,92,501.3,Brown Swiss,Healthy,3.8,24.4,19.08,Late,0,29.009333611125626,59.68924805867286,48.327668267764345,0.048673449032515456,0.048673449032515456,1731.5453099312736,2335.5635201990767,1179.19510573345,0.18352284061440255
COW02115,33,398.2,Guernsey,Healthy,2.7,27.3,19.63,Mid,0,33.44992292226169,95.0,61.25736511395797,0.06855851330989453,0.06855851330989453,3177.742677614861,3752.4647807047545,1672.3260676110526,0.08287292817679558
COW02116,115,577.2,Holstein,Mastitis,2.1,24.1,24.79,Late,1,42.0,51.61015849490906,64.2444037445949,0.04175329175329175,0.04175329175329175,2167.6266567861803,4127.34341249852,1548.2901302447374,0.1992376992376992
COW02117,70,564.9,Guernsey,Healthy,3.9,14.1,25.05,Early,0,35.11453642337935,64.33363518207562,57.81804343097853,0.02496016994158258,0.02496016994158258,2259.0457758493935,3342.9261461865194,815.2344123767972,0.12391573729863693
COW02118,70,594.6,Ayrshire,Healthy,4.6,19.1,24.09,Mid,0,38.4369044566973,58.95715123787841,61.320997678797205,0.03212243525058863,0.03212243525058863,2266.1303891693856,3760.264756323052,1171.2310556650268,0.11772620248906827
COW02119,87,443.0,Holstein,Healthy,2.2,28.0,16.25,Early,0,52.0,89.8319034862694,91.77679571083729,0.06320541760722348,0.06320541760722348,4671.258981286009,8422.980230948762,2569.750279903444,0.1963882618510158
COW02120,95,601.6,Ayrshire,Bloat,3.2,27.4,18.97,Mid,1,46.686256085512866,67.08008636645354,75.4066533350667,0.045545212765957445,0.045545212765957445,3131.7180903425706,5686.163367194925,2066.142301380827,0.1579122340425532
COW02121,114,714.4,Guernsey,Healthy,4.8,14.2,23.61,Mid,0,40.50423296825309,79.1028048127246,69.45256682733861,0.019876819708846583,0.019876819708846583,3203.998434576849,4823.6590389059365,986.2264489482083,0.1595744680851064
COW02122,74,556.3,Jersey,Healthy,3.5,22.5,21.77,Mid,0,41.76327301993037,46.56802271181349,62.553153610561,0.0404458026244832,0.0404458026244832,1944.833046511785,3912.8970266264405,1407.4459562376223,0.13302175085385584
COW02123,77,545.1,Guernsey,Healthy,2.7,21.9,20.49,Early,0,40.49506605966817,43.10450467604318,60.04420181764076,0.04017611447440836,0.04017611447440836,1745.519764325644,3605.306171917574,1314.9680198063327,0.14125848468170976
COW02124,92,574.7,Guernsey,Foot and Mouth,3.1,25.7,26.79,Early,1,44.49163190829093,77.88246805248555,75.42941113407898,0.044718983817643984,0.044718983817643984,3465.1181007004147,5689.596064033917,1938.5358661458297,0.16008352183748042
COW02125,39,712.6,Guernsey,Mastitis,3.2,16.2,23.18,Mid,1,45.55223083810216,80.09789583279402,77.79406607677635,0.022733651417344933,0.022733651417344933,3648.6378406216945,6051.916716757844,1260.2638704437768,0.0547291608195341
COW02126,45,468.1,Holstein,Foot and Mouth,2.4,25.2,21.56,Early,1,47.457865527924355,75.13112987091476,79.2030403046767,0.053834650715659044,0.053834650715659044,3565.5630583748934,6273.121593504243,1995.9166156778529,0.09613330484939116
COW02127,79,566.3,Holstein,Healthy,4.0,31.0,24.46,Mid,0,44.58589248067378,63.635990116775254,71.277805540201,0.054741303196185774,0.054741303196185774,2837.2674132477605,5080.525562626709,2209.611971746231,0.13950203072576375
COW02128,18,486.0,Guernsey,Bloat,3.8,20.7,19.25,Early,1,39.376912501287094,50.020546043912574,60.395118019083746,0.04259259259259259,0.04259259259259259,1969.6546648377478,3647.5702805390542,1250.1789429950336,0.037037037037037035
COW02129,46,506.2,Jersey,Bloat,3.9,20.1,27.17,Early,1,36.97407135591753,89.69230552535666,66.22646213479561,0.039707625444488345,0.039707625444488345,3316.2897045712934,4385.944286891517,1331.1518889093918,0.09087317265902806
COW02130,89,546.0,Jersey,Healthy,3.8,14.5,19.36,Late,0,47.86013801159704,67.75173547524773,77.35793460454767,0.026556776556776556,0.026556776556776556,3242.6074103705714,5984.250046281473,1121.6900517659412,0.163003663003663
COW02131,117,657.8,Brown Swiss,Healthy,2.1,15.0,20.89,Early,0,19.52358309276297,91.45230797133549,36.704501463371244,0.022803283672848892,0.022803283672848892,1785.4767337033177,1347.2204276746218,550.5675219505687,0.17786561264822134
COW02132,68,694.1,Guernsey,Healthy,2.5,30.8,21.1,Mid,0,38.651022733499204,82.96786844389634,67.44137482462838,0.044374009508716325,0.044374009508716325,3206.7929693750084,4548.339038236019,2077.1943445985544,0.09796859242184124
COW02133,55,585.9,Holstein,Healthy,2.5,31.6,25.82,Mid,0,27.15397726309969,95.0,50.23946021042446,0.05393411845024749,0.05393411845024749,2579.627839994471,2524.003362234823,1587.566942649413,0.0938726745178358
COW02134,59,519.9,Ayrshire,Healthy,2.3,14.1,23.22,Early,0,33.58644426125483,61.57150516404116,55.08253792811826,0.02712060011540681,0.02712060011540681,2067.9679262736327,3034.085984602587,776.6637847864675,0.11348336218503559
COW02135,86,749.4,Brown Swiss,Healthy,4.2,30.2,22.81,Mid,0,34.02387456164317,93.67413309031193,62.001594023664026,0.04029890579129971,0.04029890579129971,3187.1569539354405,3844.1976614752507,1872.4481395146536,0.114758473445423
COW02136,70,515.8,Holstein,Ketosis,2.4,17.1,19.18,Mid,1,49.0,73.55981730587538,81.0516967878329,0.03315238464521133,0.03315238464521133,3604.4310479878936,6569.377552186801,1385.9840150719426,0.13571151609150836
COW02137,14,504.3,Holstein,Healthy,4.0,24.1,22.54,Late,0,19.08744978964732,95.0,36.12303713188281,0.04778901447551061,0.04778901447551061,1813.3077300164953,1304.8738116313843,870.5651948783758,0.02776125322228832
COW02138,70,408.0,Ayrshire,Healthy,2.5,26.2,20.95,Mid,0,20.299858789779975,93.65664709932518,38.16549695792673,0.0642156862745098,0.0642156862745098,1901.2167108405577,1456.6051580455144,999.9360202976802,0.1715686274509804
COW02139,55,661.7,Holstein,Healthy,2.4,20.5,26.35,Mid,0,34.981227574624576,95.0,63.93714825559301,0.030980807012241193,0.030980807012241193,3323.2166195893346,4087.9589270576803,1310.7115392396568,0.08311923832552516
COW02140,87,627.5,Brown Swiss,Healthy,2.5,23.5,22.56,Mid,0,23.775677166140856,82.11275676387233,43.119168719311844,0.03745019920318725,0.03745019920318725,1952.2863960396774,1859.262711044481,1013.3004649038284,0.13864541832669322
COW02141,106,743.4,Guernsey,Healthy,3.5,25.3,25.06,Late,0,46.24623800974677,89.51835492490363,81.9052187795921,0.03403282216841539,0.03403282216841539,4139.887148098081,6708.464863332847,2072.20203512368,0.14258810868980362
COW02142,115,438.8,Brown Swiss,Healthy,3.9,17.5,20.6,Mid,0,20.57778980460705,84.16477489678202,38.06175472632951,0.039881494986326343,0.039881494986326343,1731.9250467780485,1448.6971728472668,666.0807077107664,0.26207839562443025
COW02143,77,666.7,Jersey,Healthy,4.4,31.9,21.64,Mid,0,22.31728767242828,87.77799519271909,41.20346653044046,0.047847607619619016,0.047847607619619016,1958.9667700249383,1697.725654125127,1314.3905823210505,0.11549422528873556
COW02144,51,555.6,Holstein,Ketosis,2.4,17.7,21.09,Early,1,41.489470065729776,55.44863920849991,64.6123185728249,0.03185745140388769,0.03185745140388769,2300.5346566265075,4174.751711356214,1143.6380387390006,0.091792656587473
COW02145,59,614.5,Guernsey,Healthy,3.8,14.2,19.39,Early,0,36.098664517894925,95.0,65.89266290631612,0.023108218063466232,0.023108218063466232,3429.373129200018,4341.843024885408,935.6758132696889,0.09601301871440195
COW02146,31,418.2,Brown Swiss,Ketosis,4.3,31.0,20.25,Early,1,35.17689604202547,70.09049356053454,59.10414581603519,0.0741272118603539,0.0741272118603539,2465.566005513179,3493.30005264315,1832.2285202970909,0.0741272118603539
COW02147,113,667.4,Holstein,Mastitis,2.9,21.7,24.57,Early,1,27.859054120742194,63.89478433251788,47.28687690023884,0.03251423434222355,0.03251423434222355,1780.048254752766,2236.048726978341,1026.1252287351826,0.1693137548696434
COW02148,103,612.9,Holstein,Healthy,2.2,21.2,24.77,Late,0,25.570205945286368,95.0,47.46786040425114,0.034589655735030186,0.034589655735030186,2429.169564802205,2253.1977713574734,1006.3186405701241,0.16805351607113722
COW02149,104,546.9,Brown Swiss,Healthy,2.5,19.0,23.14,Late,0,37.472230926109276,62.677327102324554,60.838842388248615,0.034741268970561345,0.034741268970561345,2348.6592750095933,3701.3647431421564,1155.9380053767236,0.19016273541780948
COW02150,47,601.6,Holstein,Healthy,2.3,14.5,21.55,Early,0,21.55843917253469,78.61549659684441,39.27439384209894,0.024102393617021274,0.024102393617021274,1694.8274014016781,1542.478011664299,569.4787107104346,0.078125
COW02151,46,488.8,Jersey,Foot and Mouth,4.7,18.8,24.37,Late,1,35.632397747917025,61.63100238125433,57.99165775994975,0.038461538461538464,0.038461538461538464,2196.0603904516756,3363.0323697471404,1090.2431658870553,0.09410801963993454
COW02152,104,503.6,Holstein,Healthy,3.1,21.1,23.19,Mid,0,24.400953705664318,88.92939023673192,44.81455011283658,0.04189833200953137,0.04189833200953137,2169.9619342394517,2008.3439018159409,945.5870073808519,0.20651310563939634
COW02153,70,512.9,Guernsey,Healthy,3.6,23.4,24.78,Mid,0,18.0,94.67212391753351,34.20819646103121,0.04562292844609085,0.04562292844609085,1704.0982305156033,1170.200705116508,800.4717971881302,0.1364788457789043
COW02154,88,401.8,Guernsey,Foot and Mouth,4.3,22.2,23.62,Late,1,22.5184863672892,84.38493000010686,41.26556813193657,0.055251368840219015,0.055251368840219015,1900.2208958120598,1702.847113251499,916.0956125289918,0.2190144350423096
COW02155,64,618.9,Guernsey,Healthy,3.1,29.8,22.18,Mid,0,18.435564211747646,87.46699927514484,34.67823828923544,0.048149943448053,0.048149943448053,1612.5034815458175,1202.5802108449948,1033.411501019216,0.10340927451930845
COW02156,59,645.3,Holstein,Mastitis,3.9,30.4,23.69,Mid,1,42.0,52.39198964152223,64.46018914106014,0.04710987137765381,0.04710987137765381,2200.4635649439338,4155.115984101248,1959.5897498882282,0.09143034247636758
COW02157,80,493.9,Jersey,Healthy,2.2,19.7,23.06,Early,0,42.0,53.08122369361698,64.6504177394383,0.03988661672403321,0.03988661672403321,2229.411395131913,4179.676513883878,1273.6132294669344,0.16197610852399272
COW02158,99,577.9,Jersey,Bloat,3.4,31.3,19.08,Early,1,38.185020420654574,80.3583242442343,66.0612601677106,0.05416161965738017,0.05416161965738017,3068.484252235668,4364.090094945947,2067.7174432493416,0.171309915210244
COW02159,48,528.8,Guernsey,Healthy,2.3,29.6,18.22,Late,0,30.02645155792854,65.84809188182668,50.710881426076746,0.05597579425113465,0.05597579425113465,1977.1845410716962,2571.5934950096157,1501.0420902118717,0.09077155824508322
COW02160,99,576.3,Ayrshire,Healthy,2.7,30.7,18.69,Early,0,34.64879018770063,61.06556996714514,56.48407128973125,0.05327086586847129,0.05327086586847129,2115.8481214839644,3190.450309463442,1734.0609885947492,0.17178552837064032
COW02161,38,499.8,Jersey,Mastitis,2.9,26.7,20.05,Early,1,42.0,40.0,61.04,0.05342136854741897,0.05342136854741897,1680.0,3725.8815999999997,1629.768,0.07603041216486595
COW02162,55,479.3,Guernsey,Healthy,4.2,17.6,19.81,Early,0,44.181894310128925,67.94514071167964,71.98086544372396,0.03672021698310036,0.03672021698310036,3001.945025810268,5181.244990027493,1266.8632318095417,0.11475067807218861
COW02163,110,634.2,Brown Swiss,Bloat,4.0,17.5,18.77,Mid,1,39.32400788856595,56.24259023428757,61.87711393758042,0.02759381898454746,0.02759381898454746,2211.684062046507,3828.7772292443087,1082.8494939076572,0.17344686218858402
COW02164,115,544.9,Ayrshire,Mastitis,4.2,30.4,21.5,Mid,1,37.71333562957139,95.0,68.71833735174994,0.05579005322077445,0.05579005322077445,3582.766884809282,4722.20988838891,2089.037455493198,0.21104789869700863
COW02165,111,711.8,Holstein,Healthy,2.2,23.1,23.02,Late,0,46.07072578105214,63.582966902899294,73.39376771611609,0.032452936218038776,0.032452936218038776,2929.3134325291876,5386.645139567204,1695.3960342422818,0.1559426805282383
COW02166,46,553.7,Ayrshire,Healthy,5.0,30.0,24.22,Mid,0,35.44715744263039,98.0,65.3839402478821,0.05418096442116669,0.05418096442116669,3473.8214293777783,4275.059642338616,1961.518207436463,0.08307747877912226
COW02167,103,475.9,Brown Swiss,Bloat,2.2,27.0,25.68,Late,1,33.41103157570871,65.11498344954154,55.50785532467682,0.05673460811094768,0.05673460811094768,2175.558768084383,3081.1220027452528,1498.7120937662742,0.21643202353435598
COW02168,113,648.2,Jersey,Healthy,4.5,17.8,23.58,Mid,0,42.0,47.12410015030558,63.00625164148434,0.02746066029003394,0.02746066029003394,1979.2122063128343,3969.787745910048,1121.5112792184214,0.17432891082999072
COW02169,117,600.5,Holstein,Bloat,4.2,20.9,19.98,Mid,1,41.15660937685967,78.59754668691654,70.3553260483009,0.034804329725228976,0.034804329725228976,3234.808526972915,4949.871903362727,1470.4263144094887,0.1948376353039134
COW02170,14,608.1,Ayrshire,Healthy,3.8,31.4,21.94,Early,0,43.13002366138868,82.65333951251338,74.65034292798396,0.051636244038809405,0.051636244038809405,3564.840488867494,5572.673699265604,2344.0207679386963,0.02302252918927808
COW02171,92,645.2,Ayrshire,Bloat,3.3,14.4,22.89,Early,1,49.0,63.22927274534093,77.47732836988797,0.022318660880347178,0.022318660880347178,3098.2343645217056,6002.736411335447,1115.673528526387,0.1425914445133292
COW02172,119,497.8,Holstein,Healthy,4.3,26.9,19.81,Late,0,35.56856301194075,75.511343224934,60.83951668128561,0.05403776617115307,0.05403776617115307,2685.8299696123504,3701.44679001243,1636.582998726583,0.23905182804339092
COW02173,94,539.8,Brown Swiss,Mastitis,4.2,31.6,19.43,Mid,1,49.0,71.8309603450364,80.45351227938261,0.058540200074101524,0.058540200074101524,3519.717056906784,6472.767638088768,2542.3309880284905,0.17413856984068174
COW02174,37,536.3,Guernsey,Healthy,2.4,15.9,19.55,Mid,0,38.72005953857084,56.013858046167186,60.99865125753508,0.02964758530673131,0.02964758530673131,2168.8599185326484,3720.835455238386,969.8785549948078,0.06899123624836846
COW02175,94,446.7,Brown Swiss,Healthy,4.4,18.9,20.02,Late,0,33.08141345608853,79.78194330761629,57.76952545746877,0.04231027535258563,0.04231027535258563,2639.2994528894696,3337.318071581132,1091.8440311461595,0.21043205730915604
COW02176,23,528.9,Holstein,Ketosis,2.2,23.8,21.93,Late,1,38.616712285016085,51.16493646670047,59.683835282965,0.04499905464170921,0.04499905464170921,1975.8216306156994,3562.160194084098,1420.475279734567,0.04348648137644167
COW02177,63,656.9,Jersey,Ketosis,3.5,29.2,24.22,Early,1,27.979862716137077,95.0,51.68475975323988,0.04445121022986756,0.04445121022986756,2658.0869580330223,2671.314390750125,1509.1949847946046,0.09590500837265946
COW02178,79,569.0,Jersey,Healthy,3.9,23.1,26.59,Mid,0,41.285471379638196,49.92668343795371,62.85140129022417,0.040597539543057996,0.040597539543057996,2061.2466601578944,3950.298644144792,1451.8673698041785,0.13884007029876977
COW02179,61,442.3,Jersey,Bloat,4.5,15.1,22.01,Mid,1,29.192783766041437,68.55892055818158,49.895999883337076,0.03413972416911598,0.03413972416911598,2001.4257430882078,2489.6108043579734,753.4295982383899,0.1379154420076871
COW02180,87,425.5,Ayrshire,Healthy,3.4,16.3,21.34,Late,0,30.042066406908834,95.0,55.293616212090456,0.03830787309048179,0.03830787309048179,2853.9963086563394,3057.3839938099522,901.2859442570744,0.2044653349001175
COW02181,37,683.2,Jersey,Healthy,2.7,20.8,21.71,Early,0,40.95555824784017,94.31174341747513,74.20945655605331,0.03044496487119438,0.03044496487119438,3862.59010098976,5507.043442344764,1543.556696365909,0.054156908665105384
COW02182,77,542.8,Guernsey,Healthy,3.5,19.8,19.12,Early,0,23.770588149938884,83.40202428137302,43.2317307240706,0.036477523949889464,0.036477523949889464,1982.5151700637205,1868.98254139855,855.9882683365979,0.14185703758290347
COW02183,81,498.2,Ayrshire,Healthy,2.8,18.0,19.75,Mid,0,49.0,71.61714370840957,80.37953172310972,0.03613006824568447,0.03613006824568447,3509.240041712069,6460.869120026402,1446.831571015975,0.16258530710558008
COW02184,80,528.1,Guernsey,Healthy,3.6,29.1,19.79,Early,0,28.81315847526676,64.47166027806514,48.74292934772655,0.05510320015148646,0.05510320015148646,1857.632164755452,2375.8731613974624,1418.4192440188426,0.15148646089755727
COW02185,43,431.8,Guernsey,Healthy,3.4,14.5,13.29,Early,0,38.54001630446294,40.108685433903844,56.91425624682049,0.033580361278369615,0.033580361278369615,1545.7893905732292,3239.2325641287457,825.2567155788971,0.09958314034275127
COW02186,44,663.8,Holstein,Healthy,4.3,28.9,20.0,Mid,0,23.33921713756237,92.04090330663956,43.299109912004226,0.04353721000301296,0.04353721000301296,2148.162627811043,1874.8129191718226,1251.344276456922,0.06628502561012353
COW02187,39,518.6,Holstein,Mastitis,2.7,30.6,24.59,Mid,1,26.265088812009363,80.11418803222104,46.917690610650695,0.05900501349787891,0.05900501349787891,2104.206263768303,2201.2696922367404,1435.6813326859112,0.07520246818357115
COW02188,61,659.4,Guernsey,Foot and Mouth,2.6,25.3,23.85,Early,1,51.69357550747358,76.11323884553741,86.14020860602307,0.0383682135274492,0.0383682135274492,3934.5654593801596,7420.13553868917,2179.3472777323836,0.09250834091598423
COW02189,75,554.1,Guernsey,Mastitis,3.4,25.3,20.9,Mid,1,39.59276623888842,98.0,72.76312390522139,0.045659628225951994,0.045659628225951994,3880.0910914110655,5294.4722004466,1840.9070348021012,0.1353546291283162
COW02190,51,664.4,Guernsey,Healthy,2.2,16.7,23.75,Early,0,52.0,91.16122561403324,92.27662083087651,0.025135460565924143,0.025135460565924143,4740.383731929729,8514.974751965352,1541.0195678756377,0.07676098735701385
COW02191,56,570.5,Brown Swiss,Mastitis,2.7,24.2,16.87,Mid,1,32.450384654453245,95.0,59.50817314529318,0.042418930762489045,0.042418930762489045,3082.7865421730585,3541.2226710901923,1440.0977901160948,0.09815950920245399
COW02192,42,618.3,Brown Swiss,Healthy,3.1,20.8,22.6,Mid,0,32.0235002407924,95.0,58.7611254213867,0.03364062752709041,0.03364062752709041,3042.232522875278,3452.8698607879383,1222.2314087648435,0.06792819019893256
COW02193,35,607.5,Holstein,Mastitis,3.5,18.1,24.67,Late,1,36.5425094604169,67.05822428345176,60.48238122428442,0.029794238683127576,0.029794238683127576,2450.4757952767945,3658.118438559672,1094.731100159548,0.05761316872427984
COW02194,83,599.9,Jersey,Healthy,2.8,24.5,22.09,Early,0,29.089717216782653,88.11337693113805,52.6153796747681,0.040840140023337225,0.040840140023337225,2563.1932179425858,2768.37817832,1289.0768020318185,0.13835639273212202
COW02195,100,577.8,Brown Swiss,Healthy,3.7,14.0,17.5,Late,0,29.102972197637275,95.0,53.65020134586523,0.024229837313949464,0.024229837313949464,2764.782358775541,2878.344104451879,751.1028188421132,0.17307026652821048
COW02196,43,531.4,Holstein,Healthy,4.6,19.0,19.86,Late,0,35.890207814336556,54.3163979802198,56.78487305468058,0.03575461046292812,0.03575461046292812,1949.4268112362988,3224.5218078361886,1078.912588038931,0.08091832894241627
COW02197,104,703.2,Holstein,Foot and Mouth,3.6,25.8,26.55,Mid,1,34.56023721400392,82.29153525091057,60.63835848483236,0.03668941979522184,0.03668941979522184,2844.014978976035,3677.0105197350404,1564.469648908675,0.14789533560864618
COW02198,73,477.4,Holstein,Bloat,2.9,22.2,21.55,Late,1,49.0,62.27145671009126,77.14592402169157,0.04650188521156263,0.04650188521156263,3051.3013787944715,5951.493593160609,1712.6395132815528,0.15291160452450775
COW02199,30,550.3,Jersey,Mastitis,2.2,16.6,17.01,Early,1,29.015631448534926,95.0,53.49735503493612,0.030165364346719976,0.030165364346719976,2756.484987610818,2861.966995734005,888.0560935799397,0.05451571869889152
COW02200,51,551.2,Ayrshire,Ketosis,2.4,14.0,27.31,Early,1,34.42608634141846,46.80359379845384,53.31379717809991,0.025399129172714075,0.025399129172714075,1611.2645611942496,2842.360969547574,746.3931604933988,0.09252539912917271
COW02201,12,582.2,Guernsey,Bloat,3.7,18.9,16.74,Late,1,25.420330822168903,79.84469361085411,45.5354140375984,0.03246307110958433,0.03246307110958433,2029.6785259826272,2073.4739315755132,860.6193253106097,0.020611473720371004
COW02202,16,515.6,Ayrshire,Healthy,4.1,23.9,18.73,Mid,0,37.59621257396584,98.0,69.2092583816592,0.04635376260667183,0.04635376260667183,3684.4288322486527,4789.921445739264,1654.1012753216546,0.031031807602792862
COW02203,48,575.2,Jersey,Mastitis,2.1,23.6,19.0,Mid,1,49.0,58.95883453502434,75.99975674911843,0.04102920723226704,0.04102920723226704,2888.9828922161923,5775.963025925173,1793.594259279195,0.08344923504867871
COW02204,61,536.5,Brown Swiss,Healthy,2.6,16.4,18.87,Early,0,42.0,51.84692911079543,64.30975243457954,0.030568499534016774,0.030568499534016774,2177.571022653408,4135.744258196909,1054.6799399271042,0.11369990680335508
COW02205,98,423.4,Ayrshire,Healthy,3.0,25.0,18.99,Early,0,23.80525261414654,81.73669230472335,43.131744481024135,0.05904581955597544,0.05904581955597544,1945.7626081587068,1860.347381976356,1078.2936120256034,0.23145961265942372
COW02206,26,550.8,Jersey,Healthy,3.0,32.0,21.94,Early,0,43.02333026754184,98.0,78.86952787622448,0.05809731299927379,0.05809731299927379,4216.2863662191,6220.40242741855,2523.8248920391834,0.04720406681190995
COW02207,102,462.0,Guernsey,Ketosis,4.9,24.5,23.73,Early,1,34.461386202935515,63.15854959550298,56.63958951687483,0.05303030303030303,0.05303030303030303,2176.531169627885,3208.043100640077,1387.6699431634333,0.22077922077922077
COW02208,37,411.2,Guernsey,Mastitis,2.6,23.5,18.24,Late,1,38.57256927800505,73.55598208568975,65.03842615018438,0.057149805447470815,0.057149805447470815,2837.243214811966,4229.996876092987,1528.403014529333,0.08998054474708171
COW02209,26,560.9,Ayrshire,Healthy,2.2,25.2,17.95,Early,0,43.319700465982024,74.97137810480291,72.73725835591345,0.04492779461579604,0.04492779461579604,3247.737643021945,5290.708753134902,1832.978910569019,0.0463540738099483
COW02210,87,589.0,Ayrshire,Healthy,3.1,29.8,23.44,Late,0,34.42104206435588,73.41201214277272,58.634683482879275,0.050594227504244485,0.050594227504244485,2526.9179579953848,3438.0261071374357,1747.3135677898024,0.14770797962648557
COW02211,95,592.1,Guernsey,Healthy,2.4,31.0,23.46,Early,0,36.144733679889065,71.6862488295761,60.90377083700517,0.05235602094240838,0.05235602094240838,2591.0803724552875,3709.2693021664413,1888.0168959471603,0.16044587062996116
COW02212,77,595.4,Brown Swiss,Mastitis,2.4,14.7,22.94,Mid,1,23.78380904657419,82.56525735018576,43.174813325813346,0.024689284514612025,0.024689284514612025,1963.7163146980743,1864.0645057188297,634.6697558894562,0.12932482364796777
COW02213,24,395.4,Ayrshire,Bloat,3.2,17.7,19.07,Late,1,37.14927715616836,64.8349128999427,60.86889575450301,0.044764795144157814,0.044764795144157814,2408.5701487160063,3705.0224703725544,1077.3794548547032,0.06069802731411229
COW02214,24,441.1,Guernsey,Healthy,2.9,16.1,18.64,Early,0,30.85598362203664,94.34934341250889,56.61089939709088,0.03649965994105645,0.03649965994105645,2911.2417950862846,3204.7939305475447,911.4354802931633,0.05440943096803446
COW02215,54,707.9,Jersey,Healthy,2.3,27.9,23.6,Early,0,43.86443181495092,76.6377956503547,74.07243649584092,0.039412346376606865,0.039412346376606865,3361.673361753126,5486.725848430386,2066.6209782339615,0.07628196072891652
COW02216,60,466.2,Guernsey,Healthy,3.8,14.8,20.14,Late,0,34.38005959539853,56.85939051254762,55.264587786306215,0.03174603174603175,0.03174603174603175,1954.8292343794249,3054.174663190346,817.915899237332,0.1287001287001287
COW02217,119,598.9,Brown Swiss,Healthy,3.5,30.2,24.3,Early,0,31.460705659103667,79.26666568923385,55.09201704630884,0.050425780597762565,0.050425780597762565,2493.785237827558,3035.1303422307838,1663.778914798527,0.19869761228919686
COW02218,42,495.0,Jersey,Healthy,2.2,14.4,25.99,Early,0,27.451247498798782,73.565429457547,47.96220427109771,0.02909090909090909,0.02909090909090909,2019.4628113945453,2300.3730385425033,690.655741503807,0.08484848484848485
COW02219,32,556.4,Brown Swiss,Healthy,4.6,24.8,21.17,Late,0,48.25922960208039,60.87953807450672,75.62072625899751,0.04457225017972682,0.04457225017972682,2937.999606006215,5718.494239938235,1875.3940112231382,0.05751258087706686
COW02220,114,499.3,Guernsey,Healthy,2.9,19.0,20.6,Mid,0,42.0,56.71368508629488,65.65297708381739,0.038053274584418185,0.038053274584418185,2381.974773624385,4310.313399968251,1247.4065645925305,0.2283196475065091
COW02221,28,594.9,Ayrshire,Healthy,4.9,22.5,21.63,Mid,0,36.36329823939839,63.1229351200383,59.35451708939467,0.037821482602118005,0.037821482602118005,2295.3581155161473,3522.958698915244,1335.47663451138,0.04706673390485796
COW02222,14,560.9,Brown Swiss,Bloat,4.8,22.0,18.11,Early,1,41.00276316830714,68.32791999334967,67.3793252683069,0.03922267783918702,0.03922267783918702,2801.633521270355,4539.973473612301,1482.3451559027517,0.024959885897664468
COW02223,57,514.1,Holstein,Healthy,3.3,27.5,23.02,Early,0,39.30088138028127,45.880492031958674,59.265352001792444,0.05349153861116514,0.05349153861116514,1803.1437750169478,3512.3819478963637,1629.7971800492921,0.11087337093950593
COW02224,55,466.0,Ayrshire,Healthy,2.7,22.9,21.58,Mid,0,26.247856317817806,70.15248222139897,45.709850351228276,0.04914163090128755,0.04914163090128755,1841.3522736855482,2089.3904191316838,1046.7555730431275,0.11802575107296137
COW02225,78,571.4,Brown Swiss,Mastitis,4.5,21.6,21.0,Mid,1,40.12530464433657,45.71697444445885,60.261074665479796,0.03780189009450473,0.03780189009450473,1834.407527001261,3631.397119838531,1301.6392127743636,0.13650682534126707
COW02226,106,453.0,Jersey,Bloat,3.1,27.1,22.55,Early,1,25.0,95.0,46.47,0.0598233995584989,0.0598233995584989,2375.0,2159.4609,1259.337,0.23399558498896247
COW02227,112,584.2,Guernsey,Healthy,2.5,30.7,21.75,Late,0,35.46332721082311,55.043282432285785,56.36460845494836,0.05255049640534063,0.05255049640534063,1952.0179356539022,3176.969086279636,1730.3934795669147,0.19171516603902772
COW02228,43,760.1,Jersey,Healthy,3.7,28.3,21.21,Mid,0,36.363060364022694,89.70377117190111,65.19214170250758,0.037231943165372976,0.037231943165372976,3261.903646004319,4250.015339759829,1844.9376101809646,0.05657150374950664
COW02229,117,658.0,Jersey,Mastitis,3.5,27.3,23.29,Mid,1,27.165081134082083,78.65963183695104,48.17303073102273,0.041489361702127664,0.041489361702127664,2136.795280827801,2320.6408898120603,1315.1237389569205,0.1778115501519757
COW02230,80,607.5,Ayrshire,Healthy,4.6,22.8,23.08,Mid,0,47.88471371062517,71.09060608589164,78.51225689150922,0.037530864197530864,0.037530864197530864,3404.1533199377486,6164.1744821983375,1790.0794571264103,0.13168724279835392
COW02231,19,543.2,Ayrshire,Mastitis,4.2,30.2,22.26,Mid,1,26.534519669139605,95.0,49.15540942099431,0.05559646539027982,0.05559646539027982,2520.7793685682627,2416.2542753455764,1484.4933645140281,0.03497790868924889
COW02232,113,394.9,Brown Swiss,Healthy,4.6,22.8,21.47,Mid,0,35.11955437664523,61.70990967656708,57.28166179253116,0.05773613573056471,0.05773613573056471,2167.2245284640635,3281.188777713924,1306.0218888697104,0.2861483919979742
COW02233,26,444.2,Jersey,Healthy,4.2,30.7,18.8,Early,0,29.18483363327351,92.12867649892304,53.36893845552133,0.06911301215668618,0.06911301215668618,2688.760096474744,2848.2435918692236,1638.4264105845048,0.05853219270598829
COW02234,75,652.6,Ayrshire,Healthy,3.9,28.5,21.84,Late,0,18.0,82.69462983598622,33.7770066740955,0.04367146797425682,0.04367146797425682,1488.503337047752,1140.886179861892,962.6446902117218,0.11492491572172847
COW02235,97,486.8,Holstein,Mastitis,3.5,16.7,20.9,Mid,1,33.6732636171706,92.75962062474633,61.21641710703119,0.03430566967953985,0.03430566967953985,3123.519158325818,3747.449723422021,1022.3141656874209,0.1992604765817584
COW02236,38,494.1,Guernsey,Healthy,5.0,14.8,21.16,Late,0,42.0,48.394524603448176,63.3568887905517,0.02995345071847804,0.02995345071847804,2032.5700333448233,4014.0953572183357,937.6819541001652,0.07690750860149767
COW02237,41,536.7,Brown Swiss,Healthy,4.9,27.3,22.09,Late,0,49.0,61.48128452726017,76.87252444643201,0.05086640581330352,0.05086640581330352,3012.5829418357484,5909.385014767287,2098.619917387594,0.07639277063536426
COW02238,63,465.0,Ayrshire,Healthy,4.5,26.3,21.39,Early,0,38.873223425982644,46.9895960536025,58.998447569950976,0.05655913978494624,0.05655913978494624,1826.6370660883622,3480.816815664254,1551.6591710897108,0.13548387096774195
COW02239,107,451.9,Brown Swiss,Mastitis,4.3,24.8,20.03,Mid,1,27.40451705986377,70.633906849565,47.50921211419098,0.054879398096924104,0.054879398096924104,1935.6881052637323,2257.125235711191,1178.2284604319364,0.23677804824076124
COW02240,36,546.0,Ayrshire,Healthy,3.7,31.6,23.28,Mid,0,52.0,88.83356867320681,91.40142182112575,0.05787545787545788,0.05787545787545788,4619.345571006755,8354.219910923362,2888.284929547574,0.06593406593406594
COW02241,83,478.7,Holstein,Mastitis,2.8,23.8,19.25,Mid,1,48.39480705049842,80.23153041230303,82.39039959772313,0.04971798621265929,0.04971798621265929,3882.7894336696013,6788.177945872496,1960.8915104258106,0.1733862544391059
COW02242,60,490.7,Guernsey,Mastitis,4.6,20.3,27.09,Late,1,45.55852090050058,61.93017878192344,72.14334441988346,0.0413694721825963,0.0413694721825963,2821.4473444079968,5204.66214408593,1464.5098917236344,0.12227430201752598
COW02243,24,487.5,Holstein,Healthy,2.0,24.2,21.39,Early,0,42.0,41.41552422437017,61.43068468592617,0.04964102564102564,0.04964102564102564,1739.452017423547,3773.729020981684,1486.6225693994131,0.04923076923076923
COW02244,88,591.8,Guernsey,Ketosis,2.7,14.5,19.45,Mid,1,49.0,70.08887647337508,79.85075125978778,0.02450152078404867,0.02450152078404867,3434.354947195379,6376.1424767525,1157.835893266923,0.14869888475836432
COW02245,101,531.4,Holstein,Bloat,3.2,24.4,21.82,Late,1,52.0,88.53752995459438,91.2901112629275,0.04591644712081295,0.04591644712081295,4603.951557638908,8333.884414397682,2227.478714815431,0.19006398193451263
COW02246,74,535.7,Ayrshire,Healthy,3.8,30.2,23.54,Late,0,46.971986340067645,74.57997209618411,78.26976739564947,0.05637483666231099,0.05637483666231099,3503.169430544586,6126.156488169072,2363.746975348614,0.13813701698711964
COW02247,31,597.8,Guernsey,Healthy,3.7,14.1,20.3,Early,0,21.4630088957179,84.63948197289258,39.54850125760927,0.023586483773837406,0.023586483773837406,1816.617954513148,1564.0839517231218,557.6338677322907,0.05185680829708933
COW02248,28,538.6,Holstein,Healthy,2.5,29.2,16.57,Late,0,37.94070291609103,43.59944962963408,57.01617924323573,0.054214630523579645,0.054214630523579645,1654.1937657030217,3250.8446954967853,1664.8724339024834,0.051986632008911994
COW02249,57,527.7,Ayrshire,Healthy,2.3,28.4,18.67,Early,0,39.936878126938545,51.84315673450616,61.58862625399941,0.053818457456888374,0.053818457456888374,2070.453832221746,3793.158883854825,1749.116985613583,0.10801591813530415
COW02250,66,587.6,Jersey,Healthy,2.7,15.9,23.51,Mid,0,37.90529894761804,75.42539006319355,64.45320257485507,0.02705922396187883,0.02705922396187883,2859.021958586051,4154.215322155304,1024.8059209401956,0.11232130701157249
COW02251,71,603.5,Brown Swiss,Bloat,3.0,29.2,18.01,Early,1,18.0,88.54203107558804,33.98751311872117,0.048384424192212096,0.048384424192212096,1593.7565593605848,1155.1510479952435,992.4353830666581,0.11764705882352941
COW02252,38,538.2,Holstein,Foot and Mouth,2.0,27.7,17.15,Mid,1,39.33582946394236,45.04589472642607,59.1012310606425,0.0514678558156819,0.0514678558156819,1771.9176330093965,3492.9555128834536,1637.104100379797,0.07060572277963582
COW02253,66,556.4,Holstein,Healthy,4.1,22.8,23.12,Early,0,27.40541095493726,89.5455939120896,49.97010124425634,0.040977713874910136,0.040977713874910136,2454.0338003647435,2497.011018361229,1139.3183083690446,0.1186196980589504
COW02254,43,487.5,Jersey,Healthy,2.7,18.4,19.81,Early,0,35.91904632546828,83.71747693932087,63.15043970546031,0.03774358974358974,0.03774358974358974,3007.051932434789,3987.978034992978,1161.9680905804696,0.0882051282051282
COW02255,86,481.1,Brown Swiss,Healthy,3.1,19.2,19.22,Mid,0,30.043743158137918,74.49329700280444,52.08853457965791,0.039908542922469335,0.039908542922469335,2238.0574821551418,2713.215434656218,1000.0998639294319,0.17875701517356057
COW02256,98,611.5,Brown Swiss,Healthy,3.0,25.0,21.14,Late,0,22.26705081356623,80.51210827413436,40.5475691198526,0.04088307440719542,0.04088307440719542,1792.7672060474958,1644.105361529224,1013.6892279963149,0.16026165167620604
COW02257,82,585.6,Ayrshire,Healthy,3.5,18.4,18.55,Mid,0,21.123518034907914,92.28177922712334,39.50339649719587,0.0314207650273224,0.0314207650273224,1949.3158277975303,1560.518334814667,726.862495548404,0.14002732240437157
COW02258,12,586.4,Holstein,Bloat,4.6,19.9,21.14,Mid,1,43.62897178243863,87.80734703887977,76.96836211485305,0.03393587994542974,0.03393587994542974,3830.944266250082,5924.128766643146,1531.6704060855757,0.020463847203274217
COW02259,119,572.5,Guernsey,Foot and Mouth,2.4,30.8,19.29,Mid,1,43.83647349626372,79.39013153322516,74.8388338244377,0.05379912663755459,0.05379912663755459,3480.1833968211154,5600.8510482018,2305.036081792681,0.20786026200873362
COW02260,14,553.7,Holstein,Healthy,3.0,27.1,18.33,Mid,0,22.675026976428562,84.99826150595821,41.573650650256184,0.048943471193787245,0.048943471193787245,1927.3378725971318,1728.3684283895464,1126.6459326219426,0.025284450063211124
COW02261,119,605.7,Jersey,Mastitis,4.1,27.2,22.57,Early,1,34.53716256880209,75.97063373672566,59.32806007515532,0.04490671949810136,0.04490671949810136,2623.810127820215,3519.8187122812387,1613.7232340442247,0.1964668978041935
COW02262,15,624.8,Holstein,Healthy,2.1,31.2,19.94,Early,0,36.80332948942438,58.02512024408809,58.842222466457244,0.049935979513444306,0.049935979513444306,2135.5176190066427,3462.4071447920455,1835.877340953466,0.024007682458386685
COW02263,67,622.9,Holstein,Foot and Mouth,4.5,14.1,20.83,Mid,1,37.359510702727825,56.36988594159555,59.22985855805836,0.022636057152030823,0.022636057152030823,2105.9513571465855,3508.176144807599,835.1410056686228,0.10756140632525285
COW02264,23,541.9,Brown Swiss,Healthy,4.9,18.4,15.1,Late,0,23.582534783715882,68.09781164208623,41.5191330679566,0.03395460417051116,0.03395460417051116,1605.919011744431,1723.8384107146874,763.9520484504014,0.04244325521313896
COW02265,22,661.0,Ayrshire,Healthy,3.8,25.8,22.37,Early,0,44.111403223062354,63.59186642872896,70.58315843016078,0.03903177004538578,0.03903177004538578,2805.1264617447855,4981.982253977177,1821.045487498148,0.03328290468986384
COW02266,85,568.3,Guernsey,Healthy,4.9,21.9,22.2,Mid,0,26.741598794631027,95.0,49.51779789060429,0.038535984515220834,0.038535984515220834,2540.4518854899475,2452.012307934735,1084.439773804234,0.14956888967094845
COW02267,90,600.6,Ayrshire,Healthy,3.2,16.0,21.06,Late,0,52.0,98.0,94.84800000000001,0.02664002664002664,0.02664002664002664,5096.0,8996.143104000002,1517.5680000000002,0.14985014985014986
COW02268,24,572.6,Brown Swiss,Healthy,3.2,28.1,17.91,Late,0,19.115137106082848,78.97982491267024,35.41611671564286,0.04907439748515543,0.04907439748515543,1509.7101818201095,1254.3013232160374,995.1928797095643,0.041914076143904994
COW02269,117,569.8,Holstein,Healthy,2.3,14.8,21.39,Early,0,20.490358004697793,86.58129205527078,38.065397055017186,0.025974025974025976,0.025974025974025976,1774.081670721795,1448.974452956111,563.3678764142544,0.20533520533520536
COW02270,46,491.1,Jersey,Mastitis,2.1,23.8,21.72,Late,1,19.81158137384718,78.52084246387501,36.49848438444069,0.048462634901242106,0.048462634901242106,1555.6220600160948,1332.1393623612607,868.6639283496884,0.09366727754021584
COW02271,46,606.1,Ayrshire,Foot and Mouth,2.7,24.1,22.14,Mid,1,19.23555891690517,89.45960695795489,36.11431913480784,0.039762415442996205,0.039762415442996205,1720.805540322921,1304.244046570748,870.3550911488691,0.07589506682065665
COW02272,44,777.6,Holstein,Healthy,3.4,25.4,27.98,Mid,0,19.699600473515833,87.37914334682425,36.79042587337504,0.03266460905349794,0.03266460905349794,1721.3342136505069,1353.5354359443038,934.476817183726,0.056584362139917695
COW02273,61,520.0,Holstein,Healthy,3.5,19.7,23.02,Mid,0,18.0,79.14944260354751,33.64937993372771,0.037884615384615385,0.037884615384615385,1424.6899668638553,1132.280769924357,662.8927846944358,0.11730769230769231
COW02274,31,555.7,Ayrshire,Mastitis,2.7,14.4,20.4,Early,1,20.281747388861998,84.08138867096368,37.57085279376291,0.025913262551736548,0.025913262551736548,1705.3174851292083,1411.5689796506022,541.0202802301859,0.05578549577109951
COW02275,57,514.3,Holstein,Healthy,3.8,30.0,22.95,Late,0,32.468858486613186,57.01070014971154,52.6762695215693,0.058331713007972005,0.058331713007972005,1851.072355383721,2774.789370709011,1580.288085647079,0.1108302547151468
COW02276,34,511.0,Ayrshire,Healthy,2.5,30.7,20.4,Mid,0,23.45798507277727,82.7205028836974,42.65919886155342,0.06007827788649706,0.06007827788649706,1940.4563218584028,1819.8072475095607,1309.63740504969,0.06653620352250489
COW02277,17,673.6,Guernsey,Mastitis,3.0,22.7,21.41,Mid,1,49.0,63.99542098254387,77.74241565996019,0.03369952494061758,0.03369952494061758,3135.7756281446495,6043.8831926460225,1764.752835481096,0.025237529691211402
COW02278,51,496.2,Guernsey,Healthy,2.6,14.4,23.97,Late,0,25.11410716730958,83.51071475377033,45.43871320875283,0.02902055622732769,0.02902055622732769,2097.2970399448095,2064.676658067289,654.3174702060408,0.10278113663845224
COW02279,84,512.1,Brown Swiss,Foot and Mouth,4.1,24.5,19.09,Mid,1,27.878687313689603,95.0,51.50770279895681,0.04784221831673501,0.04784221831673501,2648.4752948005125,2653.043447625663,1261.9387185744417,0.1640304628002343
COW02280,94,423.0,Holstein,Healthy,3.5,19.7,20.24,Early,0,42.078623013773154,68.89869419764366,69.1331082393967,0.04657210401891253,0.04657210401891253,2899.1621792838873,4779.38665484014,1361.922232316115,0.2222222222222222
COW02281,50,489.4,Brown Swiss,Healthy,4.2,17.3,23.6,Early,0,42.0,40.0,61.04,0.035349407437678795,0.035349407437678795,1680.0,3725.8815999999997,1055.992,0.1021659174499387
COW02282,46,413.3,Ayrshire,Healthy,2.2,17.0,20.35,Late,0,38.21208579251957,51.30292763841654,59.18596577734964,0.04113234938301476,0.04113234938301476,1960.391872326596,3502.9785449976025,1006.1614182149439,0.11129929833051053
COW02283,97,600.5,Ayrshire,Healthy,3.3,17.2,21.34,Mid,0,25.50407264000934,95.0,47.35212712001635,0.028642797668609492,0.028642797668609492,2422.8869008008874,2242.2239427901877,814.4565864642811,0.16153205661948378
COW02284,85,774.0,Brown Swiss,Healthy,4.9,20.0,20.21,Late,0,49.0,58.0,75.668,0.025839793281653745,0.025839793281653745,2842.0,5725.646224000001,1513.3600000000001,0.10981912144702842
COW02285,101,520.7,Ayrshire,Bloat,2.2,19.1,15.55,Mid,1,39.84329283788918,60.31719806894404,63.621315606602415,0.0366813904359516,0.0366813904359516,2403.235785821901,4047.671799514912,1215.1671280861062,0.19396965623199539
COW02286,109,416.7,Guernsey,Bloat,3.3,29.1,24.97,Mid,1,33.01793363306885,95.0,60.501383857870486,0.06983441324694024,0.06983441324694024,3136.7036951415407,3660.4174487173914,1760.5902702640312,0.2615790736741061
COW02287,100,622.0,Holstein,Foot and Mouth,2.1,22.9,23.24,Late,1,30.21995426808517,95.0,55.60491996914905,0.036816720257234724,0.036816720257234724,2870.8956554680913,3091.907124775471,1273.3526672935132,0.1607717041800643
COW02288,113,491.8,Guernsey,Healthy,2.4,21.7,19.1,Mid,0,35.53526549386607,42.870717377602034,53.88905233197402,0.044123627490849936,0.044123627490849936,1523.4223239255862,2904.0299612382346,1169.3924356038362,0.22976819845465635
COW02289,56,653.9,Guernsey,Healthy,3.4,16.6,23.63,Mid,0,42.0,40.85048834686862,61.274734783735745,0.02538614467043891,0.02538614467043891,1715.7205105684823,3754.5931228171553,1017.1605974100135,0.0856400061171433
COW02290,54,527.4,Brown Swiss,Mastitis,2.5,29.8,18.82,Early,1,44.490626098027974,98.0,81.48131445448979,0.05650360257868791,0.05650360257868791,4360.081357606741,6639.204605231447,2428.143170743796,0.10238907849829353
COW02291,46,499.5,Guernsey,Mastitis,3.6,15.0,19.79,Late,1,23.802963989244436,94.18109623033115,44.298185754609236,0.03003003003003003,0.03003003003003003,2241.789242038137,1962.3292611498646,664.4727863191385,0.0920920920920921
COW02292,37,535.8,Ayrshire,Healthy,4.8,18.3,18.35,Mid,0,32.450049918657484,95.0,59.5075873576506,0.03415453527435611,0.03415453527435611,3082.754742272461,3541.1529531284177,1088.988848645006,0.06905561776782382
COW02293,92,610.6,Brown Swiss,Bloat,2.6,25.2,18.92,Mid,1,48.44648483325477,68.3836840709948,78.43942849225593,0.04127088110055683,0.04127088110055683,3312.9491131875357,6152.743942191731,1976.6735980048493,0.15067147068457254
COW02294,89,531.8,Jersey,Healthy,2.3,26.6,16.28,Mid,0,40.66367266918844,40.0,59.436407203026135,0.05001880406167733,0.05001880406167733,1626.5469067675376,3532.686501203937,1581.0084316004952,0.1673561489281685
COW02295,98,510.3,Ayrshire,Healthy,4.5,28.4,17.17,Early,0,34.95596104879561,58.05675140776916,56.29889204461361,0.05565353713501861,0.05565353713501861,2029.4295408295884,3169.5652454510573,1598.8885340670265,0.19204389574759945
COW02296,30,534.1,Ayrshire,Bloat,3.4,21.4,22.91,Mid,1,26.563316344925525,95.0,49.205803603619664,0.0400674031080322,0.0400674031080322,2523.5150527679248,2421.2111082779898,1053.0041971174608,0.05616925669350309
COW02297,65,448.3,Guernsey,Healthy,4.6,20.2,18.0,Early,0,43.697627184430665,82.31820158254426,75.47538155212646,0.04505911220165068,0.04505911220165068,3597.1100832468296,5696.533220439072,1524.6027073529544,0.14499219272808386
COW02298,35,581.8,Guernsey,Healthy,2.9,19.2,22.51,Early,0,33.77019007594052,84.24391930144373,59.73435935686401,0.03300103128222757,0.03300103128222757,2844.933167551949,3568.193687774967,1146.899699651789,0.06015812994156068
COW02299,108,407.1,Holstein,Healthy,3.9,24.2,22.08,Late,0,25.86478178656025,95.0,47.983368126480435,0.0594448538442643,0.0594448538442643,2457.154269723224,2302.4036167613385,1161.1975086608265,0.26529108327192336
COW02300,40,514.5,Brown Swiss,Ketosis,4.8,20.3,20.62,Mid,1,40.924485841053155,92.91628226863443,73.78515480721944,0.039455782312925174,0.039455782312925174,3802.551078106028,5444.2490699253385,1497.8386425865547,0.07774538386783285
COW02301,27,610.8,Holstein,Healthy,2.5,19.9,20.38,Late,0,25.530772804439557,95.0,47.398852407769226,0.03258022265880812,0.03258022265880812,2425.423416421758,2246.6512095734906,943.2371629146076,0.04420432220039293
COW02302,73,574.2,Brown Swiss,Mastitis,4.4,14.3,22.4,Mid,1,32.398232227175804,61.82366026907157,53.445751728308366,0.02490421455938697,0.02490421455938697,2002.9773025314028,2856.4483778039767,764.2742497148097,0.12713340299547196
COW02303,106,597.2,Ayrshire,Healthy,3.9,31.1,20.99,Early,0,36.497991393527144,81.01591518442383,63.50128307966295,0.05207635632953784,0.05207635632953784,2956.918175139826,4032.4129527634877,1974.8899037775177,0.17749497655726723
COW02304,110,544.8,Jersey,Healthy,4.4,15.1,24.3,Mid,0,36.425852093382346,60.2987610106653,58.82199758905712,0.027716593245227607,0.027716593245227607,2196.4337499887047,3460.0274003670415,888.2121635947625,0.20190895741556536
COW02305,22,643.6,Ayrshire,Healthy,2.5,18.9,25.93,Early,0,38.62502923548026,50.34043743057168,59.495009073208855,0.029366065879428215,0.029366065879428215,1944.4008674826962,3539.656104621204,1124.4556714836474,0.03418272218769422
COW02306,47,624.0,Holstein,Healthy,3.3,30.6,25.77,Mid,0,29.17424243218751,71.68240915156203,50.329926855034344,0.04903846153846154,0.04903846153846154,2091.279982710927,2533.101537233107,1540.095761764051,0.07532051282051282
COW02307,28,585.7,Holstein,Healthy,2.4,27.2,15.5,Late,0,38.274227428041016,51.205472140865155,59.24429281694514,0.04644015707700187,0.04644015707700187,1959.8498862796912,3509.8862313799377,1611.4447646209078,0.04780604404985487
COW02308,45,624.2,Ayrshire,Healthy,4.9,24.4,20.99,Mid,0,22.856628223698262,74.23196932247978,40.96282424769047,0.03909003524511374,0.03909003524511374,1696.692525116895,1677.9529703471783,999.4929116436474,0.07209227811598846
COW02309,69,610.0,Holstein,Healthy,2.2,25.9,22.47,Mid,0,34.11499292328928,95.0,62.42123761575624,0.04245901639344262,0.04245901639344262,3240.9243277124815,3896.4109054827018,1616.7100542480866,0.11311475409836065
COW02310,42,514.8,Guernsey,Healthy,2.2,15.7,21.81,Late,0,33.32809047843933,77.01977538748066,57.64084515438455,0.0304972804972805,0.0304972804972805,2566.92204274303,3322.4670301117367,904.9612689238375,0.0815850815850816
COW02311,19,442.5,Guernsey,Mastitis,4.7,28.6,14.33,Mid,1,46.492916564100554,75.96846849539526,77.97483046053267,0.06463276836158192,0.06463276836158192,3531.9956672589133,6080.074185348813,2230.0801511712343,0.04293785310734463
COW02312,67,583.6,Jersey,Foot and Mouth,2.9,18.5,17.76,Mid,1,45.77988865988443,68.44833722394668,74.50292293832425,0.03169979437971213,0.03169979437971213,3133.5572570665017,5550.685526353881,1378.3040743589986,0.11480466072652501
COW02313,17,593.7,Holstein,Healthy,3.8,31.2,23.61,Mid,0,49.0,66.8984801669366,78.74687413776007,0.05255179383527033,0.05255179383527033,3278.025528179893,6201.070186468226,2456.902473098114,0.028633990230756273
COW02314,36,637.2,Jersey,Healthy,2.9,18.2,20.48,Mid,0,42.0,43.054559832399626,61.8830585137423,0.028562460765850593,0.028562460765850593,1808.2915129607843,3829.5129310152533,1126.2716649501099,0.05649717514124293
COW02315,12,475.1,Holstein,Healthy,3.9,25.3,14.87,Early,0,49.0,71.96065032881862,80.49838501377124,0.053251946958535044,0.053251946958535044,3526.0718661121123,6479.989989825351,2036.6091408484124,0.025257840454641127
COW02316,21,477.5,Guernsey,Healthy,2.6,23.8,16.43,Mid,0,38.18079692518297,49.046551563027805,58.60829836615517,0.04984293193717278,0.04984293193717278,1872.63642510848,3434.9326373762665,1394.877501114493,0.04397905759162304
COW02317,59,586.8,Ayrshire,Healthy,3.4,16.6,23.0,Mid,0,20.15103425996682,85.39727005157344,37.43205366571583,0.028289025221540563,0.028289025221540563,1720.843314516895,1401.1586416330297,621.3720908508827,0.1005453306066803
COW02318,103,544.3,Ayrshire,Healthy,3.6,20.5,19.41,Early,0,35.73079808667401,65.98626633016258,59.06003570516114,0.0376630534631637,0.0376630534631637,2357.7419587365343,3488.087817494909,1210.7307319558033,0.18923387837589567
COW02319,95,399.1,Ayrshire,Healthy,3.0,28.1,20.48,Late,0,38.080861506654074,93.02762811548352,68.8944329822761,0.0704084189426209,0.0704084189426209,3542.5722225582467,4746.442895949333,1935.9335668019585,0.238035580055124
COW02320,22,580.0,Guernsey,Healthy,2.8,17.8,18.03,Early,0,37.83123243597237,70.89618717920314,63.276836354979025,0.030689655172413795,0.030689655172413795,2682.0901360006383,4003.9580190947954,1126.3276871186267,0.03793103448275862
COW02321,15,401.8,Ayrshire,Ketosis,2.4,31.3,13.55,Mid,1,37.967625155120906,57.29905379956718,60.27812634100978,0.07789945246391239,0.07789945246391239,2175.508996405073,3633.452515182737,1886.7053544736061,0.03733200597312095
COW02322,48,474.4,Guernsey,Healthy,4.1,19.3,23.94,Late,0,33.600054882005075,55.869714752654744,54.00705980053346,0.040682967959527826,0.040682967959527826,1877.225481931168,2916.7625082983973,1042.3362541502959,0.10118043844856661
COW02323,82,658.1,Guernsey,Healthy,2.5,25.3,24.09,Mid,0,37.880908021122636,60.310201657666674,60.8661093954884,0.038444005470293266,0.038444005470293266,2284.605201729429,3704.6832729435614,1539.9125677058566,0.12460112444917186
COW02324,92,696.0,Ayrshire,Healthy,2.9,25.1,22.65,Late,0,38.24126647107134,41.12573192231392,56.797908512634386,0.0360632183908046,0.0360632183908046,1572.7000732590516,3226.002411409586,1425.6275036671232,0.13218390804597702
COW02325,100,452.7,Jersey,Mastitis,3.0,22.5,19.13,Late,1,25.790804027691216,70.59088759566865,45.07351288958338,0.04970178926441352,0.04970178926441352,1820.5957481206688,2031.6215642074387,1014.1540400156259,0.2208968411751712
COW02326,48,523.6,Brown Swiss,Healthy,3.4,25.8,24.63,Mid,0,42.0,47.874003873003616,63.213225068949,0.0492742551566081,0.0492742551566081,2010.7081626661518,3995.9118236176023,1630.9012067788842,0.09167303284950343
COW02327,30,553.4,Ayrshire,Healthy,4.1,27.4,22.07,Late,0,52.0,83.0,89.208,0.049512106975063246,0.049512106975063246,4316.0,7958.067263999999,2444.2992,0.05421033610408385
COW02328,14,692.5,Jersey,Mastitis,3.3,25.1,24.2,Mid,1,36.089399993809145,95.0,65.876449989166,0.03624548736462094,0.03624548736462094,3428.492999411869,4339.7066631750895,1653.4988947280667,0.020216606498194945
COW02329,27,510.6,Jersey,Healthy,4.6,24.1,18.46,Mid,0,52.0,98.0,94.84800000000001,0.04719937328632981,0.04719937328632981,5096.0,8996.143104000002,2285.8368000000005,0.052878965922444184
COW02330,19,511.8,Holstein,Healthy,4.0,24.9,19.61,Mid,0,34.56577479683261,95.0,63.21010589445707,0.04865181711606096,0.04865181711606096,3283.7486056990983,3995.517487188477,1573.931636771981,0.03712387651426338
COW02331,104,673.9,Jersey,Healthy,4.5,21.2,24.0,Mid,0,42.799079128919765,70.32796240633861,70.61175699666887,0.03145867339367859,0.03145867339367859,3009.972028004581,4986.0202261566155,1496.96924832938,0.15432556759163082
COW02332,40,520.0,Brown Swiss,Mastitis,4.1,15.3,19.26,Mid,1,28.317081474344224,95.0,52.274892580102396,0.029423076923076923,0.029423076923076923,2690.1227400627013,2732.6643942612445,799.8058564755667,0.07692307692307693
COW02333,100,607.8,Ayrshire,Ketosis,2.4,16.9,22.05,Early,1,34.9384648820734,58.69850979317816,56.40654472583103,0.02780519907864429,0.02780519907864429,2050.8358230389968,3181.6982879071766,953.2706058665444,0.16452780519907867
COW02334,71,431.8,Holstein,Mastitis,4.9,24.9,18.88,Mid,1,43.88676450890282,75.8552535148713,73.87667157868358,0.057665585919407125,0.057665585919407125,3329.0416477702793,5457.762603544675,1839.529122309221,0.16442797591477534
COW02335,70,536.3,Guernsey,Healthy,4.4,30.7,22.58,Late,0,23.386302429295753,85.89002722821381,42.82737954676836,0.05724407980607869,0.05724407980607869,2008.650152419455,1834.184438842953,1314.8005520857887,0.13052396046988626
COW02336,61,417.2,Guernsey,Healthy,3.7,14.5,16.72,Late,0,20.986329286672003,87.7029104499819,38.96546590556848,0.03475551294343241,0.03475551294343241,1840.5621581028272,1518.3075332380195,564.9992556307429,0.14621284755512945
COW02337,100,465.6,Ayrshire,Healthy,2.5,23.8,22.02,Late,0,41.7102279967833,54.307766800090505,64.59975733049275,0.05111683848797251,0.05111683848797251,2265.189335227914,4173.128647158552,1537.4742244657275,0.21477663230240548
COW02338,16,617.1,Guernsey,Foot and Mouth,2.5,18.5,21.33,Early,1,37.0655035461393,95.0,67.58463120574376,0.02997893372224923,0.02997893372224923,3521.2228368832334,4567.682375216394,1250.3156773062597,0.02592772646248582
COW02339,22,546.0,Holstein,Bloat,3.8,24.1,19.56,Mid,1,33.887590013402445,74.76202591255996,58.079389106275336,0.04413919413919414,0.04413919413919414,2533.504882696202,3373.215438958134,1399.7132774612357,0.040293040293040296
COW02340,57,524.5,Brown Swiss,Foot and Mouth,3.2,27.5,22.35,Mid,1,49.0,69.88485595829589,79.78016016157038,0.052430886558627265,0.052430886558627265,3424.3579419564985,6364.873955405821,2193.9544044431855,0.10867492850333652
COW02341,54,490.1,Ayrshire,Healthy,4.0,27.2,19.83,Early,0,33.76196207619678,65.02641291041631,55.99995906818336,0.055498877780044885,0.055498877780044885,2195.4192866325884,3135.9954156382114,1523.1988866545873,0.11018159559273617
COW02342,70,532.3,Ayrshire,Mastitis,3.1,27.0,19.86,Mid,1,18.0,87.44544428861713,33.94803599439021,0.050723276347924104,0.050723276347924104,1574.0179971951084,1152.4691478764132,916.5969718485356,0.1315047905316551
COW02343,91,574.1,Guernsey,Bloat,3.5,28.0,23.39,Mid,1,42.0,40.168589603817345,61.086530730653585,0.04877199094234454,0.04877199094234454,1687.0807633603285,3731.564236707085,1710.4228604583004,0.15850897056261976
COW02344,75,628.6,Ayrshire,Mastitis,2.6,15.3,24.2,Late,1,26.13399486213605,95.0,48.45449100873809,0.02433980273623926,0.02433980273623926,2482.7295119029245,2347.83769891588,741.3537124336927,0.11931275851097677
COW02345,39,340.0,Guernsey,Mastitis,2.5,23.2,17.17,Early,1,34.25584466125601,62.857459431173105,56.28555523167056,0.06823529411764706,0.06823529411764706,2153.2353660754675,3168.0637277374367,1305.8248813747568,0.11470588235294117
COW02346,47,483.5,Holstein,Healthy,2.2,18.7,18.97,Late,0,35.91575188361328,95.0,65.57256579632325,0.03867631851085832,0.03867631851085832,3411.996428943262,4299.761385113141,1226.2069803912448,0.09720785935884178
COW02347,93,562.7,Ayrshire,Healthy,4.5,30.6,21.41,Late,0,25.0,95.0,46.47,0.054380664652567974,0.054380664652567974,2375.0,2159.4609,1421.982,0.16527456904211835
COW02348,33,542.1,Holstein,Healthy,3.7,28.1,19.22,Mid,0,45.07403477529278,72.5510382975576,74.71355853746303,0.051835454713152554,0.051835454713152554,3270.168023207709,5582.1158293309145,2099.450994902711,0.060874377421140005
COW02349,66,582.3,Jersey,Healthy,4.8,15.9,25.9,Early,0,36.82167718428512,79.98550135139749,63.79143265467046,0.027305512622359612,0.027305512622359612,2945.2003101843598,4069.3468801353565,1014.2837792092603,0.11334363730036065
COW02350,70,571.4,Jersey,Foot and Mouth,4.2,18.4,22.8,Early,1,37.66531932911704,58.801247994524466,60.212553578725775,0.032201610080504026,0.032201610080504026,2214.767782664367,3625.551608470922,1107.9109858485542,0.12250612530626531
COW02351,93,525.6,Guernsey,Bloat,4.3,22.2,21.46,Late,1,23.504964034578922,89.34567240717814,43.33886256678941,0.04223744292237443,0.04223744292237443,2100.0668165759926,1878.2570085830603,962.1227489827248,0.1769406392694064
COW02352,89,507.9,Holstein,Foot and Mouth,3.5,31.3,18.92,Early,1,49.0,68.64589654802388,79.35148020561627,0.06162630439062808,0.06162630439062808,3363.6489308531704,6296.65741082231,2483.7013304357893,0.1752313447529041
COW02353,62,530.4,Guernsey,Healthy,4.4,16.0,23.25,Early,0,25.13957701581121,68.03353073997303,43.818175043043965,0.030165912518853696,0.030165912518853696,1710.3341856951115,1920.032464102841,701.0908006887034,0.11689291101055807
COW02354,45,641.9,Ayrshire,Healthy,4.8,24.2,20.76,Late,0,33.73095724088526,62.2398089143197,55.41631664074404,0.037700576413771614,0.037700576413771614,2099.408333169787,3070.968150027205,1341.074862706006,0.07010437762891417
COW02355,51,491.4,Guernsey,Healthy,4.2,20.1,19.04,Mid,0,23.62058544234862,84.70175166668103,43.10646573747117,0.04090354090354091,0.04090354090354091,2000.704962359434,1858.1673883757758,866.4399613231706,0.10378510378510379
COW02356,56,545.0,Jersey,Foot and Mouth,2.3,25.6,23.38,Mid,1,37.265125913446646,68.78018542384197,61.93877673142086,0.04697247706422018,0.04697247706422018,2563.102270169679,3836.412062984802,1585.6326843243742,0.10275229357798166
COW02357,35,564.7,Ayrshire,Mastitis,4.0,25.7,21.93,Early,1,32.596079989728395,66.4395533380743,54.56625826199698,0.045510890738445185,0.045510890738445185,2165.668995089696,2977.4765407149534,1402.3528373333222,0.06197981228971135
COW02358,79,674.8,Jersey,Ketosis,2.4,18.3,17.04,Mid,1,27.768113656295853,78.40137314641322,49.09527559534582,0.027119146413752227,0.027119146413752227,2177.058240339264,2410.3460857829587,898.4435433948285,0.1170717249555424
COW02359,34,526.0,Guernsey,Healthy,2.2,28.1,20.06,Late,0,40.95936373338732,47.182657813888646,61.69890469458004,0.053422053231939166,0.053422053231939166,1932.5716433070145,3806.7548405108705,1733.739221917699,0.06463878326996197
COW02360,82,626.7,Brown Swiss,Healthy,4.1,15.6,23.03,Mid,0,29.04140897088093,87.80335230156331,52.48877507732002,0.024892292963140255,0.024892292963140255,2549.9330632040396,2755.0715091174916,818.8248912061923,0.1308441040370193
COW02361,93,648.6,Holstein,Mastitis,4.5,28.7,22.05,Early,1,41.95737164586083,82.11157091744082,72.59368807866241,0.04424915201973481,0.04424915201973481,3445.185697408522,5269.843548862133,2083.438847857611,0.14338575393154487
COW02362,115,544.9,Holstein,Healthy,2.5,17.8,21.53,Early,0,37.097260668190216,59.17678041961389,59.50931664143449,0.03266654432005873,0.03266654432005873,2195.2964487306713,3541.3587671305118,1059.265836217534,0.21104789869700863
COW02363,24,533.1,Holstein,Ketosis,2.2,24.6,15.5,Mid,1,42.90503847629831,98.0,78.658968487811,0.04614518851997749,0.04614518851997749,4204.693770677234,6187.233323566443,1935.0106248001505,0.04501969611705121
COW02364,94,523.7,Ayrshire,Healthy,4.7,20.3,14.31,Early,0,21.77034539883205,84.85185382352908,40.07015102317181,0.038762650372350584,0.038762650372350584,1847.254165469436,1605.6170030197968,813.4240657703878,0.17949207561581057
COW02365,21,529.5,Ayrshire,Healthy,2.4,25.0,17.37,Late,0,30.14117072118435,95.0,55.46704876207261,0.047214353163361665,0.047214353163361665,2863.411218512513,3076.5934983741404,1386.6762190518152,0.039660056657223795
COW02366,48,618.3,Brown Swiss,Healthy,2.1,18.8,22.81,Early,0,49.0,60.93863353959082,76.68476720469843,0.03040595180333172,0.03040595180333172,2985.9930434399503,5880.553521238792,1441.6736234483305,0.07763221737020864
COW02367,31,568.5,Ayrshire,Bloat,4.2,24.2,12.76,Early,1,34.18831360297137,63.4012957228294,56.29669810835785,0.04256816182937555,0.04256816182937555,2167.583381006819,3169.3182179035825,1362.38009422226,0.05452946350043975
COW02368,29,568.8,Holstein,Healthy,4.5,14.1,18.62,Late,0,36.80129749147794,47.55159401892557,56.4932120313017,0.02478902953586498,0.02478902953586498,1749.960357684463,3191.4830056136116,796.554289641354,0.050984528832630105
COW02369,30,460.0,Ayrshire,Mastitis,3.5,20.7,14.66,Late,1,39.71414957398667,91.8535843309434,71.42327338579233,0.045,0.045,3647.8869870258845,5101.283981141631,1478.4617590859011,0.06521739130434782
COW02370,16,472.6,Jersey,Mastitis,3.6,28.9,18.22,Mid,1,44.31381078775866,82.21521041072566,76.44475111122907,0.06115107913669064,0.06115107913669064,3643.269278016663,5843.799972457758,2209.25330711452,0.033855268726195514
COW02371,100,721.5,Holstein,Healthy,3.0,22.3,28.55,Late,0,42.0,40.0,61.04,0.03090783090783091,0.03090783090783091,1680.0,3725.8815999999997,1361.192,0.1386001386001386
COW02372,18,535.8,Guernsey,Mastitis,2.7,23.0,19.16,Early,1,42.0,49.93823814113445,63.78295372695311,0.04292646509891751,0.04292646509891751,2097.4060019276467,4068.2651861346417,1467.0079357199215,0.0335946248600224
COW02373,55,488.0,Jersey,Bloat,4.3,25.2,20.47,Mid,1,52.0,65.0,82.44,0.05163934426229508,0.05163934426229508,3380.0,6796.3535999999995,2077.488,0.11270491803278689
COW02374,87,664.5,Jersey,Healthy,4.5,21.8,25.25,Early,0,45.36548123168744,72.77042715265681,75.22609794752468,0.03280662151993981,0.03280662151993981,3301.2654472157305,5658.965812410576,1639.9289352560381,0.1309255079006772
COW02375,118,572.5,Guernsey,Mastitis,3.0,29.6,21.4,Mid,1,42.0,46.66323236257133,62.87905213206969,0.05170305676855896,0.05170305676855896,1959.8557592279958,3953.7751970275376,1861.2199431092629,0.20611353711790392
COW02376,104,596.3,Jersey,Healthy,2.8,21.3,21.53,Mid,0,25.56478156358453,83.38699779762622,46.16180140740363,0.035720275029347645,0.035720275029347645,2131.7703839394185,2130.9119091765715,983.2463699776973,0.17440885460338756
COW02377,26,539.0,Guernsey,Healthy,2.8,31.0,22.53,Late,0,28.788768138041526,90.90145492178135,52.51061409323468,0.0575139146567718,0.0575139146567718,2616.940909153797,2757.3645924486163,1627.8290368902751,0.04823747680890538
COW02378,118,524.5,Holstein,Healthy,2.2,29.8,21.95,Early,0,36.14559773465159,51.843265785463814,56.59010621793449,0.056816015252621546,0.056816015252621546,1873.905830332001,3202.440121757108,1686.385165294448,0.224976167778837
COW02379,82,536.4,Holstein,Foot and Mouth,2.8,21.6,22.36,Mid,1,29.540758640066148,95.0,54.41632762011576,0.04026845637583893,0.04026845637583893,2806.3720708062842,2961.136711659773,1175.3926765945005,0.1528709917971663
COW02380,31,439.4,Jersey,Healthy,2.1,20.6,18.93,Late,0,21.838659303868823,80.64425999269223,39.86977919207762,0.046882111970869375,0.046882111970869375,1761.1625187930244,1589.5992928250257,821.3174513567991,0.07055075102412381
COW02381,60,543.0,Guernsey,Healthy,4.4,26.2,20.65,Mid,0,41.88760699154293,41.92442981398497,61.434108093947785,0.048250460405156535,0.048250460405156535,1756.1140393927278,3774.149637298861,1609.573632061432,0.11049723756906077
COW02382,111,573.7,Jersey,Mastitis,2.8,27.6,23.9,Early,1,49.0,70.3806810588186,79.95171564635123,0.048108767648596826,0.048108767648596826,3448.653371882111,6392.276834795004,2206.667351839294,0.1934809133693568
COW02383,54,698.0,Holstein,Healthy,4.1,17.3,22.4,Mid,0,34.06157906373077,69.1871277351164,57.252545072548926,0.02478510028653295,0.02478510028653295,2356.6228215421074,3277.8539172842466,990.4690297550965,0.07736389684813753
COW02384,31,556.9,Guernsey,Mastitis,3.6,18.3,23.76,Mid,1,38.349058688494765,46.45903006591301,58.205747327386746,0.03286047764410128,0.03286047764410128,1781.6600706082409,3387.9090219395894,1065.1651760911775,0.055665289998204345
COW02385,106,363.3,Brown Swiss,Bloat,4.5,16.6,16.6,Mid,1,18.0,95.0,34.22,0.04569226534544454,0.04569226534544454,1710.0,1171.0084,568.052,0.2917698871456097
COW02386,114,542.5,Brown Swiss,Healthy,4.9,27.7,24.72,Mid,0,31.091617785563027,72.44064231371709,53.364809364862914,0.05105990783410138,0.05105990783410138,2252.296762958776,2847.8028785481606,1478.2052194067028,0.21013824884792626
COW02387,117,769.2,Jersey,Healthy,3.1,26.9,24.93,Mid,0,43.28936999581429,83.55959554604198,75.17133672095346,0.03497139885595423,0.03497139885595423,3617.242248293207,5650.729864414967,2022.108957793648,0.15210608424336972
COW02388,115,619.3,Holstein,Ketosis,2.3,17.4,19.6,Mid,1,25.0,95.0,46.47,0.028096237687711932,0.028096237687711932,2375.0,2159.4609,808.5779999999999,0.18569352494752142
COW02389,106,485.1,Holstein,Healthy,4.2,23.7,21.96,Mid,0,33.94774926427624,46.768471898636946,52.70038303290004,0.04885590599876314,0.04885590599876314,1587.6843574882764,2777.330371814379,1248.999077879731,0.21851164708307563
COW02390,61,597.3,Guernsey,Healthy,2.1,27.8,20.56,Early,0,29.76993874475393,95.0,54.81739280331937,0.04654277582454378,0.04654277582454378,2828.1441807516235,3004.9465537534106,1523.9235199322786,0.10212623472291982
COW02391,32,490.6,Holstein,Ketosis,2.7,31.0,20.02,Early,1,27.472961958003815,95.0,50.79768342650667,0.0631879331430901,0.0631879331430901,2609.9313860103625,2580.4046414995905,1574.728186221707,0.06522625356706074
COW02392,78,441.7,Jersey,Bloat,2.2,17.2,19.28,Mid,1,42.0,53.74240942988603,64.83290500264854,0.038940457323975546,0.038940457323975546,2257.181196055213,4203.305571082451,1115.1259660455548,0.17659044600407517
COW02393,35,522.1,Ayrshire,Mastitis,4.7,19.5,20.12,Late,1,45.00919728395764,82.6768751025732,77.714085635524,0.037349166826278486,0.037349166826278486,3721.219782312843,6039.479106165558,1515.424669892718,0.06703696609844857
COW02394,63,557.3,Jersey,Healthy,2.0,20.3,24.1,Mid,0,22.676013890882324,81.31570996893458,41.27051056520446,0.03642562354207788,0.03642562354207788,1843.9161688025188,1703.2550423126531,837.7913644736506,0.11304503857886238
COW02395,82,400.2,Guernsey,Bloat,3.5,25.2,21.3,Early,1,32.185845833697606,64.05966709962125,53.542230298876625,0.06296851574212893,0.06296851574212893,2061.8145694264003,2866.770425377942,1349.264203531691,0.20489755122438782
COW02396,114,458.1,Jersey,Mastitis,3.3,16.5,17.31,Mid,1,42.0,50.711526989995235,63.99638144923869,0.03601833660772757,0.03601833660772757,2129.8841335797997,4095.536838596462,1055.9402939124384,0.24885396201702684
COW02397,43,550.8,Ayrshire,Mastitis,4.0,17.5,18.45,Mid,1,49.0,58.0,75.668,0.031771968046477854,0.031771968046477854,2842.0,5725.646224000001,1324.19,0.07806826434277415
COW02398,39,517.3,Ayrshire,Foot and Mouth,2.9,28.0,21.24,Mid,1,39.98197958543098,65.52240775697106,65.14751264461597,0.05412719891745603,0.05412719891745603,2619.7155693275013,4244.198403780398,1824.1303540492472,0.07539145563502804
COW02399,91,581.6,Brown Swiss,Mastitis,4.6,23.8,22.98,Mid,1,28.436542216171485,88.41316184751605,51.5593845603158,0.04092159559834938,0.04092159559834938,2514.1646093420923,2658.3701362385314,1227.113352535516,0.15646492434662998
COW02400,12,452.8,Guernsey,Healthy,4.2,16.9,16.64,Late,0,44.11135594552193,98.0,80.80621358302903,0.03732332155477031,0.03732332155477031,4322.912882661149,6529.644153626106,1365.6250095531905,0.026501766784452298
COW02401,73,607.1,Brown Swiss,Healthy,3.3,21.0,26.44,Early,0,24.086086833449702,95.0,44.87065195853698,0.034590676988963925,0.034590676988963925,2288.1782491777217,2013.3754071841586,942.2836911292766,0.12024378191401745
COW02402,92,455.3,Ayrshire,Healthy,3.1,16.4,22.63,Mid,0,18.0,88.98860836318158,34.003589901074534,0.03602020645728091,0.03602020645728091,1601.7949505372685,1156.244126160458,557.6588743776223,0.20206457280913684
COW02403,71,681.4,Jersey,Healthy,4.4,20.5,21.77,Mid,0,47.83674029657986,98.0,87.43739772791216,0.03008511887290872,0.03008511887290872,4688.000549064826,7645.2985214290975,1792.4666534221992,0.10419724097446434
COW02404,53,412.7,Ayrshire,Healthy,4.3,21.2,17.98,Mid,0,30.733488917034514,95.0,56.5036056048104,0.05136903319602617,0.05136903319602617,2919.681447118279,3192.6574463439615,1197.8764388219804,0.12842258299006543
COW02405,101,462.6,Guernsey,Healthy,3.2,16.0,19.96,Early,0,52.0,65.0,82.44,0.03458711629917855,0.03458711629917855,3380.0,6796.3535999999995,1319.04,0.21833117163856464
COW02406,52,583.4,Guernsey,Foot and Mouth,3.0,15.1,20.98,Mid,1,37.87994007412118,95.0,69.00989512971208,0.025882756256427837,0.025882756256427837,3598.594307041512,4762.365625813859,1042.0494164586523,0.08913267055193692
COW02407,88,683.1,Jersey,Healthy,2.1,29.9,26.51,Early,0,52.0,78.24192522768544,87.41896388560974,0.043771043771043766,0.043771043771043766,4068.580111839643,7642.07524683354,2613.8270201797313,0.1288244766505636
COW02408,62,575.2,Ayrshire,Healthy,2.2,30.0,24.4,Mid,0,41.272522864970576,48.018943739408115,62.32191992786626,0.0521557719054242,0.0521557719054242,1981.862953436457,3884.021703495374,1869.6575978359879,0.10778859527121
COW02409,14,595.0,Guernsey,Healthy,2.2,14.0,20.25,Mid,0,34.08502996896361,87.2721552552247,60.84757389172233,0.023529411764705882,0.023529411764705882,2974.674027330379,3702.4272485086085,851.8660344841126,0.023529411764705882
COW02410,69,551.4,Ayrshire,Healthy,2.1,25.5,23.45,Mid,0,18.0,83.99916054227097,33.823969779521754,0.046245919477693145,0.046245919477693145,1511.9848897608774,1144.0609316460009,862.5112293778047,0.1251360174102285
COW02411,17,467.9,Ayrshire,Mastitis,2.5,15.7,20.89,Late,1,29.241866507932563,60.070593419165306,48.70909049214149,0.03355417824321436,0.03355417824321436,1756.5762738155242,2372.5754965716287,764.7327207266214,0.03633254969010472
COW02412,112,510.8,Holstein,Healthy,4.6,28.6,20.96,Late,0,52.0,98.0,94.84800000000001,0.055990602975724356,0.055990602975724356,5096.0,8996.143104000002,2712.6528000000003,0.21926389976507438
COW02413,76,453.0,Ayrshire,Healthy,4.4,29.8,21.63,Mid,0,25.123565456236182,63.007552995305225,43.255508552813204,0.06578366445916115,0.06578366445916115,1582.974381914821,1871.0390201624962,1289.0141548738336,0.16777041942604856
COW02414,52,447.7,Ayrshire,Foot and Mouth,4.5,25.1,21.67,Late,1,36.375427130269934,67.44189354744209,60.32098587600831,0.056064328791601524,0.056064328791601524,2453.227684262402,3638.621337053594,1514.0567454878087,0.11614920705829797
COW02415,64,582.1,Jersey,Healthy,3.9,25.0,23.28,Late,0,39.45396003391507,48.705485790835084,60.16582097149206,0.042947947088129185,0.042947947088129185,1921.6242898240255,3619.9260131736337,1504.1455242873014,0.10994674454561072
COW02416,78,460.1,Ayrshire,Healthy,3.9,20.7,18.77,Early,0,41.87282997215978,40.0,60.88739596659173,0.04499021951749619,0.04499021951749619,1674.913198886391,3707.274987592531,1260.3690965084488,0.16952836339926103
COW02417,40,575.6,Brown Swiss,Foot and Mouth,2.4,18.5,19.61,Mid,1,27.639640920261947,72.73113783573412,48.14105422288153,0.03214037526059763,0.03214037526059763,2010.2625335017685,2317.5611016904195,890.6095031233083,0.06949270326615706
COW02418,43,445.9,Jersey,Healthy,4.1,23.0,19.14,Mid,0,36.52508867043235,56.45972608034866,58.11183539470625,0.051581071989235255,0.051581071989235255,2062.1965013930567,3376.985412941434,1336.5722140782436,0.09643417806683113
COW02419,57,573.7,Jersey,Mastitis,2.8,16.4,20.05,Mid,1,36.6658472934913,95.0,66.88523276360976,0.02858636918249956,0.02858636918249956,3483.255492881673,4473.634361842257,1096.9178173232,0.09935506362210214
COW02420,39,510.9,Jersey,Foot and Mouth,3.6,26.1,16.81,Late,1,43.30017087413588,62.451451266786336,69.08871282878766,0.051086318261890785,0.051086318261890785,2704.158511189618,4773.250240338689,1803.2154048313582,0.07633587786259542
COW02421,93,662.5,Holstein,Bloat,4.9,22.5,24.76,Mid,1,41.41375718386743,42.12080373684782,60.909417392459375,0.033962264150943396,0.033962264150943396,1744.3807383471515,3709.9571270888327,1370.461891330336,0.14037735849056604
COW02422,23,575.9,Guernsey,Healthy,4.6,17.2,21.35,Early,0,23.0542035259338,75.07228668920592,41.34027130240343,0.02986629623198472,0.02986629623198472,1730.7317764902043,1709.0180313563205,711.0526664013389,0.03993748914742143
COW02423,101,648.9,Guernsey,Mastitis,2.7,24.6,19.42,Mid,1,31.570620909697652,41.807833375208304,48.835161307173195,0.03791030975496995,0.03791030975496995,1319.8992585445067,2384.872979897626,1201.3449681564607,0.15564801972568965
COW02424,49,489.5,Guernsey,Mastitis,4.2,28.3,19.99,Mid,1,24.69448695086322,91.18931027119075,45.54306120714048,0.05781409601634321,0.05781409601634321,2251.8732325501373,2074.1704241173443,1288.8686321620758,0.10010214504596528
COW02425,72,554.5,Brown Swiss,Healthy,2.3,24.6,21.36,Mid,0,19.237754214491464,95.0,36.386069875360064,0.04436429215509468,0.04436429215509468,1827.586650376689,1323.9460809745851,895.0973189338577,0.12984670874661858
COW02426,29,471.5,Jersey,Bloat,2.1,23.5,20.01,Early,1,35.312075655233194,58.86205769181015,56.958938560924906,0.04984093319194061,0.04984093319194061,2078.541434435901,3244.3206819872184,1338.5350561817354,0.061505832449628844
COW02427,53,516.9,Guernsey,Healthy,2.1,29.3,18.33,Mid,0,19.608065316173818,83.10471984193411,36.414600343130246,0.05668407815825112,0.05668407815825112,1629.5227747429703,1326.0231181499014,1066.9477900537163,0.10253433933062488
COW02428,93,529.0,Ayrshire,Bloat,2.5,14.2,18.08,Mid,1,30.664776626488035,95.0,56.38335909635406,0.026843100189035917,0.026843100189035917,2913.153779516363,3179.0831829884123,800.6436991682276,0.17580340264650285
COW02429,41,491.9,Holstein,Healthy,4.1,25.1,21.64,Early,0,26.182394540809376,94.71799305288977,48.50596327527539,0.05102663142915227,0.05102663142915227,2479.9438642244013,2352.828473262365,1217.4996782094124,0.08335027444602562
COW02430,26,452.8,Jersey,Healthy,3.1,21.4,15.34,Mid,0,20.705814343144688,83.81118450806149,38.24962916838455,0.047261484098939925,0.047261484098939925,1735.3788263029653,1463.0341315189344,818.5420642034294,0.05742049469964664
COW02431,68,436.9,Ayrshire,Healthy,2.0,17.5,19.79,Early,0,28.487973304542518,95.0,52.573953282949404,0.04005493247882811,0.04005493247882811,2706.3574639315393,2764.0205637977465,920.0441824516146,0.1556420233463035
COW02432,29,362.8,Ayrshire,Bloat,5.0,31.6,17.44,Mid,1,38.61803701081432,95.0,70.30156476892506,0.08710033076074973,0.08710033076074973,3668.71351602736,4942.310008959365,2221.529446698032,0.07993384785005513
COW02433,45,465.5,Ayrshire,Healthy,3.6,21.3,19.87,Early,0,52.0,87.32828713684206,90.83543596345262,0.04575725026852846,0.04575725026852846,4541.070931115787,8251.076426670503,1934.7947860215409,0.0966702470461869
COW02434,60,600.2,Holstein,Healthy,3.2,20.0,22.83,Early,0,26.43128953238515,85.14656605338568,47.78926151467452,0.033322225924691765,0.033322225924691765,2250.5335400453937,2283.813516117951,955.7852302934905,0.0999666777740753
COW02435,72,422.1,Brown Swiss,Healthy,3.6,17.0,24.23,Mid,0,28.331569308429675,75.135554271959,49.5328172654145,0.04027481639421938,0.04027481639421938,2128.7081633832854,2453.499986248945,842.0578935120465,0.17057569296375266
COW02436,81,440.6,Holstein,Mastitis,3.6,32.0,16.49,Early,1,30.901444036277688,73.1362065621361,53.18968542512949,0.07262823422605537,0.07262823422605537,2260.0143941054935,2829.1426356242323,1702.0699336041437,0.18384021788470267
COW02437,85,693.3,Ayrshire,Healthy,3.4,29.4,25.7,Early,0,24.177298212325205,89.10044214552838,44.453454506928765,0.04240588489831242,0.04240588489831242,2154.2079606024686,1976.1096175995854,1306.9315625037057,0.12260204817539305
COW02438,103,499.1,Brown Swiss,Healthy,3.8,15.3,14.64,Mid,0,43.27761399495259,74.20401180150145,72.45043929276872,0.030655179322781004,0.030655179322781004,3211.372579622286,5249.0661537151655,1108.4917211793615,0.2063714686435584
COW02439,19,575.7,Jersey,Mastitis,4.7,24.2,23.73,Early,1,20.211093741452807,90.2479364837712,37.813267181960974,0.04203578252562098,0.04203578252562098,1824.0095042461785,1429.8431749743668,915.0810658034555,0.033003300330033
COW02440,51,601.4,Holstein,Healthy,2.9,16.7,16.89,Early,0,29.16959432029139,76.12620038974853,50.97920642525106,0.02776854007316262,0.02776854007316262,2220.570382514173,2598.8794877483588,851.3527473016926,0.08480212836714333
COW02441,12,603.0,Guernsey,Healthy,3.5,26.9,26.21,Mid,0,40.56024490776841,47.88685275889221,61.37551388656338,0.04461028192371476,0.04461028192371476,1942.3024757629132,3766.9537048397347,1651.0013235485549,0.01990049751243781
COW02442,13,428.2,Ayrshire,Healthy,2.0,22.7,17.12,Mid,0,42.0,51.99523337441246,64.35068441133784,0.05301261092947221,0.05301261092947221,2183.799801725323,4141.010584207598,1460.760536137369,0.03035964502568893
COW02443,34,531.5,Ayrshire,Bloat,4.6,16.0,23.75,Mid,1,35.51178576597491,80.14366941124996,61.7291884038742,0.030103480714957668,0.030103480714957668,2846.044818631425,3810.4927010009965,987.6670144619872,0.06396989651928504
COW02444,76,420.5,Ayrshire,Foot and Mouth,2.9,24.0,22.95,Late,1,38.51108480880515,80.10921349891606,66.52406825343456,0.057074910820451845,0.057074910820451845,3085.0927150234347,4425.4516569876205,1596.5776380824295,0.1807372175980975
COW02445,108,745.7,Ayrshire,Healthy,2.8,30.4,22.67,Mid,0,32.753076332095446,95.0,60.03788358116703,0.040767064503151394,0.040767064503151394,3111.5422515490673,3604.5474649057655,1825.1516608674776,0.14483036073487998
COW02446,95,422.4,Guernsey,Healthy,5.0,20.1,19.26,Mid,0,37.4549988910503,72.36345452832903,63.04739275187219,0.04758522727272728,0.04758522727272728,2710.3731091111326,3974.973732808826,1267.2525943126311,0.22490530303030304
COW02447,81,466.2,Ayrshire,Healthy,3.8,14.9,18.7,Late,0,47.98653040449861,61.291860383553725,75.37503364680398,0.03196053196053196,0.03196053196053196,2941.1837218436845,5681.395697256833,1123.0880013373794,0.17374517374517376
COW02448,96,466.8,Ayrshire,Ketosis,2.4,31.0,22.64,Mid,1,23.81942838848388,77.88020763833244,42.79141309808238,0.0664095972579263,0.0664095972579263,1855.062028721515,1831.1050349307363,1326.5338060405538,0.20565552699228792
COW02449,30,430.3,Brown Swiss,Healthy,2.8,16.6,18.05,Mid,0,23.68541655610937,87.4618032142068,43.46952600081125,0.03857773646293284,0.03857773646293284,2071.5692418769536,1889.5996907352053,721.5941316134669,0.06971880083662561
COW02450,102,658.2,Guernsey,Healthy,3.1,22.6,20.81,Mid,0,23.31754805622888,81.16502862960192,42.29196887787978,0.03433606806441811,0.03433606806441811,1892.5694555559355,1788.610631567552,955.7984966400832,0.15496809480401094
COW02451,108,743.8,Ayrshire,Bloat,5.0,23.8,25.08,Mid,1,32.17115676556657,95.0,59.0195243397415,0.031997848884108636,0.031997848884108636,3056.2598927288245,3483.3042532893396,1404.6646792858478,0.14520032266738372
COW02452,22,511.9,Holstein,Healthy,3.3,18.3,17.42,Late,0,26.249898547728037,86.57724801205659,47.659234893026024,0.035749169759718695,0.035749169759718695,2272.6439768579744,2271.4026705886295,872.1639985423762,0.042977143973432316
COW02453,62,444.4,Guernsey,Healthy,2.7,17.2,19.55,Early,0,18.0,89.9074971891657,34.03666989880996,0.0387038703870387,0.0387038703870387,1618.3349494049826,1158.4948978005561,585.4307222595313,0.13951395139513953
COW02454,101,371.0,Jersey,Healthy,3.7,16.0,19.7,Late,0,22.782512984257565,92.42755806817748,42.373762443503225,0.0431266846361186,0.0431266846361186,2105.7320417914734,1795.5357436184443,677.9801990960516,0.2722371967654987
COW02455,63,530.5,Holstein,Healthy,3.2,15.3,19.82,Mid,0,32.88647380842927,93.32767078683274,59.96217446276835,0.028840716305372292,0.028840716305372292,3069.2180009328845,3595.462366303469,917.4212692803559,0.11875589066918002
COW02456,102,524.7,Holstein,Healthy,2.2,23.1,20.03,Mid,0,23.714102983816964,89.08088810545753,43.66836804409464,0.0440251572327044,0.0440251572327044,2112.4733544226956,1906.926367634506,1008.7393018185863,0.19439679817038305
COW02457,113,497.9,Holstein,Ketosis,4.6,29.2,24.47,Mid,1,49.0,70.27558428839635,79.91535216378514,0.05864631452098815,0.05864631452098815,3443.503630131421,6386.463511461799,2333.528283182526,0.22695320345450895
COW02458,63,567.7,Ayrshire,Healthy,2.0,16.3,21.36,Early,0,44.61808519577658,59.28929965039045,70.01055923695552,0.028712348071164347,0.028712348071164347,2645.3750229990474,4901.4784046712575,1141.172115562375,0.11097410604192354
COW02459,18,581.6,Guernsey,Healthy,4.7,26.6,19.36,Early,0,24.493269661785646,69.91445325708806,43.05127002922949,0.04573590096286107,0.04573590096286107,1712.4335568821655,1853.4118511296335,1145.1637827775046,0.030949105914718018
COW02460,48,575.8,Holstein,Foot and Mouth,4.4,21.4,21.16,Late,1,27.9816178599058,94.29721782455871,51.59238206537918,0.037165682528655784,0.037165682528655784,2638.5887144190997,2661.773887180059,1104.0769761991144,0.08336227856894755
COW02461,35,524.7,Guernsey,Foot and Mouth,2.2,14.6,21.62,Mid,1,29.31737609702781,95.0,54.025408169798666,0.027825424051839142,0.027825424051839142,2785.150729217642,2918.7447279133485,788.7709592790605,0.06670478368591576
COW02462,63,461.9,Guernsey,Mastitis,4.2,23.6,18.01,Late,1,38.872555550945926,53.34895317916107,60.55389664337507,0.05109331024031176,0.05109331024031176,2073.810146041752,3666.7743986965506,1429.0719607836518,0.13639315869235766
COW02463,75,603.3,Brown Swiss,Mastitis,4.3,18.5,23.5,Early,1,26.5956688285179,75.52175571804878,46.88691828366983,0.0306646776064976,0.0306646776064976,2008.5516044254534,2198.383106139532,867.4079882478918,0.12431626056688216
COW02464,62,551.0,Guernsey,Healthy,3.8,24.9,22.29,Early,0,49.0,66.83790343060598,78.72591458698966,0.04519056261343012,0.04519056261343012,3275.057268099693,6197.769627557991,1960.2752732160425,0.11252268602540835
COW02465,33,621.1,Ayrshire,Healthy,3.7,20.3,17.08,Mid,0,25.0,95.0,46.47,0.0326839478344872,0.0326839478344872,2375.0,2159.4609,943.341,0.053131540814683624
COW02466,44,613.2,Brown Swiss,Healthy,2.1,26.0,26.4,Early,0,46.21846336081674,98.0,84.5568647822538,0.042400521852576645,0.042400521852576645,4529.409409360041,7149.863381804353,2198.4784843385987,0.07175472928897586
COW02467,85,436.3,Guernsey,Healthy,2.2,30.5,24.08,Mid,0,24.28013847847682,76.81874070150134,43.413908741511825,0.06990602796241119,0.06990602796241119,1865.1696619746563,1884.767472216317,1324.1242166161107,0.19482007792803116
COW02468,14,435.3,Brown Swiss,Bloat,4.2,18.4,16.24,Late,1,34.529696210626945,95.0,63.14696836859715,0.04226969905812083,0.04226969905812083,3280.3211400095597,3987.539614144609,1161.9042179821874,0.03216172754422238
COW02469,35,489.6,Jersey,Mastitis,2.3,30.9,17.26,Late,1,36.399323146947886,46.464760882546216,55.741391413566284,0.06311274509803921,0.06311274509803921,1691.285846309463,3107.102716720401,1722.408994679198,0.07148692810457516
COW02470,108,465.5,Ayrshire,Healthy,2.7,17.7,20.96,Mid,0,34.79331793156531,64.00202721306623,57.286791237459795,0.03802363050483351,0.03802363050483351,2226.842881088908,3281.7764502843,1013.9762049030384,0.23200859291084855
COW02471,22,610.4,Brown Swiss,Healthy,3.5,15.3,17.28,Mid,0,44.76772697629511,98.0,81.9745540178053,0.025065530799475755,0.025065530799475755,4387.237243676921,6719.82750641808,1254.2106764724213,0.036041939711664486
COW02472,56,578.1,Guernsey,Bloat,2.5,17.5,25.26,Mid,1,31.018643091034303,95.0,57.00262540931003,0.030271579311537795,0.030271579311537795,2946.7710936482586,3249.299303554117,997.5459446629255,0.09686905379692094
COW02473,34,637.9,Guernsey,Healthy,4.4,28.7,20.63,Mid,0,32.10722327098527,88.88322607012756,57.8245299074803,0.044991377958927735,0.044991377958927735,2853.7935844790445,3343.6762590210833,1659.5640083446845,0.05329989026493181
COW02474,23,581.7,Guernsey,Healthy,4.4,26.2,24.61,Mid,0,46.24674126044676,59.31603779200303,72.28761808992545,0.045040398831012546,0.045040398831012546,2743.173452361646,5225.499729114917,1893.9355939560467,0.03953928141653773
COW02475,57,566.7,Guernsey,Healthy,4.5,31.5,19.67,Mid,0,38.306175379280695,84.70448460956791,67.29454294830369,0.05558496559025939,0.05558496559025939,3244.704842865691,4528.5555106210895,2119.7781028715663,0.10058231868713605
COW02476,68,646.0,Guernsey,Healthy,2.1,26.8,22.6,Early,0,41.16662166800515,49.760667485774114,62.65254693979533,0.04148606811145511,0.04148606811145511,2048.478572334268,3925.341638043257,1679.088257986515,0.10526315789473684
COW02477,31,587.6,Brown Swiss,Healthy,3.3,21.4,24.22,Early,0,49.0,69.6317786700721,79.69259541984495,0.036419332879509866,0.036419332879509866,3411.9571548335325,6350.909764751093,1705.4215419846819,0.052756977535738596
COW02478,20,555.4,Guernsey,Ketosis,4.5,30.1,19.26,Late,1,42.0,55.92793672010105,65.43611053474788,0.054195174648901695,0.054195174648901695,2348.973342244244,4281.884561915743,1969.6269270959115,0.036010082823190494
COW02479,26,668.4,Brown Swiss,Healthy,3.1,31.2,22.44,Mid,0,25.88192004097446,70.42372251339577,45.1915315416454,0.0466786355475763,0.0466786355475763,1822.7011550794823,2042.2745230795315,1409.9757840993366,0.03889886295631358
COW02480,82,559.2,Jersey,Healthy,4.1,28.2,24.64,Late,0,33.63203942458831,62.723457264736865,55.36863156928964,0.050429184549356215,0.050429184549356215,2109.51778757411,3065.6853618557375,1561.3954102539678,0.14663805436337624
COW02481,104,525.7,Guernsey,Mastitis,3.8,24.0,19.83,Mid,1,49.0,67.53185768441092,78.96602275880619,0.0456534144949591,0.0456534144949591,3309.061026536135,6235.632750344297,1895.1845462113486,0.19783146281148942
COW02482,31,483.0,Ayrshire,Healthy,3.0,28.9,16.64,Mid,0,39.929802959437104,70.11476831260386,66.24400456322329,0.0598343685300207,0.0598343685300207,2799.6688832688565,4388.268140572348,1914.451731877153,0.06418219461697723
COW02483,46,606.2,Guernsey,Mastitis,2.8,17.2,18.25,Mid,1,42.0,54.418911096890916,65.0196194627419,0.028373474100956777,0.028373474100956777,2285.5942660694186,4227.550915079765,1118.3374547591607,0.07588254701418673
COW02484,49,649.0,Guernsey,Mastitis,4.0,30.2,23.97,Late,1,31.18357867544821,95.0,57.29126268203437,0.04653312788906009,0.04653312788906009,2962.4399741675797,3282.2887797018643,1730.196132997438,0.07550077041602465
COW02485,50,546.0,Ayrshire,Healthy,2.4,32.0,22.27,Early,0,37.64995431811252,58.920557136907675,60.21896607279844,0.05860805860805861,0.05860805860805861,2218.356284602313,3626.3238748768495,1927.00691432955,0.09157509157509157
COW02486,38,654.6,Jersey,Healthy,4.6,26.0,24.83,Mid,0,18.0,91.82023427785772,34.10552843400288,0.039718912312862814,0.039718912312862814,1652.764217001439,1163.1870697625789,886.7437392840748,0.058050717995722576
COW02487,17,392.4,Holstein,Mastitis,3.7,17.5,17.24,Early,1,37.81565934726111,98.0,69.59987363812478,0.04459734964322121,0.04459734964322121,3705.934616031589,4844.142410442936,1217.9977886671836,0.04332313965341489
COW02488,68,545.6,Jersey,Mastitis,2.3,16.6,18.1,Early,1,41.52847547145047,69.14537327138038,68.38086600472968,0.030425219941348974,0.030425219941348974,2871.501937864807,4675.942835556795,1135.1223756785128,0.12463343108504399
COW02489,50,546.8,Guernsey,Mastitis,4.1,31.3,15.43,Early,1,30.85108577043812,95.0,56.709400098266705,0.057242136064374546,0.057242136064374546,2930.8531481916216,3215.9560595052917,1775.0042230757479,0.091441111923921
COW02490,48,491.8,Ayrshire,Healthy,3.3,29.7,27.76,Mid,0,28.334408089198508,80.24923056958785,50.24978174736702,0.06039040260268402,0.06039040260268402,2273.814447802886,2525.040565658019,1492.4185178968003,0.09760065067100447
COW02491,40,740.7,Brown Swiss,Mastitis,2.6,27.5,24.61,Late,1,39.57674828054511,54.48369328880448,61.77862093770264,0.037127041987309296,0.037127041987309296,2156.28741468544,3816.5980049643513,1698.9120757868227,0.05400297016335898
COW02492,112,544.7,Guernsey,Mastitis,4.9,31.1,21.57,Late,1,32.71835862382685,63.76467882395333,54.25532944136463,0.057095648981090506,0.057095648981090506,2086.275629295243,2943.6407727910077,1687.3407456264401,0.20561777125022948
COW02493,77,517.4,Holstein,Healthy,4.2,23.1,22.1,Mid,0,24.14080908401568,77.97442681759237,43.30798731786974,0.04464630846540395,0.04464630846540395,1882.3657512390498,1875.581765524766,1000.414507042791,0.14882102821801316
COW02494,57,552.1,Guernsey,Foot and Mouth,3.8,30.0,17.98,Mid,1,24.2869418086577,82.93426331275919,44.02921580009762,0.054337982249592465,0.054337982249592465,2014.2196270208776,1938.5718439715656,1320.8764740029285,0.10324216627422568
COW02495,34,389.8,Guernsey,Healthy,4.5,16.9,16.83,Mid,0,32.721530055824836,80.89121549484804,57.39773240407049,0.043355566957414056,0.043355566957414056,2646.884339066874,3294.4996851292835,970.0216776287912,0.08722421754746024
COW02496,98,489.2,Brown Swiss,Healthy,3.6,17.3,25.27,Early,0,34.579895722267466,81.804268533758,60.571932664289996,0.03536385936222404,0.03536385936222404,2828.7830755337177,3668.9590266872815,1047.894435092217,0.20032706459525756
COW02497,107,628.7,Guernsey,Foot and Mouth,3.3,23.2,24.03,Late,1,44.167010336565085,64.60901672544922,70.96578095626961,0.0369015428662319,0.0369015428662319,2853.587109548222,5036.142066733239,1646.406118185455,0.17019246063305232
COW02498,15,499.7,Brown Swiss,Healthy,2.6,20.0,17.17,Mid,0,22.3580829520505,88.72512714139428,41.34728557886483,0.04002401440864519,0.04002401440864519,1983.7237525585206,1709.5980247402033,826.9457115772966,0.03001801080648389
COW02499,112,483.7,Brown Swiss,Healthy,2.5,21.8,17.43,Mid,0,28.035392852849277,63.09526267368054,47.431601219372936,0.04506925780442423,0.04506925780442423,1768.9004762103511,2249.7567942336204,1034.0089065823302,0.23154848046309698
COW02500,87,654.8,Guernsey,Healthy,3.3,28.4,21.74,Early,0,36.53800572330646,61.814524068604996,59.314907454787594,0.04337202199144777,0.04337202199144777,2258.5794342021545,3518.258246370017,1684.5433717159676,0.13286499694563225
COW02501,22,657.2,Guernsey,Bloat,3.4,15.0,20.62,Early,1,25.52688251122716,95.0,47.39204439464753,0.022824102251978087,0.022824102251978087,2425.0538385665805,2246.005871904242,710.8806659197129,0.03347534996956786
COW02502,93,591.4,Jersey,Healthy,4.2,27.0,27.34,Mid,0,25.8707158297834,79.33678055081587,46.197069309309676,0.045654379438620225,0.045654379438620225,2052.499304480044,2134.1692127691617,1247.3208713513613,0.1572539736219141
COW02503,23,513.6,Jersey,Mastitis,3.3,15.6,19.27,Late,1,26.940438878258043,95.0,49.86576803695157,0.03037383177570093,0.03037383177570093,2559.341693434514,2486.594821915061,777.9059813764445,0.04478193146417445
COW02504,17,530.8,Brown Swiss,Mastitis,3.8,29.3,16.61,Mid,1,48.614086516345836,58.0,75.13543939255726,0.05519969856819895,0.05519969856819895,2819.6170179480587,5645.334252712645,2201.468374201928,0.03202712886209495
COW02505,24,485.7,Jersey,Healthy,4.5,17.6,19.31,Mid,0,35.72082398118429,66.12790692172182,59.07567382216912,0.03623635989293803,0.03623635989293803,2362.1433233949633,3489.935237543318,1039.7318592701765,0.04941321803582458
COW02506,61,470.4,Jersey,Bloat,5.0,27.2,21.33,Mid,1,28.697540407676254,75.02091375792767,50.08417778488867,0.05782312925170068,0.05782312925170068,2152.9157039889246,2508.424864388335,1362.2896357489717,0.12967687074829934
COW02507,78,466.4,Jersey,Foot and Mouth,3.0,24.7,17.59,Mid,1,27.02231784169464,70.05289903581017,46.86015384697711,0.05295883361921098,0.05295883361921098,1892.9917034778064,2195.8740185623637,1157.4458000203347,0.1672384219554031
COW02508,55,500.6,Jersey,Healthy,4.7,20.9,21.9,Mid,0,25.025851330150907,79.96816613344353,44.91797950890852,0.041749900119856166,0.041749900119856166,2001.2714368003665,2017.624883162726,938.785771736188,0.10986815821014782
COW02509,25,467.2,Brown Swiss,Ketosis,4.4,18.8,22.32,Early,1,24.962462448256183,93.43335102291259,46.23883257454747,0.04023972602739726,0.04023972602739726,2332.326516324194,2138.0296378570324,869.2900524014925,0.05351027397260274
COW02510,33,424.9,Brown Swiss,Healthy,2.2,15.0,19.54,Mid,0,40.555731088079874,81.96013414038498,70.28185715565255,0.03530242409978819,0.03530242409978819,3323.953160140408,4939.539445247549,1054.2278573347883,0.07766533301953402
COW02511,104,567.6,Guernsey,Healthy,3.0,20.4,19.73,Mid,0,39.90209078287645,61.12577077047661,63.910022179921064,0.035940803382663845,0.035940803382663845,2439.0460544568537,4084.4909350380026,1303.7644524703896,0.1832276250880902
COW02512,115,568.8,Jersey,Healthy,2.7,17.6,20.09,Mid,0,43.442564039267204,75.10032781639674,72.96511203119039,0.0309423347398031,0.0309423347398031,3262.5508005337756,5323.907573724164,1284.1859717489508,0.20218002812939523
COW02513,93,686.1,Ayrshire,Healthy,4.0,16.4,19.2,Mid,0,32.56168643549076,63.30914832558069,53.94735815226433,0.023903221104795216,0.023903221104795216,2061.4526362755337,2910.3174516086806,884.736673697135,0.1355487538259729
COW02514,23,496.5,Brown Swiss,Healthy,3.7,27.3,19.2,Early,0,48.83441754656842,67.9977720598507,78.88217079070756,0.054984894259818735,0.054984894259818735,3320.631593007133,6222.396868654358,2153.4832625863164,0.04632426988922457
COW02515,100,573.7,Guernsey,Healthy,3.5,17.8,22.66,Late,0,25.849013016089415,78.35373987914583,46.04994029022778,0.03102666899076172,0.03102666899076172,2025.3668419953249,2120.597000733544,819.6889371660545,0.1743071291615827
COW02516,86,575.0,Holstein,Healthy,4.3,18.0,19.84,Late,0,40.250999828640516,62.10515989999047,64.65560464223586,0.03130434782608696,0.03130434782608696,2499.7947804922082,4180.347211653111,1163.8008835602454,0.14956521739130435
COW02517,68,529.7,Holstein,Healthy,3.0,20.1,26.33,Late,0,41.285448651229956,52.12930457091103,63.44355633363952,0.037946007173872004,0.037946007173872004,2152.1817270866745,4025.084840259691,1275.2154823061544,0.1283745516329998
COW02518,27,609.5,Brown Swiss,Healthy,3.1,22.3,23.09,Late,0,32.34114551147512,89.05877102597051,58.251080109680906,0.03658736669401148,0.03658736669401148,2880.2626728240566,3393.1883339444626,1298.9990864458844,0.044298605414273995
COW02519,119,612.0,Jersey,Foot and Mouth,4.6,23.2,17.3,Mid,1,42.0,40.0,61.04,0.03790849673202614,0.03790849673202614,1680.0,3725.8815999999997,1416.128,0.19444444444444445
COW02520,59,576.2,Brown Swiss,Healthy,4.9,26.0,17.46,Mid,0,51.34467128716673,76.71994173241862,85.81966731448131,0.045123221103783404,0.045123221103783404,3939.160189421619,7365.015297968252,2231.3113501765138,0.1023950017355085
COW02521,16,529.5,Holstein,Healthy,4.3,24.6,17.05,Mid,0,24.83971810463525,74.35360464892051,44.03408120969047,0.04645892351274788,0.04645892351274788,1846.9225795426823,1939.0003079816154,1083.2383977583856,0.030217186024551465
COW02522,34,521.4,Brown Swiss,Healthy,2.7,22.7,24.33,Early,0,52.0,78.26339329717246,87.42703587973685,0.04353663214422708,0.04353663214422708,4069.6964514529677,7643.486602716795,1984.5937144700265,0.06520905255082471
COW02523,55,440.6,Guernsey,Healthy,2.3,21.1,22.4,Late,0,18.0,87.62968911697169,33.95466880821098,0.047889241942805263,0.047889241942805263,1577.3344041054904,1152.9195338752959,716.4435118532517,0.12482977757603268
COW02524,18,485.5,Guernsey,Healthy,2.6,18.8,23.16,Early,0,29.36374852822876,75.63102610666142,51.20823537850287,0.038722966014418124,0.038722966014418124,2220.81043152791,2622.283370580153,962.714825115854,0.037075180226570546
COW02525,46,500.2,Jersey,Healthy,3.3,26.8,20.65,Mid,0,41.84940472424608,42.92463367398026,61.66208020296772,0.05357856857257098,0.05357856857257098,1796.3703672624017,3802.212134957224,1652.543749439535,0.09196321471411435
COW02526,62,460.1,Jersey,Healthy,2.7,19.7,20.04,Mid,0,28.308825940587894,81.19964044117627,50.34097740581674,0.04281677896109541,0.04281677896109541,2298.6664876875807,2534.214006172951,991.7172548945897,0.1347533144968485
COW02527,114,585.2,Brown Swiss,Foot and Mouth,4.7,29.3,18.53,Late,1,26.663737334176236,76.9509230013752,47.16804894045384,0.050068352699931644,0.050068352699931644,2051.7991985310887,2224.824840849049,1382.0238339552977,0.1948051948051948
COW02528,21,645.7,Brown Swiss,Healthy,4.0,24.6,22.08,Mid,0,21.22284514529474,87.71576495989396,39.362986927460064,0.038098188013009134,0.038098188013009134,1861.5780965449,1549.444739851392,968.3294784155177,0.0325228434257395
COW02529,74,477.4,Guernsey,Healthy,3.3,25.4,20.42,Mid,0,20.07821653466632,75.59850631962298,36.75522011353465,0.05320485965647256,0.05320485965647256,1517.8831795827307,1350.946205594382,933.58259088378,0.1550062840385421
COW02530,110,572.7,Jersey,Mastitis,2.8,23.2,21.04,Mid,1,30.379413419250163,95.0,55.88397348368778,0.04050986554915313,0.04050986554915313,2886.0442748287655,3123.018492325519,1296.5081848215566,0.19207263837960536
COW02531,99,467.3,Guernsey,Mastitis,3.1,30.7,24.67,Mid,1,26.986905787737566,95.0,49.94708512854074,0.06569655467579713,0.06569655467579713,2563.7560498350686,2494.711312837696,1533.3755134462008,0.211855339182538
COW02532,111,525.6,Ayrshire,Healthy,3.4,21.6,20.71,Mid,0,29.604549538248556,95.0,54.52796169193497,0.0410958904109589,0.0410958904109589,2812.432206133613,2973.2986062771274,1177.8039725457954,0.21118721461187215
COW02533,30,494.8,Jersey,Healthy,4.1,21.7,23.22,Mid,0,34.736797139387775,60.495586596023685,56.49230243582622,0.04385610347615198,0.04385610347615198,2101.422919414341,3191.3802345008567,1225.882962857429,0.06063055780113177
COW02534,98,598.2,Ayrshire,Healthy,2.3,30.1,18.25,Mid,0,32.819402893736964,66.21657174676469,54.85221944744656,0.05031761952524239,0.05031761952524239,2173.1883463991103,3008.7659783108343,1651.0518053681415,0.16382480775660313
COW02535,117,495.7,Jersey,Healthy,4.5,24.9,27.18,Early,0,26.782430425774532,78.86524833383014,47.59137884567045,0.05023199515836191,0.05023199515836191,2112.2030265122366,2264.9393404321286,1185.025333257194,0.2360298567682066
COW02536,47,630.9,Jersey,Healthy,2.4,22.1,21.29,Mid,0,23.38411217490168,92.43763249391694,43.41199033499821,0.03502932318909495,0.03502932318909495,2161.5719674200905,1884.6009048459778,959.4049864034605,0.07449675067364084
COW02537,65,530.3,Guernsey,Healthy,2.8,18.7,23.22,Late,0,37.83504810667421,54.59932760004216,59.4634171743299,0.03526305864604941,0.03526305864604941,2065.7681863396597,3535.897982048392,1111.965901159969,0.12257212898359421
COW02538,69,498.0,Guernsey,Ketosis,5.0,18.4,23.28,Mid,1,30.605573245542928,62.715105516194605,51.04780095688079,0.036947791164658635,0.036947791164658635,1919.4317554778472,2605.8779825333195,939.2795376066065,0.13855421686746988
COW02539,65,449.7,Brown Swiss,Mastitis,2.6,28.4,19.24,Mid,1,31.960849022385357,70.63173057171879,54.37221078550582,0.06315321325327997,0.06315321325327997,2257.4500769925044,2956.3373057034755,1544.1707863083652,0.1445408049810985
COW02540,43,570.3,Jersey,Healthy,2.3,19.0,23.41,Mid,0,29.552837329339617,77.50768552721267,51.78688336914634,0.03331579870243732,0.03331579870243732,2290.5720221593265,2681.8812890895656,983.9507840137804,0.07539891285288446
COW02541,116,621.6,Holstein,Healthy,3.9,14.1,24.19,Late,0,36.17253514421813,60.246654132171436,58.45525205951708,0.022683397683397683,0.022683397683397683,2179.2742139175257,3417.016493341676,824.2190540391908,0.1866151866151866
COW02542,115,571.9,Ayrshire,Mastitis,3.2,14.4,19.67,Early,1,44.14543862136843,58.0,68.96870529748844,0.025179227137611473,0.025179227137611473,2560.4354400393686,4756.68231041181,993.1493562838335,0.20108410561286938
COW02543,53,729.1,Ayrshire,Healthy,2.3,31.6,21.83,Early,0,46.35511050474222,64.71921516307009,74.1651851269547,0.04334110547250034,0.04334110547250034,3000.066370664302,5500.474684915462,2343.6198500117684,0.07269236044438349
COW02544,98,664.4,Ayrshire,Healthy,2.0,24.1,23.12,Late,0,31.246393926010242,83.55229252125545,55.47266347315128,0.03627332931968694,0.03627332931968694,2610.7078455403876,3077.216392805492,1336.891189702946,0.14750150511739915
COW02545,54,525.4,Brown Swiss,Healthy,2.2,22.8,20.88,Mid,0,41.483465793394735,44.24651600298404,61.570262661152896,0.04339550818424058,0.04339550818424058,1835.498833086681,3790.8972441633587,1403.8019886742861,0.10277883517320137
COW02546,97,524.6,Ayrshire,Mastitis,3.6,30.5,24.83,Mid,1,33.21477304749013,89.80998554536454,59.86936339233613,0.05813953488372093,0.05813953488372093,2983.018287287652,3584.340673003598,1826.015583466252,0.18490278307281738
COW02547,75,587.6,Brown Swiss,Healthy,2.7,20.3,24.0,Mid,0,42.0,46.67157453937838,62.88135457286844,0.03454731109598366,0.03454731109598366,1960.2061306538922,3954.0647529188027,1276.4914978292293,0.12763784887678692
COW02548,62,483.0,Holstein,Healthy,4.3,28.3,20.66,Mid,0,46.38356622107795,66.14946337749825,74.66381040109223,0.05859213250517598,0.05859213250517598,3068.248015058961,5574.684583610249,2112.9858343509104,0.12836438923395446
COW02549,25,643.3,Holstein,Healthy,4.6,27.0,22.92,Late,0,48.640146222038446,65.49941335821657,77.7392118860615,0.041971086584797146,0.041971086584797146,3185.9010432013924,6043.385064665965,2098.9587209236606,0.0388621172081455
COW02550,82,578.9,Jersey,Healthy,2.4,22.6,17.03,Mid,0,39.548078093980074,95.0,71.92913666446512,0.03903955778200035,0.03903955778200035,3757.067418928107,5173.8007012953,1625.5984886169117,0.14164795301433755
COW02551,46,570.5,Jersey,Healthy,3.0,27.9,19.93,Late,0,33.67130214668952,67.9092099238072,56.42403074719817,0.04890446976336547,0.04890446976336547,2286.5915258874784,3183.671245760764,1574.2304578468288,0.08063102541630149
COW02552,35,605.0,Ayrshire,Mastitis,2.4,31.4,22.17,Late,1,25.106593680219028,92.4397138474062,46.382419504974166,0.05190082644628099,0.05190082644628099,2320.846335482544,2151.328839135408,1456.4079724561886,0.05785123966942149
COW02553,32,687.8,Jersey,Healthy,2.9,17.6,25.09,Mid,0,33.58910180418506,73.59220715525227,57.39296499431617,0.025588833963361445,0.025588833963361445,2471.896138132445,3293.952430838802,1010.1161838999648,0.04652515266065717
COW02554,118,563.7,Guernsey,Mastitis,2.7,14.3,21.74,Mid,1,39.62498014188276,43.93569790886447,59.18275518621487,0.025368103601206313,0.025368103601206313,1740.9511571585144,3502.598511431443,846.3133991628727,0.20933120454142273
COW02555,23,541.0,Jersey,Bloat,4.4,28.8,23.71,Mid,1,18.13308032777125,84.07790992024287,34.04516017745082,0.05323475046210721,0.05323475046210721,1524.5914943748792,1159.072931508283,980.5006131105836,0.04251386321626617
COW02556,98,670.7,Guernsey,Healthy,3.0,21.3,25.26,Late,0,30.725819881896648,53.150430858907484,49.657899513994565,0.03175786491725063,0.03175786491725063,1633.0905652159927,2465.9069841419814,1057.7132596480842,0.1461159982108245
COW02557,105,627.4,Brown Swiss,Healthy,3.5,23.8,21.2,Mid,0,41.20379518387808,47.221302955800006,62.02013747453366,0.03793433216448837,0.03793433216448837,1945.69689530664,3846.497452360055,1476.0792718939013,0.1673573477845075
COW02558,15,524.3,Holstein,Mastitis,4.0,18.0,19.03,Early,1,33.57700295166147,92.85229751973687,61.0678901973746,0.03433148960518787,0.03433148960518787,3117.701867888754,3729.287213158601,1099.222023552743,0.028609574670989894
COW02559,75,550.4,Brown Swiss,Healthy,4.5,29.2,22.81,Late,0,46.66770258564997,90.99203133535508,83.09520011645378,0.05305232558139535,0.05305232558139535,4246.389056022494,6904.812282393501,2426.37984340045,0.13626453488372092
COW02560,74,565.6,Holstein,Healthy,2.9,27.0,20.85,Mid,0,29.289251523862497,95.0,53.976190166759366,0.047736916548797734,0.047736916548797734,2782.478894766937,2913.4291049181707,1457.357134502503,0.13083451202263083
COW02561,50,578.9,Ayrshire,Healthy,2.6,31.2,25.53,Late,0,37.82850783026474,98.0,69.62274393787123,0.05389531870789428,0.05389531870789428,3707.1937673659445,4847.326473438386,2172.2296108615824,0.0863707030575229
COW02562,84,441.5,Guernsey,Bloat,4.9,22.6,17.72,Mid,1,21.459535216141212,88.02936115787243,39.78209192439711,0.05118912797281994,0.05118912797281994,1889.0691758217768,1582.6148378811815,899.0752774913747,0.19026047565118911
COW02563,56,426.6,Ayrshire,Healthy,3.0,31.6,20.82,Mid,0,35.27522259652863,93.6948049895916,64.17917718018356,0.07407407407407407,0.07407407407407407,3305.105102146185,4118.966783525394,2028.0619988938006,0.13127051101734646
COW02564,59,479.0,Ayrshire,Foot and Mouth,4.0,23.2,22.57,Mid,1,26.407217108900337,92.92055437860414,48.68294639015307,0.048434237995824636,0.048434237995824636,2453.7732533551793,2370.029269226518,1129.4443562515512,0.12317327766179541
COW02565,58,472.8,Jersey,Healthy,4.0,25.2,19.85,Mid,0,39.93192017451124,63.06038373599587,64.44606297682392,0.0532994923857868,0.0532994923857868,2518.122209519834,4153.295033212756,1624.040787015963,0.12267343485617598
COW02566,98,498.5,Guernsey,Healthy,3.5,26.1,19.67,Early,0,31.66248676794101,66.69269638754079,53.24280730343511,0.05235707121364092,0.05235707121364092,2111.6566168888176,2834.796529550723,1389.6372706196564,0.19658976930792377
COW02567,80,600.8,Holstein,Healthy,2.7,22.8,22.22,Mid,0,43.06636461763759,72.78501250937393,71.71790876704034,0.03794940079893476,0.03794940079893476,3134.5858874280107,5143.458437917522,1635.1683198885198,0.13315579227696406
COW02568,52,536.5,Ayrshire,Healthy,2.4,24.1,23.28,Mid,0,25.0,95.0,46.47,0.04492078285181734,0.04492078285181734,2375.0,2159.4609,1119.9270000000001,0.09692451071761417
COW02569,112,565.7,Guernsey,Healthy,3.5,18.0,20.23,Late,0,27.62644901575017,63.593267504275246,46.91229031650272,0.031818985327912316,0.031818985327912316,1756.856162451822,2200.762982739835,844.421225697049,0.19798479759589888
COW02570,98,452.1,Guernsey,Healthy,3.5,20.5,17.79,Early,0,30.04321255175873,56.63009976786476,49.293336916367096,0.0453439504534395,0.0453439504534395,1701.3501241532638,2429.833064350479,1010.5134067855255,0.21676620216766201
COW02571,112,513.1,Ayrshire,Healthy,4.3,26.6,23.72,Early,0,41.59967055305921,93.52645202831951,75.11862327411524,0.05184174624829468,0.05184174624829468,3890.6695923745883,5642.8075625984475,1998.1553790914654,0.21828103683492495
COW02572,90,597.0,Ayrshire,Healthy,4.1,14.7,23.31,Mid,0,25.0,95.0,46.47,0.024623115577889446,0.024623115577889446,2375.0,2159.4609,683.1089999999999,0.1507537688442211
COW02573,54,597.6,Ayrshire,Healthy,4.7,26.6,24.55,Early,0,20.0920480266648,85.23759386367449,37.325403200825676,0.044511378848728245,0.044511378848728245,1712.5978295862965,1393.1857241042076,992.855725141963,0.09036144578313253
COW02574,95,492.0,Holstein,Healthy,4.9,19.5,22.89,Early,0,38.49755432869427,89.84834789985545,68.84929791155733,0.039634146341463415,0.039634146341463415,3458.941654618109,4740.225822914373,1342.5613092753679,0.19308943089430894
COW02575,47,562.9,Holstein,Healthy,4.2,18.9,26.86,Mid,0,24.324390160029836,82.3276276685171,44.03002710734418,0.033576123645407706,0.033576123645407706,2002.5693363586772,1938.6432870734634,832.167512328805,0.08349618049387103
COW02576,41,725.9,Ayrshire,Ketosis,2.2,26.5,25.94,Mid,1,29.27657910232072,95.0,53.95401342906126,0.036506405841024936,0.036506405841024936,2781.2750147204683,2911.0355651033233,1429.7813558701234,0.05648160903705745
COW02577,60,548.6,Jersey,Healthy,3.2,17.9,19.77,Mid,0,24.041014444542963,77.50492494382914,43.10507256470112,0.032628508931826464,0.032628508931826464,1863.2970200978145,1858.047280808149,771.58079890815,0.10936930368209989
COW02578,116,494.5,Brown Swiss,Healthy,3.8,31.3,21.66,Mid,0,38.74267898843481,49.98974972888895,59.562987494373246,0.06329625884732053,0.06329625884732053,1936.736826458541,3547.7494792548637,1864.3215085738827,0.2345803842264914
COW02579,73,536.1,Holstein,Healthy,3.8,31.8,20.21,Late,0,28.74529649869197,93.4161948901172,52.79706733373683,0.05931729155008394,0.05931729155008394,2685.2762198960127,2787.5303190431405,1678.946741212831,0.136168625256482
COW02580,53,557.4,Guernsey,Healthy,2.5,22.2,20.39,Mid,0,38.097785635513056,78.21978588284067,65.41458569148332,0.03982777179763186,0.03982777179763186,2980.0006350201943,4279.068021188415,1452.2038023509297,0.09508432005740941
COW02581,61,537.9,Ayrshire,Mastitis,3.7,21.2,17.94,Mid,1,27.72377250358293,95.0,51.236601881270126,0.03941253021007622,0.03941253021007622,2633.7583878403784,2625.1893723397734,1086.2159598829267,0.11340397843465329
COW02582,43,547.5,Ayrshire,Healthy,3.0,15.4,20.37,Early,0,34.99814635437237,45.881043363648125,53.84916154445519,0.02812785388127854,0.02812785388127854,1605.7514705322624,2899.732199040832,829.27708778461,0.07853881278538813
COW02583,83,434.5,Brown Swiss,Healthy,3.0,28.0,21.77,Late,0,41.57788223342438,40.0,60.53345868010926,0.06444188722669736,0.06444188722669736,1663.1152893369754,3664.2996197764955,1694.9368430430593,0.19102416570771003
COW02584,49,473.0,Guernsey,Healthy,4.5,16.9,20.23,Late,0,35.74084829953827,66.98148026101357,59.287094730918696,0.035729386892177584,0.035729386892177584,2393.974924887403,3514.9596016329274,1001.9519009525259,0.10359408033826638
COW02585,71,538.1,Brown Swiss,Healthy,3.3,30.8,18.87,Early,0,44.2782636328015,78.65792518409,75.32423316083538,0.05723843151830515,0.05723843151830515,3482.8363481103133,5673.740101267892,2319.9863813537295,0.13194573499349563
COW02586,51,536.8,Brown Swiss,Bloat,3.6,31.8,17.41,Mid,1,37.55551921349315,50.94403191177467,58.24077046825359,0.05923994038748138,0.05923994038748138,1913.229569275462,3391.987344735799,1852.0565008904641,0.09500745156482862
COW02587,46,504.7,Brown Swiss,Ketosis,3.7,16.2,25.96,Mid,1,42.0,45.26033726395872,62.49185308485261,0.032098276203685355,0.032098276203685355,1900.9341650862661,3905.2317019788024,1012.3680199746123,0.09114325341787201
COW02588,116,535.8,Ayrshire,Healthy,3.7,26.3,21.79,Mid,0,36.38785700246859,55.33755922607838,57.67782899326136,0.049085479656588285,0.049085479656588285,2013.6151919841768,3326.7319573759005,1516.9269025227738,0.21649869354236656
COW02589,49,554.9,Jersey,Healthy,2.6,22.4,19.32,Mid,0,41.99902060974531,72.79138962705254,70.0889271130865,0.040367633807893315,0.040367633807893315,3057.1670731585805,4912.457703863552,1569.9919673331374,0.08830419895476663
COW02590,19,621.2,Brown Swiss,Healthy,3.8,23.7,21.95,Mid,0,23.013024056643516,86.71521837752144,42.27922186494169,0.038151963940759814,0.038151963940759814,1995.579406598997,1787.5326015049634,1002.017558199118,0.030585962652929812
COW02591,52,542.1,Guernsey,Healthy,3.0,17.2,26.79,Mid,0,23.99968249893273,90.49366241414644,44.286850272560265,0.031728463383139636,0.031728463383139636,2171.819166105117,1961.3251070641713,761.7338246880365,0.09592326139088729
COW02592,69,581.9,Brown Swiss,Healthy,4.0,27.0,23.67,Late,0,18.131499278219948,83.55927405028291,34.02321313064809,0.04639972503866644,0.04639972503866644,1515.0549171312873,1157.5790317335045,918.6267545274984,0.11857707509881424
COW02593,22,506.7,Holstein,Healthy,2.4,17.0,12.63,Early,0,40.17401767305716,51.68227714699326,61.85981338415015,0.03355042431418986,0.03355042431418986,2076.284715487145,3826.636511921882,1051.6168275305527,0.04341819617130452
COW02594,45,595.8,Jersey,Healthy,5.0,29.9,28.37,Early,0,42.0,61.24118240810295,66.90256634463641,0.050184625713326624,0.050184625713326624,2572.129661140324,4475.953383498477,2000.3867337046286,0.07552870090634442
COW02595,29,580.1,Guernsey,Healthy,4.3,22.2,16.24,Early,0,24.921402662759913,77.72981066674711,44.5153884994573,0.038269263920013785,0.038269263920013785,1937.1359105260954,1981.6198132576153,988.241624687952,0.04999138079641441
COW02596,66,619.3,Guernsey,Healthy,3.3,25.4,22.02,Late,0,36.801881058375905,59.19682203441977,59.1027065091899,0.041014048118843856,0.041014048118843856,2178.5544035445623,3493.129916711438,1501.2087453334234,0.10657193605683837
COW02597,90,607.1,Guernsey,Ketosis,2.9,30.6,19.6,Early,1,35.00867590031569,59.22503146943075,56.61243550764751,0.05040355789820458,0.05040355789820458,2073.3899318992985,3204.9678541075486,1732.3405265340139,0.1482457585241311
COW02598,116,597.1,Ayrshire,Bloat,3.2,27.3,19.87,Early,1,29.213156418668724,79.66425912526275,51.57131644893372,0.04572098475967175,0.04572098475967175,2327.244462803658,2659.6006802760617,1407.8969390558907,0.1942723161949422
COW02599,54,542.1,Guernsey,Healthy,4.2,23.7,22.08,Mid,0,34.77520054120179,93.94783527913155,63.36222027520241,0.04371887105700055,0.04371887105700055,3267.054812243592,4014.7709582032717,1501.684620522297,0.0996126175982291
COW02600,105,569.6,Brown Swiss,Mastitis,4.0,21.2,16.55,Mid,1,37.417175492475366,57.01561540221539,59.457124649223026,0.037219101123595506,0.037219101123595506,2133.3632873161746,3535.1496715532444,1260.491042563528,0.18433988764044942
COW02601,35,635.1,Jersey,Healthy,4.1,22.3,21.58,Mid,0,22.893674114583927,87.20483319193559,42.12183363515666,0.035112580695953396,0.035112580695953396,1996.439032312825,1774.2488687878151,939.3168900639936,0.05510943158557707
COW02602,96,497.8,Jersey,Mastitis,4.7,20.2,23.91,Late,1,37.635417992141896,76.1383100699993,64.19938899063092,0.04057854560064283,0.04057854560064283,2865.49712469973,4121.561546770343,1296.8276576107446,0.19284853354760947
COW02603,72,499.7,Ayrshire,Healthy,3.4,31.0,19.06,Early,0,25.0,95.0,46.47,0.06203722233340004,0.06203722233340004,2375.0,2159.4609,1440.57,0.14408645187112268
COW02604,93,564.5,Brown Swiss,Bloat,4.0,18.6,18.41,Mid,1,33.699189072863746,93.33497743772605,61.37224502511247,0.032949512843224095,0.032949512843224095,3145.313051785402,3766.552459422442,1141.523757467092,0.16474756421612047
COW02605,93,583.2,Guernsey,Healthy,3.3,21.4,21.77,Mid,0,41.3927264792954,57.45233279784321,65.02213223153265,0.03669410150891632,0.03669410150891632,2378.108697098576,4227.877679934917,1391.4736297547986,0.15946502057613168
COW02606,69,484.1,Holstein,Healthy,3.9,28.0,20.1,Mid,0,20.462074080217818,83.78911078778498,37.84901723128556,0.0578392894030159,0.0578392894030159,1714.498992055234,1432.548105374151,1059.7724824759957,0.1425325346002892
COW02607,39,544.0,Holstein,Ketosis,3.4,20.6,19.4,Late,1,49.0,68.76704620043597,79.39339798535084,0.037867647058823534,0.037867647058823534,3369.585263821363,6303.311643660311,1635.5039984982275,0.07169117647058823
COW02608,68,542.5,Jersey,Healthy,4.3,30.0,18.67,Mid,0,22.98080494198408,81.29489955894579,41.76040071252228,0.055299539170506916,0.055299539170506916,1868.2222295423207,1743.931067670431,1252.8120213756683,0.12534562211981568
COW02609,101,372.8,Holstein,Healthy,2.0,18.4,20.75,Early,0,41.695406711234924,48.23844001181447,62.92320376136778,0.04935622317596566,0.04935622317596566,2011.3213754081123,3959.3295715946083,1157.786949209167,0.2709227467811159
COW02610,116,532.4,Guernsey,Mastitis,2.6,14.6,22.43,Early,1,20.529922484034337,87.56456101307329,38.191577700813816,0.02742299023290759,0.02742299023290759,1797.6936499468898,1458.5966072772992,557.5970344318818,0.21788129226145755
COW02611,112,537.4,Guernsey,Mastitis,2.9,25.3,18.47,Early,1,21.21109050796574,95.0,39.83940838894004,0.04707852623743953,0.04707852623743953,2015.0535982567453,1587.1784607807463,1007.9370322401832,0.20841086713807222
COW02612,31,537.2,Brown Swiss,Mastitis,4.8,23.1,18.13,Late,1,36.69669267559094,61.88510564418615,59.55568595792172,0.04300074460163812,0.04300074460163812,2270.9787030211774,3546.879729918594,1375.7363456279918,0.057706626954579295
COW02613,76,663.3,Jersey,Mastitis,3.5,30.8,23.49,Early,1,32.65449903637513,95.0,59.86537331365648,0.04643449419568823,0.04643449419568823,3102.1774084556373,3583.862921983453,1843.8534980606196,0.11457862204130861
COW02614,23,452.7,Brown Swiss,Mastitis,3.1,21.6,16.6,Late,1,52.0,98.0,94.84800000000001,0.047713717693836984,0.047713717693836984,5096.0,8996.143104000002,2048.7168000000006,0.050806273470289376
COW02615,84,484.0,Holstein,Healthy,3.2,16.4,21.45,Early,0,32.60191734093674,67.2842680228208,54.72856072171756,0.033884297520661154,0.033884297520661154,2193.5961444254367,2995.215358670726,897.5483958361679,0.17355371900826447
COW02616,119,341.0,Brown Swiss,Healthy,3.4,19.9,22.2,Late,0,38.402008134485634,57.62709770449128,60.95326718628849,0.05835777126099706,0.05835777126099706,2212.9962748146722,3715.3007806830733,1212.970017007141,0.3489736070381232
COW02617,17,511.5,Holstein,Mastitis,4.6,21.1,19.2,Late,1,25.07278148973226,85.61409154270103,45.595630106557635,0.04125122189638319,0.04125122189638319,2146.5834096920776,2078.961484814025,962.0677952483662,0.033235581622678395
COW02618,82,518.3,Holstein,Foot and Mouth,4.9,24.5,18.38,Early,1,28.044245521070295,95.0,51.79742966187301,0.04726992089523442,0.04726992089523442,2664.203324501678,2682.973719576682,1269.0370267158887,0.1582095311595601
COW02619,114,509.2,Holstein,Healthy,4.5,18.9,21.71,Early,0,33.65209333863367,95.0,61.611163342608926,0.03711704634721131,0.03711704634721131,3196.948867170199,3795.9354484296377,1164.4509871753087,0.22388059701492538
COW02620,103,638.6,Holstein,Healthy,4.5,23.9,22.15,Late,0,21.784489785143137,88.46769721078464,40.36047989179626,0.03742561854055747,0.03742561854055747,1927.223646203474,1628.9683370960902,964.6154694139306,0.16129032258064516
COW02621,54,618.8,Brown Swiss,Mastitis,2.6,30.3,21.91,Early,1,34.968822266778375,95.0,63.915438966862155,0.04896574014221074,0.04896574014221074,3322.0381153439457,4085.183338326681,1936.6378006959233,0.08726567550096963
COW02622,23,556.2,Brown Swiss,Healthy,2.8,21.6,21.44,Early,0,52.0,65.0,82.44,0.038834951456310676,0.038834951456310676,3380.0,6796.3535999999995,1780.7040000000002,0.04135203164329378
COW02623,111,520.4,Guernsey,Healthy,3.8,25.7,22.69,Late,0,27.452729221145475,74.52365883236203,48.08955476999486,0.04938508839354343,0.04938508839354343,2045.8778264938612,2312.6052779763354,1235.901557588868,0.21329746348962336
COW02624,111,632.1,Brown Swiss,Foot and Mouth,4.0,18.1,22.39,Late,1,35.008396020933844,95.0,63.984693036634226,0.028634709697832623,0.028634709697832623,3325.797621988715,4094.0409429923084,1158.1229439630795,0.1756051257712387
COW02625,74,548.4,Holstein,Healthy,2.6,28.4,21.61,Mid,0,41.51635185999355,74.42765170121058,69.79514540442557,0.051787016776075855,0.051787016776075855,3089.964576140506,4871.362322024907,1982.1821294856861,0.1349380014587892
COW02626,117,484.5,Holstein,Healthy,4.2,18.9,25.49,Late,0,23.170822194602618,72.68645921467751,41.31185785295381,0.03900928792569659,0.03900928792569659,1684.2050224185277,1706.6695992626612,780.7941134208269,0.24148606811145512
COW02627,12,412.7,Guernsey,Healthy,2.6,24.4,20.84,Mid,0,42.0,55.17726277153973,65.22892452494497,0.05912284952750182,0.05912284952750182,2317.445036404669,4254.812594680968,1591.5857584086573,0.02907681124303368
COW02628,78,514.7,Ayrshire,Healthy,2.8,19.4,23.46,Mid,0,49.0,70.76302860732451,80.08400789813427,0.03769185933553526,0.03769185933553526,3467.388401758901,6413.4483210284325,1553.6297532238048,0.15154458908101806
COW02629,16,610.4,Jersey,Mastitis,2.9,15.2,20.8,Mid,1,42.0,42.8349004106042,61.82243251332676,0.02490170380078637,0.02490170380078637,1799.0658172453764,3822.0131618648415,939.7009742025667,0.026212319790301444
COW02630,113,732.1,Jersey,Healthy,4.5,19.8,20.93,Mid,0,39.574732201767816,75.8827559557907,67.16306636060558,0.027045485589400356,0.027045485589400356,3003.0397456825185,4510.877482959109,1329.8287139399906,0.1543504985657697
COW02631,85,554.9,Jersey,Healthy,4.2,17.8,24.66,Mid,0,36.11349713981435,77.77435355906113,62.17832974740732,0.03207785186520094,0.03207785186520094,2808.703894806064,3866.144690177318,1106.7742695038503,0.1531807532888809
COW02632,110,488.8,Jersey,Healthy,3.6,30.1,20.98,Mid,0,32.72682570881047,94.38744731152907,59.87968352682763,0.061579378068739775,0.061579378068739775,3089.0015372639436,3585.576499273032,1802.3784741575116,0.22504091653027822
COW02633,72,455.2,Jersey,Healthy,4.5,18.8,19.19,Late,0,34.34342993086377,95.0,62.821002379011595,0.04130052724077329,0.04130052724077329,3262.625843432058,3946.4783399037806,1181.034844725418,0.15817223198594024
COW02634,20,594.2,Brown Swiss,Healthy,4.4,31.5,19.92,Mid,0,26.14207218403724,70.57951758394371,45.60115564908172,0.05301245371928643,0.05301245371928643,1845.094843393982,2079.4653965317775,1436.4364029460742,0.03365870077415011
COW02635,14,408.8,Guernsey,Healthy,3.2,22.9,15.51,Mid,0,49.511632034589155,77.15597762211722,83.10002858303909,0.056017612524461836,0.056017612524461836,3820.118373295263,6905.6147505019135,1902.990654551595,0.03424657534246575
COW02636,48,594.0,Guernsey,Healthy,4.3,18.0,24.46,Mid,0,41.18335324537654,76.32431801229637,69.78889430165913,0.030303030303030304,0.030303030303030304,3143.2913499128567,4870.489767848149,1256.2000974298644,0.08080808080808081
COW02637,92,615.4,Ayrshire,Healthy,2.6,21.0,24.22,Early,0,42.0,40.0,61.04,0.034124146896327597,0.034124146896327597,1680.0,3725.8815999999997,1281.84,0.14949626259343518
COW02638,28,584.9,Jersey,Healthy,3.5,17.3,21.32,Mid,0,20.483547744400955,89.96038482599353,38.259621157456905,0.029577705590699267,0.029577705590699267,1842.7078376879217,1463.798611112124,661.8914460240045,0.047871431013848526
COW02639,104,532.4,Brown Swiss,Healthy,2.4,29.0,21.19,Late,0,36.74552845046214,40.0,54.73463414055457,0.05447032306536439,0.05447032306536439,1469.8211380184855,2995.8801745003616,1587.3043900760824,0.19534184823441023
COW02640,37,595.2,Jersey,Healthy,3.3,16.2,19.72,Mid,0,22.500218498271387,82.94852106355744,41.119186245849924,0.027217741935483868,0.027217741935483868,1866.3598480385087,1690.7874775208936,666.1308171827687,0.06216397849462365
COW02641,65,563.7,Holstein,Healthy,3.6,29.7,16.53,Mid,0,30.7956354123062,95.0,56.61236197153585,0.0526875997871208,0.0526875997871208,2925.585364169089,3204.959527996198,1681.3871505546147,0.11530956182366506
COW02642,33,487.8,Jersey,Healthy,2.2,14.8,16.42,Mid,0,26.05704789387995,79.9857819434683,46.56961922454844,0.030340303403034032,0.030340303403034032,2084.1933509303917,2168.7294347194315,689.2303645233169,0.06765067650676507
COW02643,62,698.0,Jersey,Healthy,3.4,19.4,21.56,Late,0,31.22215585322958,91.37419288996566,56.748833820164315,0.027793696275071632,0.027793696275071632,2852.8992913735697,3220.4301399486253,1100.9273761111876,0.08882521489971347
COW02644,60,521.9,Brown Swiss,Healthy,4.0,16.5,19.03,Mid,0,40.21927134691251,46.418116786188996,60.560236604682885,0.03161525196397778,0.03161525196397778,1866.9028344364096,3667.5422576151727,999.2439039772676,0.11496455259628281
COW02645,12,612.1,Holstein,Mastitis,3.8,26.3,20.96,Early,1,28.349951678787864,95.0,52.33241543787876,0.042966835484397975,0.042966835484397975,2693.245409484847,2738.681705562731,1376.3425260162114,0.019604639764744324
COW02646,73,356.5,Guernsey,Healthy,2.2,23.2,21.48,Mid,0,23.56952575497186,95.0,43.96667007120075,0.06507713884992987,0.06507713884992987,2239.1049467223265,1933.06807714982,1020.0267456518575,0.20476858345021037
COW02647,96,652.1,Ayrshire,Mastitis,2.3,30.9,22.58,Mid,1,22.065178958085347,77.64055355510085,40.003430540514856,0.047385370341972086,0.047385370341972086,1713.1527085981097,1600.2744550097966,1236.106003701909,0.1472166845575832
COW02648,113,667.5,Ayrshire,Mastitis,3.1,20.6,26.19,Early,1,23.389642286271492,88.19714254150347,43.04032145021134,0.030861423220973783,0.030861423220973783,2062.8996147170637,1852.469270537522,886.6306218743536,0.16928838951310862
COW02649,47,552.4,Holstein,Healthy,4.5,14.7,19.33,Mid,0,33.825418119950825,95.0,61.91448170991394,0.02661115133960898,0.02661115133960898,3213.4147213953283,3833.403045407268,910.1428811357349,0.08508327299058653
COW02650,107,594.7,Holstein,Healthy,4.6,27.7,21.63,Mid,0,27.567319588643656,61.294829617665656,46.52474177798757,0.04657810660837396,0.04657810660837396,1689.7341572016499,2164.551597508422,1288.7353472502557,0.17992265007566838
COW02651,106,594.7,Ayrshire,Healthy,2.9,24.4,21.87,Early,0,34.73717404678014,56.240331872947976,55.62743341491231,0.04102909029762905,0.04102909029762905,1953.6301967192703,3094.4113483305027,1357.3093753238602,0.17824112998150327
COW02652,118,498.6,Ayrshire,Healthy,4.2,28.9,23.19,Late,0,21.733058218422883,95.0,40.752851882240044,0.05796229442438828,0.05796229442438828,2064.640530750174,1660.7949365357958,1177.7574193967373,0.2366626554352186
COW02653,52,593.8,Brown Swiss,Healthy,3.7,21.7,22.2,Late,0,25.713322799583665,95.0,47.71831489927141,0.03654429100707309,0.03654429100707309,2442.765665960448,2277.0375768260283,1035.4874333141895,0.08757157292017514
COW02654,103,485.3,Jersey,Healthy,5.0,27.3,21.09,Mid,0,43.70102812611662,74.78919077664125,73.27482432565196,0.05625386358953225,0.05625386358953225,3268.364529659501,5369.199879955157,2000.4027040902986,0.21223985163816195
COW02655,73,501.3,Brown Swiss,Foot and Mouth,2.3,17.1,17.05,Early,1,32.85291059536056,95.0,60.212593541880985,0.03411131059245961,0.03411131059245961,3121.0265065592534,3625.5564210397674,1029.635349566165,0.14562138440055855
COW02656,18,640.2,Brown Swiss,Healthy,3.6,32.0,18.71,Late,0,48.87253551455007,65.49118087769918,78.07449899860313,0.049984379881287094,0.049984379881287094,3200.720063335176,6095.627393882882,2498.3839679553002,0.02811621368322399
COW02657,41,628.0,Ayrshire,Mastitis,3.8,17.1,24.72,Mid,1,27.07912019066571,71.77864802122835,47.164197206379,0.027229299363057326,0.027229299363057326,1943.7026368903319,2224.461498122209,806.507772229081,0.06528662420382166
COW02658,84,493.5,Brown Swiss,Mastitis,2.9,28.9,15.93,Late,1,38.38082407990496,48.97000527950907,58.84807008192321,0.0585612968591692,0.0585612968591692,1879.5091578248546,3463.095352366946,1700.7092253675808,0.1702127659574468
COW02659,29,491.3,Holstein,Healthy,2.1,17.8,23.15,Early,0,52.0,71.22427571361368,84.78032766831873,0.03623040911866477,0.03623040911866477,3703.6623371079113,7187.703959547491,1509.0898324960735,0.05902707103602687
COW02660,58,498.4,Guernsey,Bloat,2.2,28.1,22.19,Early,1,23.286081273249064,84.80650551398915,42.564840023574774,0.05638041733547352,0.05638041733547352,1974.8111798989962,1811.765606232513,1196.0720046624513,0.11637239165329054
COW02661,95,608.6,Guernsey,Ketosis,3.4,29.5,20.52,Mid,1,39.11926674715956,53.337450604228735,60.88004008872141,0.04847190272757147,0.04847190272757147,2086.5219578002707,3706.3792812043257,1795.9611826172816,0.15609595793624712
COW02662,28,470.0,Jersey,Healthy,4.1,29.8,17.41,Late,0,38.82927124418062,52.86791279829866,60.378662813977755,0.06340425531914894,0.06340425531914894,2052.822526158827,3645.58292320402,1799.2841518565372,0.059574468085106386
COW02663,65,578.5,Holstein,Healthy,4.1,22.6,26.77,Early,0,52.0,70.64145737589713,84.56118797333733,0.03906655142610199,0.03906655142610199,3673.355783546651,7150.594511462089,1911.0828481974236,0.11235955056179775
COW02664,35,609.7,Holstein,Healthy,2.5,21.7,25.03,Mid,0,36.62038833234801,87.58161868054567,65.1572864444519,0.03559127439724454,0.03559127439724454,3207.272886857207,4245.471976804355,1413.9131158446062,0.057405281285878296
COW02665,69,542.9,Ayrshire,Healthy,4.6,29.0,21.36,Mid,0,35.92391538814792,98.0,66.23256939090331,0.053416835512985816,0.053416835512985816,3520.543708038496,4386.753248120822,1920.7445123361958,0.12709522932400075
COW02666,37,630.8,Brown Swiss,Healthy,3.1,24.4,22.18,Late,0,23.59003281510451,79.25991164846344,42.556038141800244,0.03868103994927077,0.03868103994927077,1869.743916709537,1811.0163823263572,1038.367330659926,0.05865567533291059
COW02667,116,525.7,Brown Swiss,Healthy,4.9,25.2,19.24,Mid,0,40.87490916195699,60.529035177537324,65.1249344094276,0.047936085219707054,0.047936085219707054,2474.1188145427373,4241.2570818322465,1641.1483471175754,0.22065817005896898
COW02668,20,532.9,Ayrshire,Healthy,2.4,18.2,20.13,Late,0,30.334291592841623,82.42244648529777,53.80086623519449,0.03415274910865078,0.03415274910865078,2500.2265254804065,2894.5332076572904,979.1757654805397,0.03753049352598987
COW02669,116,471.8,Holstein,Mastitis,4.5,22.0,18.53,Mid,1,49.30367732373731,84.67185221242211,85.39653193924539,0.04662992793556592,0.04662992793556592,4174.633679884433,7292.567667250559,1878.7237026633986,0.24586689275116574
COW02670,97,631.4,Jersey,Healthy,4.7,20.7,22.44,Late,0,25.229860029326293,81.61783337042309,45.42298513644662,0.03278428888184986,0.03278428888184986,2059.206511832651,2063.2475787058506,940.255792324445,0.15362686094393413
COW02671,104,488.7,Ayrshire,Healthy,4.5,26.0,25.3,Mid,0,34.448828348881634,67.31592817085789,57.45511756953706,0.053202373644362595,0.053202373644362595,2318.954854703529,3301.090534929326,1493.8330568079634,0.21280949457745038
COW02672,103,578.0,Brown Swiss,Healthy,4.4,17.5,21.63,Early,0,33.83887594488647,47.801080653394635,52.763093524437686,0.03027681660899654,0.03027681660899654,1617.5348382617337,2783.944038268558,923.3541366776595,0.1782006920415225
COW02673,32,544.3,Holstein,Mastitis,3.1,21.3,17.96,Mid,1,39.449701552597524,92.46147235379536,71.12108411784124,0.03913283115928716,0.03913283115928716,3647.577489470974,5058.208606097049,1514.8790917100184,0.058791107844938455
COW02674,112,465.8,Guernsey,Healthy,4.1,29.3,16.86,Mid,0,33.18279625787905,88.30496686743363,59.5323790186009,0.06290253327608415,0.06290253327608415,2930.20572412081,3544.1041516143528,1744.2987052450064,0.240446543580936
COW02675,76,501.3,Holstein,Healthy,3.7,23.8,21.53,Mid,0,31.821650718936528,65.56372080469232,53.279603012081445,0.04747656094155196,0.04747656094155196,2086.345823280791,2838.716097124998,1268.0545516875384,0.15160582485537602
COW02676,115,660.6,Guernsey,Mastitis,3.3,30.1,20.61,Early,1,48.48920644913623,82.96801356893351,83.47450259157009,0.04556463820768998,0.04556463820768998,4023.0531386187536,6967.992582910041,2512.5825280062595,0.174084165909779
COW02677,106,566.1,Guernsey,Healthy,5.0,18.2,22.27,Mid,0,31.130220476447555,95.0,57.197885833783225,0.03214979685567921,0.03214979685567921,2957.3709452625176,3271.5981438544995,1041.0015221748547,0.18724606959901077
COW02678,74,469.3,Ayrshire,Mastitis,2.9,21.9,16.76,Late,1,18.32757522377092,86.47167541444585,34.45830027817412,0.046665246111229484,0.046665246111229484,1584.816135883759,1187.3744580608147,754.6367760920132,0.15768165352652888
COW02679,52,574.4,Brown Swiss,Healthy,3.2,23.0,23.43,Mid,0,38.21905083401343,46.022535614153796,57.937371820247975,0.04004178272980501,0.04004178272980501,1758.9376281475375,3356.739053437664,1332.5595518657035,0.09052924791086352
COW02680,24,538.3,Jersey,Healthy,4.7,21.2,17.44,Late,0,25.293328972912782,86.17396158433894,46.021876302703745,0.03938324354449192,0.03938324354449192,2179.626359251833,2118.0130984213647,975.6637776173194,0.044584804012632366
COW02681,22,826.3,Ayrshire,Mastitis,2.9,26.3,23.55,Mid,1,31.923458115813737,95.0,58.58605170267404,0.031828633668159266,0.031828633668159266,3032.728521002305,3432.325454108396,1540.8131597803274,0.02662471257412562
COW02682,54,572.8,Brown Swiss,Foot and Mouth,2.5,16.7,20.89,Early,1,38.90224696314189,47.45154234787656,59.14849166441009,0.029155027932960896,0.029155027932960896,1845.97161919908,3498.54406617479,987.7798107956485,0.09427374301675978
COW02683,99,519.6,Guernsey,Mastitis,2.9,23.3,25.55,Early,1,32.516661378491975,95.0,59.62415741236095,0.04484218629715166,0.04484218629715166,3089.082830956738,3555.0401471339974,1389.2428677080102,0.19053117782909929
COW02684,66,663.6,Holstein,Healthy,4.3,16.5,23.49,Mid,0,48.427120545402055,58.0,74.87742635265484,0.024864376130198915,0.024864376130198915,2808.772991633319,5606.628977197249,1235.4775348188048,0.09945750452079566
COW02685,64,402.7,Guernsey,Mastitis,4.6,25.3,24.77,Early,1,27.51970606088432,95.0,50.87948560654756,0.0628259250062081,0.0628259250062081,2614.3720757840106,2588.7220555868803,1287.2509858456533,0.15892724112242365
COW02686,38,557.5,Brown Swiss,Healthy,2.3,28.9,22.41,Mid,0,49.0,63.66143383590864,77.6268561072244,0.05183856502242152,0.05183856502242152,3119.4102579595233,6025.928789091722,2243.416141498785,0.06816143497757847
COW02687,72,709.6,Jersey,Mastitis,3.9,14.4,27.25,Mid,1,36.29535203081208,95.0,66.23686605392115,0.020293122886133032,0.020293122886133032,3448.058442927148,4387.322424645092,953.8108711764645,0.10146561443066517
COW02688,80,540.7,Guernsey,Foot and Mouth,3.7,22.2,21.17,Mid,1,42.0,53.365769351896375,64.7289523411234,0.04105788792306269,0.04105788792306269,2241.3623127796477,4189.8372711794245,1436.9827419729395,0.1479563528759016
COW02689,118,411.3,Holstein,Healthy,4.0,22.9,20.28,Late,0,32.432214213971484,67.91289655949124,54.59197035769752,0.05567712132263554,0.05567712132263554,2202.565609108707,2980.2832275357246,1250.156121191273,0.286895210308777
COW02690,90,518.3,Guernsey,Healthy,4.0,27.0,24.42,Late,0,29.715954948272316,95.0,54.72292115947655,0.05209338221107467,0.05209338221107467,2823.01572008587,2994.598100226286,1477.518871305867,0.1736446073702489
COW02691,77,666.4,Ayrshire,Healthy,4.9,15.3,25.45,Mid,0,37.0734804559012,45.962812358698805,56.48015364185307,0.02295918367346939,0.02295918367346939,1704.001425678474,3190.0077554073287,864.1463507203521,0.11554621848739496
COW02692,110,580.1,Brown Swiss,Healthy,3.0,21.3,23.04,Early,0,27.285208725930215,87.58805389032766,49.514070543493126,0.03671780727460783,0.03671780727460783,2389.858332295614,2451.643181786014,1054.6497025764036,0.1896224788829512
COW02693,57,482.9,Holstein,Healthy,2.9,28.1,19.91,Early,0,31.522019529937406,65.86777355435122,52.89550867586088,0.05819010147028371,0.05819010147028371,2076.285244373754,2797.934838078074,1486.3637937916908,0.11803686063367157
COW02694,112,495.2,Brown Swiss,Healthy,3.7,23.6,20.23,Mid,0,18.0,75.96273609265873,33.53465849933571,0.04765751211631664,0.04765751211631664,1367.329249667857,1124.5733206670689,791.4179405843229,0.22617124394184168
COW02695,51,505.2,Brown Swiss,Healthy,3.3,27.5,23.69,Mid,0,52.0,90.38948594286435,91.986446714517,0.05443388756927949,0.05443388756927949,4700.253269028946,8461.506379162676,2529.6272846492175,0.10095011876484561
COW02696,25,578.9,Brown Swiss,Healthy,3.4,20.6,24.0,Mid,0,41.172508596417174,98.0,75.57506530162257,0.035584729659699436,0.035584729659699436,4034.905842448883,5711.590495344516,1556.8463452134251,0.04318535152876145
COW02697,57,657.1,Jersey,Healthy,2.2,30.6,21.34,Mid,0,27.379077568511274,64.17218070268561,46.63221916561581,0.046568254451377265,0.046568254451377265,1756.9751131993517,2174.5638643100265,1426.9459064678438,0.08674478770354588
COW02698,25,634.2,Guernsey,Mastitis,2.4,15.4,19.44,Mid,1,42.0,62.81027104769854,67.33563480916479,0.024282560706401765,0.024282560706401765,2638.0313840033386,4534.087715153205,1036.9687760611378,0.03941974140649637
COW02699,24,586.5,Jersey,Healthy,4.8,15.6,18.41,Early,0,18.0,78.97534805724247,33.643112530060726,0.026598465473145778,0.026598465473145778,1421.5562650303646,1131.859020710329,524.8325554689474,0.04092071611253197
COW02700,107,443.5,Brown Swiss,Healthy,2.2,23.5,22.23,Early,0,38.003889232933076,98.0,69.93492283462088,0.05298759864712514,0.05298759864712514,3724.3811448274414,4890.893431884377,1643.4706866135907,0.24126268320180383
COW02701,97,443.8,Brown Swiss,Mastitis,3.8,22.5,18.06,Mid,1,28.967977802534374,68.08089894578535,49.492392488215366,0.050698512843623256,0.050698512843623256,1972.165969438096,2449.4969142075565,1113.5788309848458,0.21856692203695358
COW02702,35,592.7,Guernsey,Ketosis,4.3,25.5,23.34,Late,1,31.145323275870847,54.60241533677752,50.45960958527376,0.04302345199932512,0.04302345199932512,1700.6098773073043,2546.1721994982518,1286.7200444244809,0.059051796861818794
COW02703,102,442.4,Guernsey,Healthy,2.0,18.1,21.63,Mid,0,22.555249700541783,89.13617134102194,41.713477106796525,0.04091320072332731,0.04091320072332731,2010.488601947026,1740.0141723392378,755.0139356330171,0.23056057866184448
COW02704,19,532.0,Ayrshire,Healthy,2.7,18.1,18.36,Mid,0,31.199313605572595,95.0,57.31879880975204,0.03402255639097745,0.03402255639097745,2963.9347925293964,3285.4446969928317,1037.470258456512,0.03571428571428571
COW02705,42,574.3,Guernsey,Healthy,3.1,27.5,25.28,Mid,0,41.42157156815663,82.66573702991037,71.8748385484067,0.04788438098554763,0.04788438098554763,3424.1447426188483,5165.99241635953,1976.5580600811843,0.07313250914156365
COW02706,88,459.0,Guernsey,Ketosis,3.5,19.3,17.02,Mid,1,33.201032773502874,94.82192083129792,60.78832663075957,0.0420479302832244,0.0420479302832244,3148.185701166417,3695.2206545679132,1173.2147039736597,0.19172113289760348
COW02707,44,468.1,Ayrshire,Mastitis,3.0,27.1,24.32,Early,1,47.67936776175343,68.9562200298745,77.49168826774857,0.05789361247596667,0.05789361247596667,3287.7889742647744,6004.961750585921,2100.0247520559865,0.09399700918607135
COW02708,90,542.5,Jersey,Mastitis,3.9,25.5,22.46,Early,1,35.09271307043801,58.5851792516724,56.59703350070076,0.047004608294930875,0.047004608294930875,2055.912885659118,3203.2242010794444,1443.2243542678693,0.16589861751152074
COW02709,106,590.3,Jersey,Mastitis,2.7,15.5,16.76,Early,1,24.83407092429605,81.19287068310526,44.73897845198402,0.026257834999152976,0.026257834999152976,2016.3495090914334,2001.5761929270902,693.4541660057523,0.1795697103167881
COW02710,19,634.9,Brown Swiss,Healthy,2.1,26.8,24.94,Early,0,41.55863475306461,78.33988477429594,70.92295097427439,0.04221137186958576,0.04221137186958576,3255.6986579321324,5030.064974899328,1900.7350861105535,0.02992597259410931
COW02711,14,598.6,Brown Swiss,Healthy,2.0,29.8,22.64,Mid,0,49.0,66.49918575884587,78.60871827256068,0.04978282659538924,0.04978282659538924,3258.4601021834474,6179.330588454815,2342.5398045223083,0.023387905111927832
COW02712,113,555.9,Guernsey,Mastitis,3.0,28.7,20.26,Mid,1,43.036349348811775,61.512964818321564,68.44414697923565,0.05162799064579961,0.05162799064579961,2647.293443402455,4684.6012557152135,1964.3470183040633,0.20327397013851414
COW02713,68,490.3,Holstein,Foot and Mouth,3.1,14.2,18.6,Early,1,34.95514146422405,49.806332578263515,54.60187529098321,0.028961860085661838,0.028961860085661838,1740.987401087392,2981.3647852920826,775.3466291319615,0.1386905975933102
COW02714,66,464.3,Holstein,Healthy,4.8,23.7,16.75,Early,0,20.364982212600445,87.73859619773475,37.92557742686056,0.051044583243592505,0.051044583243592505,1786.7949509254013,1438.3494231607956,898.8361850165953,0.1421494723239285
COW02715,62,509.1,Guernsey,Healthy,2.1,30.4,27.19,Early,0,37.102531730411684,43.00311969386617,55.844822277896235,0.0597132194067963,0.0597132194067963,1595.524612948361,3118.644175249816,1697.6825972480456,0.12178353957965035
COW02716,58,582.8,Ayrshire,Healthy,3.6,24.8,19.64,Early,0,31.116894354323726,66.32622695856543,52.38120077333135,0.04255319148936171,0.04255319148936171,2063.8661971905785,2743.790194456049,1299.0537791786176,0.09951956074124915
COW02717,86,576.9,Jersey,Ketosis,3.7,19.2,18.95,Early,1,31.761207833181544,68.16028945503979,53.642415778532815,0.033281331253250133,0.033281331253250133,2164.8531193513313,2877.5087705569863,1029.93438294783,0.14907262957184955
COW02718,74,382.0,Jersey,Healthy,4.1,17.5,20.44,Early,0,27.73230347659502,74.64191314836502,48.537329162952524,0.04581151832460733,0.04581151832460733,2069.992187504107,2355.8723222728017,849.4032603516691,0.193717277486911
COW02719,29,487.1,Brown Swiss,Mastitis,3.9,26.3,15.65,Early,1,29.778294774621266,75.32560218676642,51.80642896473651,0.053993019913775406,0.053993019913775406,2243.0679859933866,2683.90608207829,1362.5090817725702,0.059536029562718126
COW02720,79,646.4,Brown Swiss,Healthy,2.0,27.9,20.5,Late,0,32.170225434113384,61.782986362779354,53.11515630388413,0.043162128712871284,0.043162128712871284,1987.5725992833648,2821.219829186042,1481.9128608783672,0.12221534653465346
COW02721,84,556.3,Holstein,Healthy,3.9,30.4,24.36,Mid,0,19.451465402834724,80.90706790000068,36.04816486568431,0.054646773323746185,0.054646773323746185,1573.7610321016632,1299.470190183557,1095.864211916803,0.15099766313140392
COW02722,24,436.6,Brown Swiss,Mastitis,3.0,30.3,20.03,Early,1,39.20438534850472,50.975849090879194,60.4077543219777,0.06939990838295923,0.06939990838295923,1998.4768312260521,3649.096782224415,1830.3549559559242,0.05497022446174988
COW02723,52,738.5,Ayrshire,Healthy,4.3,20.1,22.7,Mid,0,45.11795449266643,73.97511010402437,75.21800425178722,0.027217332430602575,0.027217332430602575,3337.60565126336,5657.748163621881,1511.8818854609233,0.07041299932295193
COW02724,97,547.7,Guernsey,Foot and Mouth,2.6,24.9,21.67,Early,1,46.59912370662932,58.0,72.35479071514845,0.04546284462296877,0.04546284462296877,2702.7491749845008,5235.215739432933,1801.6342888071963,0.1771042541537338
COW02725,78,580.7,Ayrshire,Bloat,4.1,15.8,21.06,Mid,1,27.44013408160004,95.0,50.74023464280007,0.027208541415532975,0.027208541415532975,2606.8127377520036,2574.571411606408,801.6957073562411,0.13432064749440328
COW02726,26,582.0,Guernsey,Foot and Mouth,3.9,15.7,20.57,Mid,1,28.16205041386896,95.0,52.00358822427068,0.02697594501718213,0.02697594501718213,2675.3947893175514,2704.373188199504,816.4563351210496,0.044673539518900345
COW02727,16,520.6,Ayrshire,Healthy,4.0,15.3,17.49,Late,0,40.51202897836666,48.6375917845318,61.50988524384996,0.029389166346523242,0.029389166346523242,1970.4075278129203,3783.4659827115906,941.1012442309044,0.03073376872839032
COW02728,74,491.8,Jersey,Mastitis,2.5,30.7,19.63,Late,1,38.63453867886141,55.61011353563865,60.78448541724222,0.06242374949166327,0.06242374949166327,2148.471082328506,3694.7536674389326,1866.083702309336,0.1504676697844652
COW02729,61,719.7,Holstein,Healthy,4.0,16.7,22.13,Mid,0,30.675818111363,95.0,56.40268169488525,0.023204112824788105,0.023204112824788105,2914.2027205794852,3181.262502374544,941.9247843045837,0.08475753786299847
COW02730,115,630.3,Holstein,Healthy,4.2,22.7,20.34,Early,0,32.24228723187177,70.7403077146484,54.81551867665493,0.03601459622402031,0.03601459622402031,2280.829320206688,3004.7410877907055,1244.312273960067,0.18245280025384739
COW02731,68,615.8,Ayrshire,Healthy,3.5,21.8,25.13,Mid,0,42.0,50.15288574489051,63.84219646558978,0.03540110425462813,0.03540110425462813,2106.4212012854014,4075.826049550964,1391.7598829498572,0.1104254628126015
COW02732,112,596.1,Guernsey,Healthy,3.0,19.8,23.77,Mid,0,27.252436610996398,59.32300196739615,45.82640051239685,0.03321590337191746,0.03321590337191746,1616.6963506904783,2100.0589839226063,907.3627301454577,0.1878879382653917
COW02733,35,469.7,Jersey,Healthy,2.5,23.7,17.49,Mid,0,48.479948295845496,65.05722849783615,77.35542847144902,0.050457738982329144,0.050457738982329144,3153.9710738461026,5983.862314001465,1833.3236547733416,0.07451564828614009
COW02734,60,652.2,Ayrshire,Healthy,2.9,14.1,19.84,Early,0,48.338047249203406,66.81813534959596,77.7472081453453,0.021619135234590615,0.021619135234590615,3229.858183632438,6044.6283743956465,1096.2356348493686,0.09199632014719411
COW02735,27,482.5,Jersey,Healthy,4.3,20.8,19.19,Mid,0,31.943110205796888,59.57110184124895,52.40511221145531,0.04310880829015544,0.04310880829015544,1902.886271195765,2746.2957858952227,1090.0263339982705,0.05595854922279793
COW02736,74,572.7,Brown Swiss,Healthy,3.2,22.6,27.44,Mid,0,52.0,72.72229029481076,85.34358115084885,0.0394621966125371,0.0394621966125371,3781.55909533016,7283.5268436515225,1928.7649340091841,0.1292125021826436
COW02737,32,418.8,Jersey,Healthy,4.1,28.5,16.5,Mid,0,27.53558966157437,76.0756920317472,48.421462466752835,0.0680515759312321,0.0680515759312321,2094.7890390064936,2344.638027419154,1380.0116803024557,0.07640878701050621
COW02738,65,386.7,Holstein,Healthy,4.2,26.6,19.32,Mid,0,21.955751304779568,89.17621498843279,40.70253407136519,0.06878717351952418,0.06878717351952418,1957.9307985875864,1656.6962798306445,1082.6874062983143,0.16808895784846134
COW02739,49,575.5,Jersey,Mastitis,4.0,29.3,21.85,Mid,1,26.363843639499212,86.57161784143516,47.84836790633347,0.050912250217202436,0.050912250217202436,2282.360596390077,2289.466311299843,1401.9571796555708,0.08514335360556038
COW02740,32,485.3,Jersey,Healthy,4.0,20.8,19.6,Mid,0,43.252158009325505,80.11310595299315,74.11608632319636,0.042860086544405526,0.042860086544405526,3465.0647172966956,5493.194251867494,1541.6145955224843,0.06593859468370081
COW02741,22,390.9,Brown Swiss,Healthy,3.8,16.5,17.06,Mid,0,21.260606333388395,85.03021079918766,39.242073094093286,0.0422102839600921,0.0422102839600921,1807.7938382465595,1539.9403007221601,647.4942060525392,0.05628037861345613
COW02742,67,593.2,Holstein,Mastitis,3.6,21.2,25.12,Early,1,39.2978246286277,46.710970445165714,59.46827520666964,0.035738368172623054,0.035738368172623054,1835.639524787134,3536.475756056199,1260.7274343813963,0.11294672960215778
COW02743,114,719.6,Jersey,Bloat,2.6,31.3,24.39,Early,1,25.0,90.3028489178647,45.972101985293655,0.04349638688160089,0.04349638688160089,2257.571222946617,2113.434160946241,1438.9267921396915,0.1584213451917732
COW02744,33,661.2,Brown Swiss,Bloat,4.5,17.9,24.14,Late,1,40.64573227694905,48.63959479900802,61.68240365309972,0.027071990320629156,0.027071990320629156,1976.9919482597634,3804.7189204239294,1104.1150253904848,0.0499092558983666
COW02745,55,529.4,Jersey,Foot and Mouth,4.9,17.1,22.71,Mid,1,28.322644741985386,95.0,52.28462829847442,0.032300717793728756,0.032300717793728756,2690.651250488612,2733.6823563096323,894.0671439039127,0.1038911975821685
COW02746,36,550.7,Guernsey,Ketosis,3.4,31.0,23.08,Mid,1,42.0,47.65250290523675,63.15209080184534,0.05629199201016887,0.05629199201016887,2001.4051220199435,3988.186572644519,1957.7148148572055,0.06537134556019611
COW02747,99,621.0,Guernsey,Healthy,4.8,31.1,26.43,Mid,0,46.56163133739331,66.13647936163656,74.91987574173541,0.0500805152979066,0.0500805152979066,3079.4223699896424,5612.987781157074,2330.0081355679713,0.15942028985507245
COW02748,56,639.8,Ayrshire,Ketosis,5.0,16.7,25.92,Mid,1,37.08796045125456,71.26404095781434,62.238725789478416,0.026101906845889342,0.026101906845889342,2643.0379326400034,3873.6589878978857,1039.3867206842895,0.08752735229759301
COW02749,117,522.5,Ayrshire,Bloat,3.5,27.9,26.6,Mid,1,32.27985921176085,71.35970105235447,54.98290145150308,0.05339712918660287,0.05339712918660287,2303.481103363345,3023.1194520256995,1534.022950496936,0.22392344497607655
COW02750,38,552.7,Jersey,Healthy,4.2,21.7,23.99,Early,0,46.24484290237601,63.60684821482726,73.6513752110653,0.03926180568120137,0.03926180568120137,2941.4887032099623,5424.525070481124,1598.234842080117,0.06875339243712683
COW02751,20,574.0,Guernsey,Foot and Mouth,3.9,22.9,18.61,Mid,1,25.0,95.0,46.47,0.03989547038327526,0.03989547038327526,2375.0,2159.4609,1064.163,0.03484320557491289
COW02752,74,594.3,Guernsey,Mastitis,2.7,23.0,24.43,Mid,1,39.0,98.0,71.708,0.03870099276459701,0.03870099276459701,3822.0,5142.037264,1649.2839999999999,0.12451623759044254
COW02753,82,539.4,Brown Swiss,Mastitis,2.1,31.4,23.45,Early,1,48.04746130811355,66.94511757468615,77.36330158010449,0.0582128290693363,0.0582128290693363,3216.542946436845,5985.080431374198,2429.207669615281,0.15202076381164256
COW02754,119,540.4,Guernsey,Bloat,3.4,17.3,25.73,Mid,1,42.02349779621365,98.0,77.08982607726028,0.03201332346410067,0.03201332346410067,4118.302784028938,5942.84128462224,1333.653991136603,0.22020725388601037
COW02755,106,660.4,Holstein,Healthy,4.4,27.9,20.37,Early,0,22.680014263443667,86.2902667383969,41.688857804657786,0.04224712295578437,0.04224712295578437,1957.0644804232002,1737.9608650569764,1163.119132749952,0.16050878255602666
COW02756,107,646.8,Jersey,Healthy,3.0,14.1,23.99,Early,0,27.62422271736546,95.0,51.06238975538955,0.021799628942486087,0.021799628942486087,2624.3011581497185,2607.367647531312,719.9796955509927,0.16542980828695117
COW02757,80,588.2,Ayrshire,Healthy,4.4,25.3,20.56,Late,0,26.395845073497853,82.67160016954543,47.43383313491854,0.043012580754845285,0.043012580754845285,2182.18675005348,2249.9685258712957,1200.075978313439,0.13600816048962935
COW02758,50,687.5,Ayrshire,Mastitis,4.0,25.7,24.28,Late,1,20.54819969414008,85.26086156133704,38.080567785047386,0.03738181818181818,0.03738181818181818,1751.9572094567854,1450.1296428315889,978.6705920757178,0.07272727272727272
COW02759,58,519.1,Holstein,Foot and Mouth,4.1,27.6,20.65,Early,1,35.69718180015147,87.9880449389002,63.69671933315772,0.05316894625313042,0.05316894625313042,3140.9252364238178,4057.272053807069,1758.0294535951532,0.11173184357541899
COW02760,26,679.8,Brown Swiss,Foot and Mouth,2.9,30.7,23.1,Mid,1,33.664567493775955,95.0,61.632993114107926,0.045160341276846136,0.045160341276846136,3198.1339119087156,3798.625840203675,1892.1328886031133,0.03824654310091204
COW02761,58,593.4,Jersey,Mastitis,3.4,27.6,18.55,Early,1,27.92093016848771,83.07475477794941,49.96922371595912,0.04651162790697675,0.04651162790697675,2319.5244269193663,2496.9233187755713,1379.1505745604718,0.09774182676103808
COW02762,51,811.7,Holstein,Ketosis,2.5,27.2,26.5,Mid,1,42.0,58.35834676809867,66.10690370799523,0.033509917457188614,0.033509917457188614,2451.0505642601443,4370.122717858153,1798.1077808574703,0.06283109523222866
COW02763,15,454.6,Holstein,Healthy,2.7,18.6,19.06,Mid,0,41.83719993363927,54.35100194404889,64.78215301623628,0.0409150901891773,0.0409150901891773,2273.89373492679,4196.727349419051,1204.9480461019948,0.03299604047514298
COW02764,34,494.9,Brown Swiss,Ketosis,2.3,31.9,20.46,Mid,1,34.75750659436416,55.84077689035064,55.57379511328864,0.06445746615477874,0.06445746615477874,1940.88617100078,3088.446703293784,1772.8040641139075,0.06870074762578299
COW02765,69,583.5,Guernsey,Healthy,2.4,22.4,27.02,Mid,0,25.693779433564092,82.19273301266921,46.23768952372035,0.038389031705227075,0.038389031705227075,2111.8419530693445,2137.9239324919586,1035.7242453313359,0.11825192802056556
COW02766,51,581.8,Brown Swiss,Healthy,2.6,21.5,20.8,Mid,0,29.30042680722443,51.89831957177488,47.57341256775129,0.03695427982124442,0.03695427982124442,1520.642914030733,2263.2295833414764,1022.8283702066527,0.08765898934341698
COW02767,119,706.0,Jersey,Healthy,3.7,23.0,23.77,Late,0,20.73075263577344,78.79340910218815,37.97281793217128,0.032577903682719546,0.032577903682719546,1633.4466734267621,1441.9349017098289,873.3748124399394,0.16855524079320114
COW02768,63,496.5,Guernsey,Healthy,3.3,21.1,21.26,Early,0,25.555989834931495,78.70898469772256,45.62555820000091,0.04249748237663646,0.04249748237663646,2011.4860128527762,2081.69156106167,962.6992780200193,0.1268882175226586
COW02769,115,622.4,Guernsey,Healthy,2.8,24.7,22.55,Early,0,39.38611915272858,86.79864367757698,69.59650785441457,0.03968508997429306,0.03968508997429306,3418.661722180278,4843.673905529588,1719.0337440040398,0.18476863753213368
COW02770,83,643.0,Ayrshire,Healthy,4.6,20.3,28.47,Mid,0,52.0,81.00820004532783,88.45908321704326,0.03157076205287714,0.03157076205287714,4212.426402357047,7825.0094035997845,1795.7193893059782,0.1290824261275272
COW02771,16,606.4,Jersey,Healthy,3.6,18.3,20.59,Mid,0,18.0,84.83111199335016,33.85392003176061,0.030178100263852245,0.030178100263852245,1526.960015880303,1146.0879015168423,619.5267365812192,0.026385224274406333
COW02772,33,473.1,Jersey,Mastitis,4.8,30.7,18.35,Early,1,24.862602504288255,78.93579920859293,44.548820908208796,0.06489114352145424,0.06489114352145424,1962.5493990815573,1984.597444311661,1367.64880188201,0.06975269499048826
COW02773,88,662.6,Brown Swiss,Healthy,3.9,30.7,27.8,Mid,0,37.503161938349706,59.55353503658852,60.16127919019464,0.04633262903712647,0.04633262903712647,2233.445868478362,3619.3795138005466,1846.9512711389755,0.13281014186537882
COW02774,70,648.3,Brown Swiss,Mastitis,2.0,22.9,22.16,Mid,1,21.695724704145633,92.92970276216066,40.53647504522456,0.03532315286132963,0.03532315286132963,2016.1772479659196,1643.2058090921137,928.2852785356424,0.10797470306956657
COW02775,44,598.0,Brown Swiss,Healthy,4.7,31.3,17.72,Mid,0,40.24529106442498,47.22759241861813,60.80234157485215,0.05234113712374582,0.05234113712374582,1900.6882031593173,3696.924740984994,1903.1132912928724,0.07357859531772576
COW02776,68,566.3,Ayrshire,Healthy,4.6,21.5,20.07,Late,0,20.128050974644445,81.98317171928457,37.198478646426466,0.03796574253929013,0.03796574253929013,1650.1614594287887,1383.7268136086457,799.767290898169,0.1200776973335688
COW02777,109,568.1,Holstein,Healthy,3.9,21.0,18.48,Mid,0,32.849494702049135,61.36699103895681,54.001495522178615,0.03696532300651294,0.03696532300651294,2015.8746470149085,2916.1615186318772,1134.031405965751,0.19186762893856715
COW02778,53,543.7,Brown Swiss,Healthy,3.6,30.5,16.86,Mid,0,32.58405830451122,42.110876968459245,50.124713064094585,0.05609711237814971,0.05609711237814971,1372.1432703943747,2512.4868597578143,1528.803748454885,0.09748022806694867
COW02779,16,601.3,Brown Swiss,Mastitis,3.4,25.4,19.46,Mid,1,40.45966258477829,58.042107547239524,63.89330745172739,0.04224180941293863,0.04224180941293863,2348.364087070725,4082.3547371209625,1622.8900092738756,0.026609013803425913
COW02780,45,552.5,Jersey,Healthy,3.4,27.7,21.04,Early,0,49.0,71.29588442321588,80.26837601043269,0.05013574660633484,0.05013574660633484,3493.498336737578,6443.012187352206,2223.4340154889856,0.08144796380090498
COW02781,113,482.1,Guernsey,Foot and Mouth,4.3,21.4,23.39,Mid,1,40.203984043790136,67.7608458526528,66.04818508678787,0.04438913088570835,0.04438913088570835,2724.2559654537763,4362.362753258587,1413.4311608572602,0.23439120514416095
COW02782,94,466.1,Ayrshire,Healthy,3.5,21.3,22.27,Late,0,22.250738635795077,91.67180513287529,41.39750473233347,0.04569834799399271,0.04569834799399271,2039.7653762831458,1713.7533980635724,881.766850798703,0.2016734606307659
COW02783,102,489.8,Brown Swiss,Mastitis,2.5,15.5,22.3,Late,1,39.857034552929946,46.30567403276011,60.07367908083081,0.03164556962025317,0.03164556962025317,1845.6068499204307,3608.846918306649,931.1420257528775,0.20824826459779502
COW02784,110,567.8,Holstein,Ketosis,2.2,31.4,19.33,Late,1,40.37577660995492,54.50144170404829,62.857794034212326,0.055301162381120116,0.055301162381120116,2200.5380351631343,3951.102270847459,1973.734732674267,0.19373018668545264
COW02785,24,547.8,Holstein,Healthy,2.4,18.1,22.42,Mid,0,24.2211518738522,95.0,45.10701577924135,0.0330412559328222,0.0330412559328222,2301.009428015959,2034.6428725087283,816.4369856042686,0.043811610076670324
COW02786,42,567.2,Brown Swiss,Healthy,2.8,22.9,24.76,Mid,0,22.65642803202394,88.12684292888905,41.801271788937655,0.04037376586741889,0.04037376586741889,1996.6394745078526,1747.346323172635,957.2491239666722,0.07404795486600846
COW02787,18,590.1,Guernsey,Healthy,3.1,16.1,21.35,Early,0,29.02575199736454,63.86845104374239,48.96184285210758,0.027283511269276396,0.027283511269276396,1853.8298204514851,2397.262055474478,788.2856699189321,0.030503304524656837
COW02788,12,499.8,Jersey,Healthy,4.7,25.6,19.94,Late,0,36.29999356103485,95.0,66.24498873181099,0.051220488195278115,0.051220488195278115,3448.499388298311,4388.398532077766,1695.8717115343616,0.024009603841536616
COW02789,102,667.3,Jersey,Healthy,2.7,21.0,19.8,Mid,0,38.37131117136048,55.31779532173583,60.35744978679797,0.03147010340176832,0.03147010340176832,2122.6163376039544,3643.0217447658383,1267.5064455227573,0.15285478795144614
COW02790,113,528.6,Ayrshire,Healthy,3.0,27.8,23.63,Early,0,31.473525470743652,84.43200154667568,55.99433966612527,0.05259175179720015,0.05259175179720015,2657.3727512251644,3135.3660746454098,1556.6426427182826,0.21377222852818767
COW02791,28,515.3,Holstein,Bloat,2.7,23.5,24.48,Late,1,50.56556523733133,88.23181030347033,88.76198510524506,0.045604502231709684,0.045604502231709684,4461.491359907971,7878.689999823746,2085.906649973259,0.054337279254803035
COW02792,89,588.6,Holstein,Ketosis,3.6,16.3,23.03,Mid,1,21.007883383642127,93.66892635733122,39.39584012731577,0.027692830445124023,0.027692830445124023,1967.7858815857767,1552.0322193370237,642.1521940752472,0.1512062521236833
COW02793,69,403.1,Holstein,Healthy,3.9,14.2,18.49,Late,0,39.28534405560049,98.0,72.21591241896888,0.03522699082113619,0.03522699082113619,3849.963717448848,5215.138006504184,1025.465956349358,0.17117340610270404
COW02794,19,486.8,Ayrshire,Healthy,3.6,17.8,18.78,Mid,0,20.69858745329871,81.59659423323566,38.09830280933261,0.03656532456861134,0.03656532456861134,1688.9342416279576,1451.480676951601,678.1497900061205,0.039030402629416594
COW02795,110,628.5,Brown Swiss,Healthy,4.9,27.0,21.24,Late,0,29.459142284631948,79.9687846189505,52.009926886764184,0.04295942720763723,0.04295942720763723,2355.8118044187495,2705.032494766556,1404.268025942633,0.17501988862370724
COW02796,106,411.0,Holstein,Healthy,5.0,28.9,18.89,Mid,0,19.472606808358556,76.11278770115632,35.83898789764719,0.07031630170316301,0.07031630170316301,1482.114387992686,1284.433053527702,1035.7467502420038,0.25790754257907544
COW02797,73,639.4,Jersey,Foot and Mouth,4.5,20.1,24.47,Mid,1,33.33164759378925,53.970689655253665,53.282858844501696,0.03143572098842665,0.03143572098842665,1798.932007982682,2839.0630466430925,1070.9854627744842,0.11416953393806695
COW02798,88,670.9,Ayrshire,Healthy,4.4,23.6,23.92,Mid,0,28.53973877343378,95.0,52.66454285350911,0.03517662840959905,0.03517662840959905,2711.275183476209,2773.5540739690978,1242.883211342815,0.1311670889849456
COW02799,54,520.4,Guernsey,Healthy,3.1,18.3,23.62,Early,0,31.600790507980673,95.0,58.02138338896618,0.03516525749423521,0.03516525749423521,3002.075098258164,3366.4809303694005,1061.791316018081,0.10376633358954651
COW02800,97,573.3,Jersey,Healthy,3.7,29.8,22.86,Early,0,38.20693372909929,84.86677379156457,67.16972357786182,0.05197976626548056,0.05197976626548056,3242.499202056768,4511.771765526366,2001.6577626202823,0.16919588348159778
COW02801,60,639.5,Jersey,Healthy,3.1,31.4,20.51,Late,0,30.702889445508415,64.95260489364355,51.55146292419533,0.049100860046911644,0.049100860046911644,1994.232647247327,2657.5533296246854,1618.7159358197332,0.09382329945269742
COW02802,118,512.7,Holstein,Healthy,4.4,27.6,19.38,Late,0,50.68242458919138,97.0245439880307,92.14879667681717,0.053832650672908135,0.053832650672908135,4917.439133974048,8491.40072898539,2543.3067882801543,0.2301540862102594
COW02803,18,619.4,Guernsey,Healthy,2.5,15.6,19.3,Late,0,26.438198381968263,84.70632274135012,47.74767387924864,0.025185663545366485,0.025185663545366485,2239.482564842844,2279.8403608790827,744.8637125162787,0.029060381013884404
COW02804,30,496.3,Holstein,Healthy,2.7,21.9,19.44,Early,0,40.5285233759022,61.47680226826643,64.88579935214293,0.044126536369131567,0.044126536369131567,2491.5640178051535,4210.166957566551,1420.99900581193,0.060447310094700786
COW02805,116,511.8,Jersey,Healthy,2.1,31.8,25.18,Early,0,36.648960786069004,42.17188963966998,55.10197581752968,0.06213364595545135,0.06213364595545135,1545.5559296786946,3036.2277389956253,1752.2428309974437,0.2266510355607659
COW02806,43,486.1,Jersey,Foot and Mouth,3.8,18.1,25.24,Late,1,42.0,51.461814170555314,64.20346071107326,0.03723513680312693,0.03723513680312693,2161.3961951633232,4122.084367278328,1162.082638870426,0.08845916478090927
COW02807,45,577.4,Guernsey,Healthy,4.1,26.1,23.61,Early,0,22.773713210111048,91.93701045966851,42.317512157931276,0.04520263249047454,0.04520263249047454,2093.7471096034706,1790.7718352366614,1104.4870673220064,0.07793557325943887
COW02808,97,642.6,Guernsey,Mastitis,2.0,30.9,23.06,Mid,1,49.0,65.42398200866708,78.23669777499882,0.04808590102707749,0.04808590102707749,3205.775118424687,6120.980878736505,2417.513961247463,0.1509492685963274
COW02809,32,535.3,Guernsey,Healthy,3.5,27.9,17.07,Mid,0,42.0,40.0,61.04,0.05212030637025967,0.05212030637025967,1680.0,3725.8815999999997,1703.0159999999998,0.05977956286194658
COW02810,67,448.3,Jersey,Healthy,3.1,25.0,21.05,Late,0,36.17182189402814,53.557358218607554,56.99787015772439,0.055766227972339946,0.055766227972339946,1937.2672225981369,3248.757202516809,1424.9467539431098,0.14945349096587107
COW02811,42,463.4,Jersey,Foot and Mouth,4.4,23.1,18.06,Mid,1,25.041424779828468,78.54153738180247,44.79107844526814,0.04984894259818732,0.04984894259818732,1966.7920004384923,2006.2407082901643,1034.6739120856942,0.0906344410876133
COW02812,33,581.6,Jersey,Mastitis,2.1,30.7,25.15,Early,1,23.67870683409768,75.2944552575434,42.32931723295644,0.052785419532324615,0.052785419532324615,1782.875332276455,1791.7710974082631,1299.5100390517628,0.056740027510316364
COW02813,116,697.5,Holstein,Healthy,2.1,21.1,18.91,Mid,0,35.42605869429015,88.4841747464187,63.34558147277237,0.03025089605734767,0.03025089605734767,3134.645568082455,4012.6626921236425,1336.5917690754973,0.16630824372759856
COW02814,33,581.5,Guernsey,Healthy,3.9,30.2,22.03,Early,0,28.60659675785781,65.81593684805125,48.63548215669524,0.051934651762682714,0.051934651762682714,1882.7699656528373,2365.410124614221,1468.7915611321962,0.05674978503869303
COW02815,22,519.0,Brown Swiss,Mastitis,3.8,21.8,17.56,Mid,1,32.100010892750966,93.24831138987878,58.584969987515656,0.04200385356454721,0.04200385356454721,2993.2718113457427,3432.1987084381103,1277.1523457278413,0.04238921001926782
COW02816,84,611.3,Brown Swiss,Bloat,4.5,27.6,22.5,Mid,1,41.3856722026797,40.0,60.30280664321564,0.04514968100768854,0.04514968100768854,1655.426888107188,3636.428489049052,1664.3574633527517,0.13741207263209554
COW02817,105,530.8,Ayrshire,Healthy,3.8,30.5,22.92,Mid,0,33.19737898124311,87.11924703200643,59.33403821520613,0.05746043707611154,0.05746043707611154,2892.1306602820564,3520.528090923541,1809.688165563787,0.19781461944235118
COW02818,25,519.7,Holstein,Healthy,4.8,23.9,22.48,Mid,0,50.48787978231771,83.69851036551849,86.99532162615321,0.04598807004040792,0.04598807004040792,4225.76032929337,7568.185984837841,2079.1881868650617,0.048104675774485274
COW02819,88,473.3,Ayrshire,Healthy,2.9,19.6,20.7,Early,0,36.546471204006174,95.0,66.6763246070108,0.04141136699767589,0.04141136699767589,3471.9147643805863,4445.732263099474,1306.8559622974117,0.18592858652017746
COW02820,70,662.7,Guernsey,Healthy,3.2,14.9,25.01,Early,0,49.0,59.92600854831242,76.3343989577161,0.022483778481967708,0.022483778481967708,2936.3744188673086,5826.9404642357695,1137.38254446997,0.10562848951259997
COW02821,101,346.9,Jersey,Healthy,4.9,28.6,17.49,Late,0,25.835545893476393,95.0,47.93220531358369,0.08244450850389162,0.08244450850389162,2454.376859880257,2297.49630622354,1370.8610719684934,0.291150187373883
COW02822,25,613.8,Guernsey,Healthy,2.3,25.2,21.67,Mid,0,35.513654592895854,57.29147650021156,56.907248133741454,0.04105571847507332,0.04105571847507332,2034.6297075455232,3238.4348901552203,1434.0626529702847,0.04072987943955686
COW02823,117,512.9,Guernsey,Mastitis,4.4,18.7,23.18,Mid,1,32.69952102659215,91.85492215437499,59.368627614873425,0.036459348800935855,0.036459348800935855,3003.61195838297,3524.6339448735116,1110.193336398133,0.2281146422304543
COW02824,78,517.2,Jersey,Healthy,2.0,29.8,22.23,Mid,0,29.332670352645707,77.44152417765936,51.43022380363086,0.05761794276875483,0.05761794276875483,2271.566700309724,2645.067920491558,1532.6206693481997,0.1508120649651972
COW02825,102,685.4,Jersey,Mastitis,3.5,30.6,21.86,Late,1,28.39081048876644,95.0,52.40391835534127,0.04464546250364751,0.04464546250364751,2697.1269964328117,2746.1706589932737,1603.559901673443,0.1488182083454917
COW02826,51,492.9,Ayrshire,Mastitis,2.5,30.0,20.0,Mid,1,23.315737933469595,58.58888614581103,40.276221893675064,0.060864272671941576,0.060864272671941576,1366.0431151896175,1622.1740500285505,1208.286656810252,0.10346926354230067
COW02827,113,495.6,Holstein,Mastitis,3.8,24.8,23.14,Early,1,49.0,72.39827375987487,80.64980272091671,0.05004035512510089,0.05004035512510089,3547.5154142338683,6504.390678922785,2000.1151074787344,0.22800645682001613
COW02828,79,539.6,Holstein,Healthy,4.4,31.6,18.95,Mid,0,22.92175146188905,88.09783216248474,42.24487946971034,0.05856189770200148,0.05856189770200148,2019.3566131596906,1784.6298414103542,1334.9381912428469,0.1464047442550037
COW02829,25,583.1,Guernsey,Healthy,2.1,29.7,18.32,Mid,0,25.652562893841772,95.0,47.6119850642231,0.05093465957811696,0.05093465957811696,2436.9934749149684,2266.9011217558036,1414.075956407426,0.04287429257417252
COW02830,111,514.7,Ayrshire,Healthy,2.5,15.9,22.4,Mid,0,49.0,59.72920412481868,76.26630462718727,0.030891781620361373,0.030891781620361373,2926.731002116115,5816.549221486926,1212.6342435722777,0.21565960753837185
COW02831,97,424.1,Brown Swiss,Healthy,3.0,31.7,19.05,Late,0,40.416561842212346,87.30163619999175,71.44613364500397,0.0747465220466871,0.0747465220466871,3528.4319784032905,5104.550012819768,2264.842436546626,0.22871964159396369
COW02832,44,480.7,Holstein,Healthy,2.8,23.9,16.69,Mid,0,41.099038697432206,82.0461551399061,71.18476566850455,0.04971915955897649,0.04971915955897649,3372.0181050705273,5067.270863279905,1701.3158994772587,0.09153318077803203
COW02833,70,652.5,Brown Swiss,Healthy,3.1,30.6,26.36,Late,0,20.159614377266262,89.62158133264896,37.689548985381634,0.04689655172413793,0.04689655172413793,1806.7365195470077,1420.5021027214818,1153.300198952678,0.10727969348659004
COW02834,53,556.0,Jersey,Healthy,4.9,27.7,18.76,Mid,0,33.275621975498595,95.0,60.95233845712254,0.04982014388489209,0.04982014388489209,3161.1840876723663,3715.1875633916197,1688.3797752622945,0.09532374100719425
COW02835,70,586.1,Ayrshire,Healthy,2.3,25.7,21.68,Mid,0,22.428149188435956,81.69416188933774,40.901048545467184,0.04384917249616106,0.04384917249616106,1832.2488506783056,1672.8957721186632,1051.1569476185066,0.11943354376386282
COW02836,116,529.1,Guernsey,Bloat,3.3,19.9,19.35,Mid,1,36.91795735081462,98.0,68.00196408445001,0.03761103761103761,0.03761103761103761,3617.9598203798323,4624.267119342829,1353.2390852805552,0.21924021924021922
COW02837,109,497.2,Jersey,Mastitis,3.4,14.5,20.0,Mid,1,49.0,61.02617437742833,76.7150563345902,0.02916331456154465,0.02916331456154465,2990.282544493988,5885.199868419349,1112.368316851558,0.21922767497988738
COW02838,35,684.2,Guernsey,Healthy,2.8,19.0,20.19,Early,0,40.74833409029955,57.3828184319651,64.1180839831238,0.027769657994738378,0.027769657994738378,2338.254256508713,4111.128693666917,1218.2435956793522,0.051154633148202275
COW02839,116,534.9,Guernsey,Bloat,2.8,26.3,22.76,Mid,1,41.09319070212461,78.0559933174408,70.1101877123618,0.04916806879790615,0.04916806879790615,3207.5698188373585,4915.4384210626085,1843.8979368351156,0.21686296504019445
COW02840,59,514.5,Guernsey,Healthy,4.1,29.5,21.43,Early,0,31.0207894429291,95.0,57.006381525125924,0.057337220602526724,0.057337220602526724,2946.9749970782646,3249.727534588218,1681.6882549912148,0.11467444120505345
COW02841,88,637.7,Jersey,Healthy,3.9,14.0,25.28,Early,0,49.0,66.4329527697046,78.58580165831779,0.02195389681668496,0.02195389681668496,3255.2146857155253,6175.728222280463,1100.201223216449,0.13799592284773404
COW02842,94,492.2,Brown Swiss,Foot and Mouth,4.4,17.7,19.49,Late,1,43.23887829393762,66.81503989664543,70.25981067298953,0.03596099146688338,0.03596099146688338,2889.007378295638,4936.440995804333,1243.5986489119146,0.1909792767167818
COW02843,64,502.4,Holstein,Healthy,3.2,26.1,26.43,Early,0,49.0,67.21718843913769,78.85714719994164,0.05195063694267516,0.05195063694267516,3293.6422335177467,6218.449664513263,2058.171541918477,0.12738853503184713
COW02844,61,550.8,Brown Swiss,Healthy,3.8,19.1,16.87,Late,0,42.0,40.0,61.04,0.03467683369644155,0.03467683369644155,1680.0,3725.8815999999997,1165.864,0.11074800290486565
COW02845,61,550.0,Jersey,Healthy,4.7,16.6,17.66,Mid,0,29.46968910231653,80.83340232206072,52.157093702612485,0.030181818181818185,0.030181818181818185,2382.1352355136005,2720.362423503099,865.8077554633674,0.11090909090909092
COW02846,105,570.8,Brown Swiss,Healthy,4.6,15.5,26.12,Mid,0,40.13757929039575,46.45150313264485,60.46555588266173,0.027154870357393134,0.027154870357393134,1864.4508901445993,3656.083448199289,937.2161161812569,0.18395234758234058
COW02847,53,717.3,Ayrshire,Healthy,4.8,25.5,24.63,Late,0,41.60492111213722,76.47496848535722,70.488891736683,0.0355499790882476,0.0355499790882476,3181.7350308864675,4968.683858265817,1797.4667392854165,0.0738881918304754
COW02848,42,576.9,Ayrshire,Healthy,2.8,24.7,22.25,Mid,0,18.0,91.99745972665322,34.11190855015951,0.04281504593517074,0.04281504593517074,1655.954275079758,1163.6223049344455,842.56414118894,0.07280291211648467
COW02849,51,359.8,Brown Swiss,Healthy,5.0,29.5,20.18,Late,0,35.2143170914134,53.03776057945677,55.61090133832351,0.08198999444135631,0.08198999444135631,1867.6885188634565,3092.5723476607513,1640.5215894805435,0.14174541411895497
COW02850,33,576.1,Guernsey,Healthy,4.4,19.7,22.44,Early,0,44.02804709561066,58.0,68.80670499194272,0.03419545217844124,0.03419545217844124,2553.6267315454184,4734.362651848236,1355.4920883412717,0.057281721923277205
COW02851,54,553.0,Holstein,Healthy,4.4,16.5,22.25,Mid,0,35.54950590899044,56.35630673955929,56.75868515116422,0.029837251356238697,0.029837251356238697,2003.4388594468405,3221.54834008899,936.5183049942096,0.09764918625678119
COW02852,24,553.5,Brown Swiss,Healthy,4.0,28.4,17.86,Mid,0,33.59670839581771,95.0,61.51423969268099,0.051309846431797645,0.051309846431797645,3191.687297602682,3784.001684968609,1747.00440727214,0.04336043360433604
COW02853,21,569.7,Guernsey,Foot and Mouth,4.9,31.8,22.34,Mid,1,42.0,57.48503262303038,65.86586900395639,0.05581885202738283,0.05581885202738283,2414.371370167276,4338.312699646343,2094.5346343258134,0.03686150605581885
COW02854,90,547.7,Guernsey,Mastitis,3.3,20.5,23.37,Mid,1,18.0,95.0,34.22,0.03742924958919116,0.03742924958919116,1710.0,1171.0084,701.51,0.16432353478181486
COW02855,20,545.8,Ayrshire,Healthy,4.2,29.6,23.52,Mid,0,25.011612245230523,67.47830234171967,43.56982559035202,0.05423231953096373,0.05423231953096373,1687.741133137523,1898.3297019736935,1289.6668374744197,0.03664345914254306
COW02856,73,599.0,Brown Swiss,Mastitis,4.1,27.7,26.77,Early,1,26.17407237816679,84.04089086834131,47.2342932206281,0.046243739565943236,0.046243739565943236,2199.692360313582,2231.078456052274,1308.3899222113985,0.12186978297161936
COW02857,96,506.6,Ayrshire,Healthy,4.2,30.4,21.98,Early,0,39.07477421853654,48.94694539568932,59.737367638085935,0.06000789577575996,0.06000789577575996,1912.5908400235967,3568.5530923278366,1816.0159761978123,0.189498618239242
COW02858,90,474.2,Ayrshire,Healthy,4.3,21.6,17.77,Late,0,27.485491184134183,95.0,50.81960957223482,0.04555040067482075,0.04555040067482075,2611.1216624927474,2582.6327170743807,1097.7035667602722,0.18979333614508648
COW02859,60,791.9,Brown Swiss,Healthy,2.6,15.8,28.93,Mid,0,32.69623151623432,67.82492983382483,54.96639140110753,0.0199520141431999,0.0199520141431999,2217.6196084190847,3021.3041836597477,868.468984137499,0.07576714231594898
COW02860,32,492.7,Holstein,Healthy,3.0,16.1,17.42,Mid,0,47.10586240885742,76.33654529910899,79.05121540028765,0.032677085447534,0.032677085447534,3595.89879962734,6249.094656262675,1272.7245679446312,0.06494824436776944
COW02861,112,558.0,Jersey,Mastitis,3.2,27.7,22.23,Mid,1,33.51155062291757,89.9767817538561,60.405198692094324,0.0496415770609319,0.0496415770609319,3015.2614766315546,3648.7880290313938,1673.2240037710128,0.2007168458781362
COW02862,102,430.3,Guernsey,Ketosis,4.2,29.5,19.48,Late,1,49.0,73.74558129491797,81.11597112804162,0.06855682082268184,0.06855682082268184,3613.5334834509804,6579.800772045282,2392.921148277228,0.23704392284452708
COW02863,78,559.3,Brown Swiss,Healthy,4.1,22.2,20.83,Late,0,42.0,61.366039083344155,66.93702678700299,0.03969247273377436,0.03969247273377436,2577.3736415004546,4480.5655550839565,1486.0019946714663,0.1394600393348829
COW02864,21,475.3,Ayrshire,Healthy,4.5,15.1,21.07,Early,0,37.322356105539264,63.23175343056011,60.752092577560944,0.03176940879444561,0.03176940879444561,2359.9580187130186,3690.8167525525355,917.3565979211702,0.04418262150220913
COW02865,15,514.6,Ayrshire,Healthy,4.4,15.2,19.87,Late,0,36.454877863925866,54.79586261817181,57.6490628660631,0.029537504858142244,0.029537504858142244,1997.5764791939143,3323.414449335295,876.265755564159,0.029148853478429847
COW02866,46,633.6,Holstein,Healthy,3.8,24.8,23.51,Mid,0,38.19271914905856,53.66801104523291,59.72325446012484,0.039141414141414144,0.039141414141414144,2049.727273139153,3566.8671233088216,1481.136710611096,0.0726010101010101
COW02867,29,587.8,Ayrshire,Healthy,2.4,30.5,18.91,Mid,0,33.008415714050344,95.0,60.4847274995881,0.05188839741408643,0.05188839741408643,3135.7994928347825,3658.4022606994286,1844.784188737437,0.049336509016672345
COW02868,104,595.5,Jersey,Ketosis,3.9,21.2,21.62,Late,1,22.46294849293347,81.67435212298793,40.95571973796041,0.03560033585222502,0.03560033585222502,1834.6467649323893,1677.3709792543598,868.2612584447606,0.1746431570109152
COW02869,34,408.3,Ayrshire,Foot and Mouth,4.7,25.7,17.12,Mid,1,42.73993264622814,79.39227328953527,73.09166289354619,0.06294391378888071,0.06294391378888071,3393.220413025675,5342.391184543796,1878.455736364137,0.08327210384521185
COW02870,42,697.0,Brown Swiss,Ketosis,3.9,23.8,22.34,Early,1,27.088563381890758,80.59886537909502,48.29768882422388,0.03414634146341464,0.03414634146341464,2183.307473330096,2332.6667457615604,1149.4849940165284,0.06025824964131994
COW02871,117,454.6,Brown Swiss,Healthy,4.7,30.0,19.67,Mid,0,40.101712069381236,86.52603648001806,70.720042416647,0.06599208095028596,0.06599208095028596,3469.8422014264615,5001.324399412351,2121.6012724994102,0.25736911570611526
COW02872,100,672.3,Holstein,Healthy,5.0,29.0,27.68,Late,0,31.439470087416815,74.69155809580987,54.27862176949453,0.04313550498289454,0.04313550498289454,2348.2630065357694,2946.1687811958454,1574.0800313153413,0.14874312063067086
COW02873,35,631.7,Holstein,Healthy,3.1,17.6,21.12,Early,0,39.115260306331066,41.00371396698138,57.826382887267734,0.027861326579072344,0.027861326579072344,1603.8709453448196,3343.8905578248905,1017.7443388159122,0.05540604717429159
COW02874,53,596.2,Brown Swiss,Bloat,4.2,26.2,16.68,Mid,1,52.0,76.0130175252254,86.58089458948476,0.043944984904394496,0.043944984904394496,3952.6769113117207,7496.2513079154705,2268.4194382445007,0.08889634350888963
COW02875,67,481.6,Brown Swiss,Healthy,3.6,29.3,24.38,Mid,0,47.07868409563477,66.08269444234898,75.65790223520662,0.060838870431893684,0.060838870431893684,3111.086295839707,5724.118170632083,2216.776535491554,0.13911960132890364
COW02876,83,562.1,Brown Swiss,Healthy,3.4,30.7,23.06,Mid,0,45.83845915897798,66.68123668834997,74.03432069015074,0.054616616260451875,0.054616616260451875,3056.565144609074,5481.080640052081,2272.8536451876275,0.14766055861946273
COW02877,113,512.3,Holstein,Healthy,2.7,24.6,20.48,Mid,0,42.0,51.58104835837588,64.23636934691174,0.048018739020105415,0.048018739020105415,2166.404031051787,4126.311146872863,1580.214685934029,0.2205738824907281
COW02878,106,552.3,Brown Swiss,Mastitis,2.7,17.2,20.4,Mid,1,37.63982733780514,95.0,68.589697841159,0.031142495020822017,0.031142495020822017,3575.783597091488,4704.546649941491,1179.7428028679346,0.19192467861669385
COW02879,117,530.0,Holstein,Mastitis,2.6,24.0,18.51,Mid,1,39.984364296026335,87.8957255393227,70.87505405943685,0.045283018867924525,0.045283018867924525,3514.4547100278246,5023.273287928096,1701.0012974264844,0.22075471698113208
COW02880,16,386.9,Holstein,Mastitis,3.9,26.0,22.64,Mid,1,42.0,51.97591191327494,64.34535168806389,0.06720082708710261,0.06720082708710261,2182.9883003575474,4140.324283860626,1672.979143889661,0.041354355130524684
COW02881,37,639.7,Brown Swiss,Healthy,2.4,18.9,22.08,Late,0,39.50290324847665,65.85187104829838,64.53305407534728,0.029545099265280594,0.029545099265280594,2601.3400907520913,4164.5150682916965,1219.6747220240636,0.05783961231827419
COW02882,72,543.5,Guernsey,Mastitis,3.3,31.5,17.35,Late,1,26.64437150342473,71.56105340039106,46.477698432847816,0.05795768169273229,0.05795768169273229,1906.6992919764348,2160.1764516147446,1464.0475006347062,0.13247470101195952
COW02883,17,511.2,Guernsey,Healthy,3.6,18.1,20.17,Early,0,41.511853399239804,47.62938080920201,62.522690619348346,0.03540688575899844,0.03540688575899844,1977.1838736481595,3909.08684228275,1131.660700210205,0.03325508607198748
COW02884,50,505.2,Ayrshire,Healthy,3.3,30.4,23.83,Mid,0,34.1590979728895,84.56745853653942,60.437045363729126,0.060174188440221696,0.060174188440221696,2888.74810146792,3652.6364522974523,1837.2861790573654,0.09897070467141726
COW02885,28,578.7,Ayrshire,Healthy,4.6,21.7,21.18,Mid,0,42.0,44.809770085426806,62.3674965435778,0.03749783998617591,0.03749783998617591,1882.010343587926,3889.7046251131887,1353.3746749956383,0.04838430965958182
COW02886,112,478.5,Jersey,Healthy,3.3,14.0,18.18,Early,0,40.86289431239464,73.23013148606901,68.46912774990179,0.029258098223615466,0.029258098223615466,2992.395123398001,4688.021454832371,958.5677884986251,0.23406478578892373
COW02887,18,369.6,Guernsey,Healthy,2.2,23.8,15.24,Mid,0,26.162661718488046,79.90986140073548,46.72965605107161,0.06439393939393939,0.06439393939393939,2090.6546717987076,2183.6607546514533,1112.1658140155043,0.0487012987012987
COW02888,28,582.6,Holstein,Ketosis,5.0,25.3,18.55,Mid,1,34.00743438461654,56.17764048427158,54.620941504472555,0.04342602128389976,0.04342602128389976,1910.4574226514433,2983.4472508350127,1381.9098200631556,0.048060418812221076
COW02889,33,591.5,Ayrshire,Healthy,4.5,29.6,25.0,Early,0,46.36413013166038,68.10061960806462,75.2590747773171,0.05004226542688081,0.05004226542688081,3157.425989555011,5663.928336337806,2227.668613408586,0.055790363482671176
COW02890,28,534.0,Jersey,Healthy,4.0,23.7,20.08,Mid,0,46.18479551538739,67.3838200184814,74.76564581564091,0.04438202247191011,0.04438202247191011,3112.107948599231,5589.901794229863,1771.9458058306896,0.052434456928838954
COW02891,73,458.2,Guernsey,Mastitis,4.3,15.7,16.48,Mid,1,38.26126678181258,98.0,70.39305487162639,0.03426451331296377,0.03426451331296377,3749.6041446176328,4955.182174159804,1105.1709614845342,0.15931907463989525
COW02892,51,557.1,Ayrshire,Mastitis,2.4,30.7,22.43,Mid,1,25.44641136255401,75.50787410555573,45.09803947486229,0.05510680308741698,0.05510680308741698,1921.404425601911,2033.8331644762375,1384.5098118782723,0.09154550350026924
COW02893,110,432.8,Guernsey,Healthy,4.3,24.2,20.3,Late,0,41.19669832433766,98.0,75.61812301732104,0.05591497227356747,0.05591497227356747,4037.2764357850906,5718.100528662698,1829.958577019169,0.2541589648798521
COW02894,40,467.8,Ayrshire,Healthy,2.6,18.9,18.89,Early,0,37.88348113505003,73.53362757881638,63.97504046842932,0.04040188114578879,0.04040188114578879,2785.709793173885,4092.805802937169,1209.128264853314,0.08550662676357418
COW02895,70,489.9,Holstein,Healthy,3.5,30.2,18.48,Mid,0,35.72360957162799,45.20094388787327,54.61736045464313,0.061645233721167585,0.061645233721167585,1614.7408717194494,2983.0560630324158,1649.4442857302226,0.14288630332720964
COW02896,83,617.5,Holstein,Healthy,2.5,16.2,19.95,Mid,0,34.860928795234294,93.119311490935,63.34181905496008,0.02623481781376518,0.02623481781376518,3246.2256873467277,4012.1860411913035,1026.1374686903532,0.13441295546558704
COW02897,79,521.0,Guernsey,Mastitis,4.3,15.8,24.17,Mid,1,38.22402646161706,40.0,56.50883175394047,0.03032629558541267,0.03032629558541267,1528.9610584646823,3193.248066195151,892.8395417122595,0.15163147792706333
COW02898,98,514.2,Brown Swiss,Healthy,2.7,23.6,21.83,Mid,0,24.282266147545293,82.1611470396821,43.94519613837365,0.045896538311940877,0.045896538311940877,1995.058839405164,1931.1802636401305,1037.1066288656182,0.19058732010890703
COW02899,33,706.4,Holstein,Healthy,2.8,25.2,23.77,Early,0,44.00492431347651,67.93119643287014,71.71491873997147,0.03567383918459796,0.03567383918459796,2989.307157552356,5143.02956988071,1807.215952247281,0.046715741789354476
COW02900,66,578.2,Guernsey,Healthy,2.3,23.2,22.65,Early,0,42.96147795763188,79.43025047908947,73.45563584838243,0.040124524386025595,0.040124524386025595,3412.4409551265812,5395.730437890165,1704.1707516824722,0.11414735385679695
COW02901,98,577.1,Holstein,Healthy,4.2,30.7,22.78,Mid,0,26.15327405914344,69.7686253868073,45.52271699632334,0.053197019580661926,0.053197019580661926,1824.6779804708838,2072.317762727346,1397.5474117871265,0.16981459019234102
COW02902,105,520.4,Ayrshire,Healthy,2.9,18.7,19.96,Early,0,33.970480845727906,40.0,51.40457701487349,0.03593389700230592,0.03593389700230592,1358.8192338291162,2642.4305380780597,961.2655901781342,0.20176787086856265
COW02903,78,502.3,Holstein,Bloat,3.6,31.8,20.71,Late,1,33.780249262949894,68.70524077292018,56.739446328861725,0.06330877961377662,0.06330877961377662,2320.880158980232,3219.3647697057804,1804.314393257803,0.1552856858451125
COW02904,82,375.1,Brown Swiss,Healthy,3.0,14.3,22.61,Mid,0,36.324239325054066,49.869810241212804,56.39296800827707,0.03812316715542522,0.03812316715542522,1811.482922296846,3180.1668407825614,806.4194425183622,0.2186083711010397
COW02905,105,627.5,Ayrshire,Foot and Mouth,4.3,16.1,25.95,Early,1,22.407770163401757,76.1706776291187,40.425788927166906,0.02565737051792829,0.02565737051792829,1706.8150375038597,1634.2444103838504,650.8552017273872,0.16733067729083664
COW02906,79,585.9,Brown Swiss,Healthy,2.7,17.3,19.18,Mid,0,24.75685076326272,75.06114280627787,43.97945115225588,0.029527223075610176,0.029527223075610176,1858.2775105749722,1934.1921236536614,760.8445049340269,0.1348352961256187
COW02907,114,535.7,Guernsey,Foot and Mouth,4.8,15.4,20.53,Late,1,40.27688119386218,65.76149415961379,65.63852867008163,0.028747433264887063,0.028747433264887063,2648.667887397626,4308.416445973127,1010.833341519257,0.21280567481799512
COW02908,25,539.0,Guernsey,Healthy,3.0,21.9,22.25,Early,0,32.32944895069044,89.53247147493214,58.31623792794179,0.040630797773654914,0.040630797773654914,2894.535465977967,3400.7836060683167,1277.1256106219253,0.04638218923933209
COW02909,49,608.9,Ayrshire,Healthy,2.3,29.6,26.73,Mid,0,26.702522851029574,73.14121828283962,46.760233373591426,0.04861225160124816,0.04861225160124816,1953.055052549667,2186.519425152733,1384.1029078583063,0.08047298406963377
COW02910,24,425.6,Brown Swiss,Healthy,2.7,28.8,23.19,Early,0,22.279518402411973,93.41638446139588,41.58437592643318,0.06766917293233082,0.06766917293233082,2081.2720566944613,1729.2603211909156,1197.6300266812757,0.05639097744360902
COW02911,21,502.8,Ayrshire,Healthy,2.2,27.4,17.5,Late,0,42.0,57.54095459537727,65.88130346832412,0.05449482895783611,0.05449482895783611,2416.7200930058452,4340.346146685416,1805.147715032081,0.041766109785202864
COW02912,62,459.1,Brown Swiss,Bloat,3.4,14.1,23.73,Mid,1,31.149095947046035,78.69806490875847,54.50049115767335,0.030712263123502503,0.030712263123502503,2451.373574689774,2970.303536427631,768.4569253231942,0.1350468307558266
COW02913,36,691.7,Ayrshire,Mastitis,2.8,29.6,22.68,Mid,1,24.509830196566906,86.08837536122478,44.71125272525649,0.04279311840393234,0.04279311840393234,2110.0114620019335,1999.0961202617561,1323.4530806675923,0.052045684545323115
COW02914,55,620.1,Guernsey,Healthy,4.7,21.1,24.94,Mid,0,38.470045044277136,46.96410240920592,58.48031663995802,0.03402676987582648,0.03402676987582648,1806.711135146196,3419.947434309751,1233.9346811031144,0.08869537171423963
COW02915,59,373.8,Holstein,Healthy,3.6,27.2,21.44,Mid,0,41.84102847014266,51.65049718632613,64.04625041398411,0.07276618512573568,0.07276618512573568,2161.109923270095,4101.92219209076,1742.0580112603677,0.15783841626538256
COW02916,79,428.9,Guernsey,Healthy,2.7,27.1,17.19,Mid,0,48.882506242987,72.33845981899881,80.45011891755652,0.06318489158311962,0.06318489158311962,3536.085213710274,6472.221633848986,2180.198222665782,0.18419211937514574
COW02917,114,539.4,Ayrshire,Healthy,3.4,17.2,22.47,Early,0,25.668469388828058,92.33747015601256,47.339795070010965,0.03188728216536893,0.03188728216536893,2370.1615261414327,2241.0561972706346,814.2444752041886,0.21134593993325917
COW02918,103,512.2,Holstein,Foot and Mouth,2.6,23.3,23.6,Early,1,36.73992886458666,65.54993274851442,60.43575143847185,0.045490042951971885,0.045490042951971885,2408.2998662588593,3652.480051932752,1408.153008516394,0.20109332292073406
COW02919,52,444.0,Ayrshire,Healthy,2.5,30.7,20.09,Early,0,22.704469801200897,81.63215097687102,41.34269316690569,0.06914414414414415,0.06914414414414415,1853.4147066614403,1709.2182782929103,1269.2206802240046,0.11711711711711711
COW02920,47,705.6,Holstein,Mastitis,2.9,18.7,22.51,Mid,1,33.79472616323197,82.43247307124005,59.42333335233252,0.026502267573696142,0.026502267573696142,2785.782854400551,3531.1325467024344,1111.216333688618,0.06660997732426303
COW02921,95,575.0,Ayrshire,Healthy,2.3,26.9,18.06,Late,0,29.1832166293934,78.06889232294613,51.28766677578372,0.04678260869565217,0.04678260869565217,2278.301396677324,2630.4247633038294,1379.638236268582,0.16521739130434782
COW02922,25,588.0,Guernsey,Ketosis,2.6,31.2,22.45,Early,1,46.532003585586416,58.347358926375094,72.37377833078696,0.053061224489795916,0.053061224489795916,2715.0195147715835,5237.963789873888,2258.061883920553,0.04251700680272109
COW02923,70,494.6,Holstein,Healthy,4.8,20.5,21.61,Late,0,23.942493139308212,80.1611135851522,43.20336327570278,0.04144763445208249,0.04144763445208249,1919.2569120518126,1866.5305983323435,885.668947151907,0.14152850788515972
COW02924,57,607.8,Guernsey,Healthy,4.0,21.0,19.92,Late,0,52.0,98.0,94.84800000000001,0.03455083909180652,0.03455083909180652,5096.0,8996.143104000002,1991.8080000000002,0.09378084896347483
COW02925,31,519.6,Holstein,Bloat,4.8,22.1,19.42,Early,1,28.835714370426185,76.67671246249657,50.537402696059935,0.042532717474980754,0.042532717474980754,2211.027779431849,2554.029071263726,1116.8765995829247,0.0596612779060816
COW02926,78,527.3,Brown Swiss,Healthy,2.8,28.6,21.91,Early,0,39.26110239050901,98.0,72.17276225510605,0.054238573866868964,0.054238573866868964,3847.588034269883,5208.90761153206,2064.141000496033,0.14792338327327897
COW02927,46,598.9,Ayrshire,Healthy,4.6,21.9,20.41,Mid,0,36.117176618696604,95.0,65.92505908271906,0.03656703957254967,0.03656703957254967,3431.1317787761773,4346.113415059999,1443.7587939115474,0.07680748038069794
COW02928,32,419.7,Jersey,Healthy,3.1,22.8,19.09,Early,0,42.0,53.780787738414126,64.84349741580229,0.05432451751250894,0.05432451751250894,2258.7930850133935,4204.679157113158,1478.4317410802923,0.07624493685966166
COW02929,82,677.8,Holstein,Healthy,2.4,18.0,18.96,Mid,0,25.0,95.0,46.47,0.026556506344054296,0.026556506344054296,2375.0,2159.4609,836.46,0.1209796400118029
COW02930,30,564.6,Brown Swiss,Bloat,4.4,31.8,24.1,Mid,1,26.617065321447388,72.91039782647687,46.60116318574575,0.056323060573857595,0.056323060573857595,1940.6608215600504,2171.668410264505,1481.9169893067149,0.053134962805526036
COW02931,84,652.5,Jersey,Foot and Mouth,2.2,30.1,23.06,Mid,1,39.797085331015275,58.559180680808396,63.10999335146054,0.04613026819923372,0.04613026819923372,2330.4847104684727,3982.871260821393,1899.6107998789623,0.12873563218390804
COW02932,29,464.0,Holstein,Healthy,3.2,24.8,16.72,Mid,0,22.08000886797418,75.85342122037785,39.88955657076617,0.05344827586206897,0.05344827586206897,1674.8442132121238,1591.1767234123542,989.261002955001,0.0625
COW02933,58,476.1,Brown Swiss,Ketosis,4.5,31.3,14.52,Early,1,23.039350061928296,90.75074651573291,42.671754724850004,0.06574249107330393,0.06574249107330393,2090.83821735729,1820.8786512977586,1335.6259228878052,0.12182314639781558
COW02934,99,457.0,Jersey,Healthy,3.9,26.4,23.08,Late,0,32.815488412215814,95.0,60.14710472137768,0.05776805251641137,0.05776805251641137,3117.471399160502,3617.6742063643733,1587.8835646443706,0.21663019693654267
COW02935,36,570.0,Holstein,Foot and Mouth,3.6,31.3,22.47,Mid,1,34.486403032913884,60.49571155073478,56.14053486604073,0.054912280701754385,0.054912280701754385,2086.2794903015433,3151.759655045135,1757.198741307075,0.06315789473684211
COW02936,94,555.3,Jersey,Healthy,3.1,16.9,22.29,Mid,0,42.0,44.610375799122515,62.312463720557815,0.030433999639834324,0.030433999639834324,1873.6357835631457,3882.843134925834,1053.080636877427,0.16927786781919685
COW02937,89,512.8,Holstein,Healthy,2.2,18.1,23.47,Mid,0,37.281014464193944,64.87371081125433,61.06857472553761,0.035296411856474266,0.035296411856474266,2418.5577511003075,3729.370819008571,1105.341202532231,0.1735569422776911
COW02938,109,468.9,Ayrshire,Healthy,5.0,29.9,22.56,Early,0,49.0,72.2876389685061,80.61152308310312,0.0637662614629985,0.0637662614629985,3542.094309456799,6498.217653777668,2410.284540184783,0.2324589464704628
COW02939,30,448.7,Ayrshire,Healthy,2.5,21.6,19.82,Late,0,32.4910539476633,54.6934313687879,52.28746133288627,0.04813906841987966,0.04813906841987966,1777.047229186108,2733.9786126380764,1129.4091647903435,0.06685981724983285
COW02940,89,546.1,Jersey,Mastitis,2.8,20.7,21.08,Mid,1,30.360964736358447,72.6452070609173,52.28364767073435,0.037905145577733015,0.037905145577733015,2205.5785698419677,2733.579813757485,1082.271506784201,0.16297381431972166
COW02941,113,512.8,Ayrshire,Healthy,2.7,27.6,19.77,Late,0,38.0008033310916,45.10072792287735,57.44477676284228,0.05382215288611545,0.05382215288611545,1713.8638918863335,3299.9023773327845,1585.475838654447,0.22035881435257412
COW02942,94,495.2,Brown Swiss,Healthy,4.7,25.3,22.1,Late,0,24.61659795251116,81.49746712459833,44.4195469196091,0.05109046849757674,0.05109046849757674,2006.190382354233,1973.096148543354,1123.8145370661102,0.18982229402261713
COW02943,32,673.8,Ayrshire,Mastitis,4.3,20.2,25.63,Mid,1,46.11309402461978,67.88266850795998,74.81816971004613,0.02997922232116355,0.02997922232116355,3130.279875549654,5597.758518761265,1511.3270281429318,0.04749183734045711
COW02944,100,543.4,Holstein,Healthy,3.4,21.2,21.26,Mid,0,46.81905771432788,58.0,72.65829964577247,0.03901361796098638,0.03901361796098638,2715.505347431017,5279.22850741486,1540.3559524903765,0.18402649981597352
COW02945,23,651.6,Jersey,Healthy,4.9,21.4,25.09,Mid,0,40.3487634096611,53.894640297659095,62.66400342905631,0.03284223449969306,0.03284223449969306,2174.582090419034,3926.7773257567806,1341.009673381805,0.035297728667894414
COW02946,75,507.3,Guernsey,Mastitis,2.2,16.3,22.21,Early,1,42.0,43.06985320434309,61.8872794843987,0.03213088902030357,0.03213088902030357,1808.9338345824099,3830.035361980076,1008.7626555956988,0.14784151389710232
COW02947,65,569.6,Jersey,Bloat,4.7,18.1,22.87,Late,1,31.29071331584989,95.0,57.4787483027373,0.031776685393258425,0.031776685393258425,2972.6177650057393,3303.8065064494263,1040.3653442795453,0.11411516853932584
COW02948,69,545.6,Ayrshire,Healthy,2.2,23.7,27.7,Mid,0,34.27625895691785,90.85054460285939,61.878696674568765,0.043438416422287386,0.043438416422287386,3114.0167931846236,3828.9731021432876,1466.5251111872797,0.12646627565982405
COW02949,68,414.2,Brown Swiss,Ketosis,3.2,28.1,24.23,Late,1,23.42446248075964,76.93413876126536,42.08246247201366,0.06784162240463544,0.06784162240463544,1802.1408469028163,1770.933647708438,1182.517195463584,0.16417189763399326
COW02950,15,664.3,Brown Swiss,Foot and Mouth,2.2,21.5,25.26,Mid,1,39.89830802107897,58.85452169993762,63.325553644246035,0.03236489537859401,0.03236489537859401,2348.1958352173874,4010.1257443502823,1361.4994033512899,0.022580159566460936
COW02951,66,539.2,Brown Swiss,Mastitis,5.0,20.9,19.58,Early,1,22.89904651958726,92.15110463124056,42.55120246659247,0.03876112759643916,0.03876112759643916,2110.1724317821304,1810.6048313529452,889.3201315517825,0.12240356083086053
COW02952,113,609.7,Guernsey,Healthy,4.7,25.7,27.45,Mid,0,42.0,60.63729301721109,66.73589287275027,0.04215187797277349,0.04215187797277349,2546.766306722866,4453.6793975232,1715.1124468296819,0.1853370510086928
COW02953,59,489.8,Holstein,Mastitis,3.8,16.8,20.65,Early,1,33.71252114899619,95.0,61.71691201074333,0.03429971416904859,0.03429971416904859,3202.689509154638,3808.977228141834,1036.844121780488,0.12045732952225398
COW02954,41,536.8,Guernsey,Foot and Mouth,2.7,20.9,20.31,Early,1,35.914011673744334,66.67342270873682,59.475337283838016,0.0389344262295082,0.0389344262295082,2394.5100814900647,3537.3157450262925,1243.0345492322144,0.0763785394932936
COW02955,119,480.7,Guernsey,Healthy,2.8,17.7,14.81,Mid,0,42.0,59.21206086551562,66.34252879888231,0.03682130226752652,0.03682130226752652,2486.906556351656,4401.331127430529,1174.2627597402168,0.24755564801331392
COW02956,22,648.9,Ayrshire,Ketosis,3.3,25.7,22.12,Early,1,46.504603247361,63.67997198172892,74.04788495065353,0.03960548620742795,0.03960548620742795,2961.411831813368,5483.08926566522,1903.0306432317955,0.033903529049160115
COW02957,64,574.9,Ayrshire,Bloat,3.0,16.0,19.26,Late,1,34.486744971299146,64.79937411213295,57.005480997941504,0.027830927117759613,0.027830927117759613,2234.719489304933,3249.62486380667,912.0876959670641,0.11132370847103845
COW02958,67,579.4,Guernsey,Healthy,2.1,22.1,23.09,Mid,0,42.0,49.82211478636134,63.75090368103573,0.038142906454953406,0.038142906454953406,2092.5288210271765,4064.177720148695,1408.8949713508898,0.1156368657231619
COW02959,63,658.7,Brown Swiss,Mastitis,4.0,24.7,20.06,Mid,1,45.640087519450304,96.38893658286648,83.0240581631152,0.037498102322756945,0.037498102322756945,4399.199501548771,6892.994233872336,2050.6942366289454,0.09564293304994685
COW02960,111,642.5,Brown Swiss,Healthy,3.8,29.0,26.92,Early,0,24.433375995943923,92.80485670438904,45.25816101240346,0.045136186770428015,0.045136186770428015,2267.5359581080347,2048.301138224637,1312.4866693597005,0.17276264591439688
COW02961,57,611.2,Jersey,Mastitis,4.7,27.0,23.65,Early,1,29.239556159839296,75.1504785474472,50.943642396307844,0.04417539267015706,0.04417539267015706,2197.3666379268802,2595.254700602894,1375.4783447003117,0.09325916230366492
COW02962,117,436.3,Ayrshire,Foot and Mouth,3.4,31.0,25.45,Mid,1,36.939734579740914,62.09966343396858,59.948886976721674,0.07105202842081136,0.07105202842081136,2293.9450847420417,3593.8690497477496,1858.4154962783718,0.2681641072656429
COW02963,19,494.3,Jersey,Healthy,3.0,26.2,16.71,Mid,0,34.01699470385074,95.0,62.2497407317388,0.053004248432126234,0.053004248432126234,3231.6144968658205,3875.0302211687003,1630.9432071715564,0.038438195427877804
COW02964,91,469.7,Brown Swiss,Healthy,3.5,20.3,24.65,Mid,0,49.0,71.32206991594296,80.27743619091626,0.043219076005961254,0.043219076005961254,3494.781425881205,6444.466761386632,1629.6319546756001,0.19374068554396423
COW02965,76,608.2,Holstein,Healthy,2.6,18.2,17.98,Mid,0,36.62257832817227,90.70154626790917,65.85428482678734,0.029924366984544554,0.029924366984544554,3321.724482682844,4336.786830047633,1198.5479838475294,0.12495889510029595
COW02966,37,563.7,Jersey,Bloat,3.9,15.0,21.56,Early,1,42.0,42.444636722115334,61.71471973530383,0.026609898882384245,0.026609898882384245,1782.674742328844,3808.7066320071003,925.7207960295575,0.0656377505765478
COW02967,36,438.8,Jersey,Healthy,4.3,19.0,17.92,Mid,0,41.91631861626178,58.644472561089884,66.06985481374514,0.043299908842297175,0.043299908842297175,2458.1603969532653,4365.225715109362,1255.3272414611577,0.0820419325432999
COW02968,89,534.9,Brown Swiss,Bloat,2.5,16.5,20.46,Mid,1,25.38317351597953,68.1851385767562,44.19543089477985,0.030846887268648347,0.030846887268648347,1730.7552037049122,1953.2361119752609,729.2246097638674,0.16638624041876987
COW02969,80,430.5,Brown Swiss,Healthy,3.0,20.6,19.07,Early,0,47.5794686378206,58.0,73.70766672019242,0.04785133565621371,0.04785133565621371,2759.6091809935947,5432.820133334962,1518.3779344359639,0.18583042973286876
COW02970,78,545.7,Guernsey,Healthy,4.6,26.6,19.46,Mid,0,47.6877278793962,91.65077765782046,85.0586437696027,0.0487447315374748,0.0487447315374748,4370.617344881187,7234.972879924171,2262.559924271432,0.14293567894447498
COW02971,17,417.6,Brown Swiss,Bloat,3.5,26.5,15.08,Early,1,34.584632240909336,95.0,63.24310642159134,0.06345785440613026,0.06345785440613026,3285.5400628863867,3999.690509852728,1675.9423201721706,0.040708812260536395
COW02972,76,592.3,Holstein,Healthy,3.6,19.7,21.19,Early,0,52.0,77.77305904189937,87.24267019975417,0.0332601722100287,0.0332601722100287,4044.199070178767,7611.283503583075,1718.6806029351571,0.12831335471889246
COW02973,117,580.2,Brown Swiss,Healthy,4.2,23.2,21.77,Mid,0,26.795940151349175,82.78857346492336,48.09917413994698,0.03998621165115477,0.03998621165115477,2218.397659781661,2313.5305529449442,1115.9008400467699,0.20165460186142709
COW02974,13,702.6,Holstein,Healthy,3.7,17.9,24.3,Mid,0,35.215481826845654,74.31633865577622,60.04168942874669,0.025476800455451178,0.025476800455451178,2617.085673370195,3605.0044694580724,1074.7462407745656,0.018502704241389126
COW02975,62,617.8,Ayrshire,Healthy,2.2,23.1,23.19,Late,0,30.564165863900627,95.0,56.207290261826095,0.037390741340239564,0.037390741340239564,2903.5957570705596,3159.2594785771707,1298.388405048183,0.10035610229847848
COW02976,65,516.2,Guernsey,Healthy,4.4,23.2,24.2,Late,0,26.409527401951426,74.36661157866594,46.458700517003805,0.04494382022471909,0.04494382022471909,1963.9870662770563,2158.4108537286497,1077.8418519944883,0.1259201859744285
COW02977,108,615.4,Jersey,Healthy,4.8,19.4,18.5,Mid,0,25.612779514076394,93.49132764969282,47.373200045403905,0.03152421189470263,0.03152421189470263,2394.572761569856,2244.2200825418568,919.0400808808357,0.17549561260968477
COW02978,42,438.2,Jersey,Healthy,2.2,18.7,18.65,Mid,0,28.25371763400054,95.0,52.164005859500946,0.042674577818347784,0.042674577818347784,2684.1031752300514,2721.083507310049,975.4669095726676,0.09584664536741214
COW02979,63,473.0,Holstein,Healthy,2.4,31.6,22.51,Mid,0,25.29110449130088,75.37966876526802,44.84256208346254,0.0668076109936575,0.0668076109936575,1906.4350792620428,2010.8553742091922,1417.0249618374164,0.1331923890063425
COW02980,89,576.7,Jersey,Healthy,4.1,23.7,22.94,Early,0,23.668439380893396,84.98785607765016,43.211799426392645,0.0410958904109589,0.0410958904109589,2011.5299196859553,1867.2596096667878,1024.1196464055056,0.15432633951794691
COW02981,18,377.3,Holstein,Healthy,3.8,24.1,15.65,Late,0,42.0,52.21580456184577,64.41156205906944,0.06387490060959448,0.06387490060959448,2193.0637915975226,4148.8493268893535,1552.3186456235735,0.04770739464617015
COW02982,98,547.0,Ayrshire,Healthy,3.1,14.1,23.94,Mid,0,45.46302617487951,71.66981396336536,75.03323401083125,0.025776965265082268,0.025776965265082268,3258.326628165224,5629.986206124164,1057.9685995527207,0.17915904936014626
COW02983,100,468.4,Holstein,Ketosis,3.6,17.3,19.29,Mid,1,24.688545498543153,84.54116915341484,44.84889305218394,0.03693424423569599,0.03693424423569599,2087.198501144115,2011.423208006233,775.8858498027822,0.21349274124679762
COW02984,89,558.1,Guernsey,Healthy,4.1,20.4,19.91,Mid,0,42.98655138765968,79.81817466436611,73.60650462724874,0.03655258914173087,0.03655258914173087,3431.10806687897,5417.9175234411905,1501.5726943958741,0.15946962909872783
COW02985,82,463.8,Brown Swiss,Healthy,3.5,31.4,21.98,Mid,0,42.0,44.24034946917288,62.21033645349171,0.06770159551530831,0.06770159551530831,1858.094677705261,3870.12596165664,1953.4045646396396,0.17680034497628289
COW02986,92,583.9,Jersey,Healthy,2.4,17.2,22.15,Mid,0,34.33786697130912,52.74221765188549,54.38596677019854,0.029457098818290804,0.029457098818290804,1811.0552535022755,2957.8333815291403,935.4386284474149,0.15756122623736943
COW02987,96,551.5,Ayrshire,Bloat,2.3,19.5,20.38,Early,1,48.206998882751684,98.0,88.09645801129801,0.03535811423390753,0.03535811423390753,4724.285890509665,7760.985914136394,1717.8809312203111,0.17407071622846781
COW02988,109,662.0,Holstein,Mastitis,3.3,31.8,21.33,Late,1,49.0,70.57835769382075,80.02011176206199,0.04803625377643505,0.04803625377643505,3458.3395269972166,6403.218286412891,2544.639554033571,0.1646525679758308
COW02989,58,550.5,Ayrshire,Foot and Mouth,4.8,22.7,18.89,Early,1,32.42618676443834,86.9308110413395,58.01125976570352,0.04123524069028156,0.04123524069028156,2818.8347144105733,3365.306259603932,1316.85559668147,0.10535876475930972
COW02990,61,488.5,Guernsey,Bloat,3.7,19.7,19.89,Late,1,18.0,90.65117331951997,34.06344223950272,0.040327533265097235,0.040327533265097235,1631.7211197513595,1160.3180972039381,671.0498121182036,0.12487205731832139
COW02991,80,530.2,Guernsey,Healthy,3.1,25.4,24.31,Mid,0,18.0,80.28311765059325,33.69019223542136,0.047906450396076945,0.047906450396076945,1445.0961177106785,1135.0290528596454,855.7308827797024,0.15088645794039984
COW02992,32,442.5,Ayrshire,Ketosis,4.7,22.9,19.97,Late,1,52.0,76.1638134569186,86.6375938598014,0.05175141242937853,0.05175141242937853,3960.5182997597676,7506.072669815897,1984.000899389452,0.07231638418079096
COW02993,104,582.5,Brown Swiss,Healthy,3.2,31.2,24.3,Late,0,27.620294240368864,74.1524997519022,48.29941404608535,0.05356223175965665,0.05356223175965665,2048.113861806418,2332.833397195187,1506.941718237863,0.17854077253218884
COW02994,95,597.2,Jersey,Foot and Mouth,3.5,15.5,23.54,Mid,1,29.722360725222018,73.0877954982798,51.37666425253663,0.02595445411922304,0.02595445411922304,2172.34182241113,2639.561629717875,796.3382959143178,0.15907568653717347
COW02995,80,747.5,Holstein,Foot and Mouth,2.3,28.2,22.64,Late,1,34.80470530916875,62.00247917808527,56.895187408002016,0.0377257525083612,0.0377257525083612,2157.9780162311295,3237.062350191671,1604.4442849056568,0.10702341137123746
COW02996,44,500.3,Ayrshire,Bloat,4.2,19.0,16.43,Early,1,22.779281439867823,81.56307390654835,41.457824665531334,0.03797721367179692,0.03797721367179692,1857.9482156180045,1718.7512259979383,787.6986686450954,0.08794723166100339
COW02997,49,528.6,Brown Swiss,Healthy,4.1,28.5,18.75,Early,0,42.0,51.52124131584277,64.2198626031726,0.05391600454029512,0.05391600454029512,2163.8921352653965,4124.190752770367,1830.2660841904192,0.09269769201664775
COW02998,58,503.9,Ayrshire,Mastitis,4.4,29.3,19.33,Mid,1,41.71921047954689,86.85239336819544,73.50275653441884,0.05814645763048224,0.05814645763048224,3623.4132795801474,5402.655218158051,2153.630766458472,0.11510220281801946
COW02999,83,567.0,Jersey,Healthy,3.0,29.3,20.13,Mid,0,43.70983815663346,66.82347861508659,70.95372395802121,0.05167548500881834,0.05167548500881834,2920.8434353286916,5034.430943511074,2078.944111970022,0.14638447971781304
