Cattle_ID,age,weight,feed,thi,temperature,humidity,predicted_yield,baseline_yield,predicted_decline_pct,alert_category,severity,recommendation
COW00000,21,627.0,31.0,56.42972298657915,30.69127027804523,95.0,21.067533,21.1568,0.42192498,No Alert,Low,Conditions are within expected range; continue routine monitoring.
COW00001,95,492.0,14.6,78.33936858941598,46.98075037250034,74.75201771894194,21.011532,20.678762,-1.6092327,Heat Stress Alert,Medium,Moderate heat stress detected. Monitor cattle closely and provide ventilation and water access.
COW00002,82,481.7,31.7,46.47,25.0,95.0,20.237177,19.896423,-1.7126372,No Alert,Low,Conditions are within expected range; continue routine monitoring.
COW00003,59,586.8,29.0,33.73682835280735,18.0,81.57856535575989,22.3417,21.987066,-1.6129179,No Alert,Low,Conditions are within expected range; continue routine monitoring.
COW00004,58,629.1,17.9,65.79413343617526,41.48912969934726,59.81303148726803,22.520176,22.406738,-0.5062658,No Alert,Low,Conditions are within expected range; continue routine monitoring.
COW00005,104,553.2,24.8,63.60125114396742,35.348467613916114,90.3286932561324,21.476906,21.084005,-1.8635001,No Alert,Low,Conditions are within expected range; continue routine monitoring.
COW00006,21,447.1,28.4,72.0182004450684,39.17426991295978,98.0,17.84419,17.864594,0.11420863,Heat Stress Alert,Medium,Moderate heat stress detected. Monitor cattle closely and provide ventilation and water access.
COW00007,87,441.2,19.7,45.61118934872525,25.60407015312469,77.89966598693042,19.951479,19.60668,-1.7585795,No Alert,Low,Conditions are within expected range; continue routine monitoring.
COW00008,33,435.8,20.4,61.79649111835096,42.0,42.74090984909766,19.381657,19.041132,-1.7883636,No Alert,Low,Conditions are within expected range; continue routine monitoring.
COW00009,22,408.6,25.3,57.1352648309318,34.5858125757141,64.73167588052007,18.299595,18.07952,-1.2172647,No Alert,Low,Conditions are within expected range; continue routine monitoring.
COW00010,68,558.8,16.6,56.42657966199938,38.15548305166615,40.0,21.793383,21.51817,-1.2789807,No Alert,Low,Conditions are within expected range; continue routine monitoring.
COW00011,117,640.0,16.1,47.02817183524624,26.00761351872719,84.61757452914843,22.399385,22.316236,-0.372594,No Alert,Low,Conditions are within expected range; continue routine monitoring.
COW00012,91,548.9,18.5,41.758886292879566,23.395231482655028,73.84691677545234,21.405464,21.138418,-1.2633206,No Alert,Low,Conditions are within expected range; continue routine monitoring.
COW00013,94,369.2,27.3,61.011217625806815,33.309267214746754,95.0,19.81127,19.158648,-3.4064107,No Alert,Low,Conditions are within expected range; continue routine monitoring.
COW00014,89,534.7,20.6,71.88391961572894,43.226836653943536,72.51038517857852,21.140549,20.73733,-1.9444125,Heat Stress Alert,Medium,Moderate heat stress detected. Monitor cattle closely and provide ventilation and water access.
COW00015,96,537.0,23.1,64.35697352804726,42.0,52.01802002915677,21.106531,20.67576,-2.0834584,No Alert,Low,Conditions are within expected range; continue routine monitoring.
COW00016,67,717.7,17.5,94.848,52.0,98.0,23.01325,23.092306,0.34234688,Health Risk Alert,Critical,"Critical heat stress or productivity decline detected. Consider emergency cooling, veterinary assessment, and hydration."
COW00017,25,433.4,17.5,49.8509529867878,31.906393287954057,45.27396492273613,18.69189,18.69619,0.022994867,No Alert,Low,Conditions are within expected range; continue routine monitoring.
COW00018,102,518.7,25.7,44.216339884326,23.92408521392309,91.10661568318044,20.96348,20.543499,-2.04435,No Alert,Low,Conditions are within expected range; continue routine monitoring.
COW00019,60,686.5,16.0,40.09646816647799,22.36654934815534,72.84494747148536,22.907572,22.780539,-0.5576393,No Alert,Low,Conditions are within expected range; continue routine monitoring.
COW00020,66,586.0,26.0,59.248,32.0,98.0,22.20816,21.978092,-1.046807,No Alert,Low,Conditions are within expected range; continue routine monitoring.
COW00021,52,595.1,21.2,52.35867450301168,33.36884303597435,48.835872892531285,21.996624,21.798206,-0.9102477,No Alert,Low,Conditions are within expected range; continue routine monitoring.
COW00022,31,559.2,26.1,45.84412635764003,26.16847610514628,72.30626461315521,21.252697,21.138401,-0.54070294,No Alert,Low,Conditions are within expected range; continue routine monitoring.
COW00023,112,576.4,20.9,60.3601097540607,33.07399415139792,93.71811028243393,21.440033,21.19604,-1.151129,No Alert,Low,Conditions are within expected range; continue routine monitoring.
COW00024,96,612.2,29.2,51.567206554835685,27.912689459906105,95.0,22.546432,22.3233,-0.9995524,No Alert,Low,Conditions are within expected range; continue routine monitoring.
COW00025,81,485.2,15.0,75.53866848752875,48.906281512702,58.0,20.929216,20.670794,-1.2501835,Heat Stress Alert,Medium,Moderate heat stress detected. Monitor cattle closely and provide ventilation and water access.
COW00026,55,620.2,30.1,81.62523827224177,46.29466992678356,88.3831135281409,22.691586,22.369226,-1.4410828,Heat Stress Alert,High,"High heat stress detected. Consider active cooling, shading, and improved hydration measures."
COW00027,100,440.2,18.8,50.070098554293374,30.327799326403238,59.06565558981865,19.772303,19.47705,-1.5158961,No Alert,Low,Conditions are within expected range; continue routine monitoring.
COW00028,70,576.3,14.8,73.24750133557262,47.02298096970638,58.94346864764943,22.138706,21.86497,-1.251943,Heat Stress Alert,Medium,Moderate heat stress detected. Monitor cattle closely and provide ventilation and water access.
COW00029,59,564.3,24.1,53.91604070700886,29.254880404005064,95.0,21.768496,21.460634,-1.4345398,No Alert,Low,Conditions are within expected range; continue routine monitoring.
COW00030,60,500.7,18.0,34.340169381128625,18.19702881289347,89.08403115951671,21.371557,20.887579,-2.3170626,No Alert,Low,Conditions are within expected range; continue routine monitoring.
COW00031,36,548.2,22.3,51.93334159446332,29.09552415509363,83.40581894889422,21.238644,20.931055,-1.4695321,No Alert,Low,Conditions are within expected range; continue routine monitoring.
COW00032,21,500.2,28.4,57.13663172170186,35.99746631216961,55.27805206131541,19.096228,19.187979,0.47816968,No Alert,Low,Conditions are within expected range; continue routine monitoring.
COW00033,71,464.3,28.2,62.89399756720717,42.0,46.717382489881054,20.313421,19.823584,-2.4709845,No Alert,Low,Conditions are within expected range; continue routine monitoring.
COW00034,107,521.7,24.8,51.923741562664944,31.208474660033723,62.80737573255076,20.852123,20.454357,-1.9446522,No Alert,Low,Conditions are within expected range; continue routine monitoring.
COW00035,18,461.7,31.6,78.36616270158507,49.0,65.79815809706665,18.47983,18.406347,-0.39922377,Heat Stress Alert,Medium,Moderate heat stress detected. Monitor cattle closely and provide ventilation and water access.
COW00036,104,575.8,22.3,62.47480322325604,38.97179099151263,60.62793890437884,21.601366,21.336473,-1.2415012,No Alert,Low,Conditions are within expected range; continue routine monitoring.
COW00037,101,458.0,14.7,74.92573562208906,42.92639026474047,84.77982382576342,19.992498,19.657299,-1.7052157,Heat Stress Alert,Medium,Moderate heat stress detected. Monitor cattle closely and provide ventilation and water access.
COW00038,41,607.0,28.7,62.56712539508472,41.72662586835912,46.78888920275314,22.199465,21.986597,-0.96817046,No Alert,Low,Conditions are within expected range; continue routine monitoring.
COW00039,80,455.5,18.0,39.923187914784286,21.649743526936124,85.5670696513185,20.256596,19.90226,-1.7803797,No Alert,Low,Conditions are within expected range; continue routine monitoring.
COW00040,29,504.7,17.2,54.56052573336443,33.60270541398764,58.73318972002212,19.991924,20.021427,0.14735647,No Alert,Low,Conditions are within expected range; continue routine monitoring.
COW00041,93,500.0,15.3,41.49403030287736,22.182148446590777,94.425229691216,20.998976,20.675125,-1.5663781,No Alert,Low,Conditions are within expected range; continue routine monitoring.
COW00042,87,656.0,19.9,66.14913285388823,35.87704092915069,98.0,22.922935,22.792706,-0.5713668,No Alert,Low,Conditions are within expected range; continue routine monitoring.
COW00043,50,576.4,19.9,58.40629004257921,38.828583015928736,44.79761934083743,21.700514,21.514788,-0.8632489,No Alert,Low,Conditions are within expected range; continue routine monitoring.
COW00044,19,533.1,19.4,39.40483229001827,21.435581358200466,83.23927910565469,19.571602,19.642246,0.3596553,No Alert,Low,Conditions are within expected range; continue routine monitoring.
COW00045,116,589.9,24.7,35.83920754696955,19.20278570785233,84.88779697212,21.617847,21.355818,-1.2269708,No Alert,Low,Conditions are within expected range; continue routine monitoring.
COW00046,60,381.4,27.5,62.36405327954573,42.0,44.797294491107714,19.951849,19.307495,-3.337325,No Alert,Low,Conditions are within expected range; continue routine monitoring.
COW00047,108,546.5,30.9,75.42182058529437,48.41914255335598,59.632621577078304,21.328806,20.80485,-2.5184336,Heat Stress Alert,Medium,Moderate heat stress detected. Monitor cattle closely and provide ventilation and water access.
COW00048,85,709.8,15.7,48.2071665876838,25.9926666215336,95.0,23.248323,23.155464,-0.4010253,No Alert,Low,Conditions are within expected range; continue routine monitoring.
COW00049,96,560.6,16.7,74.36454703395492,45.92395975478097,67.33094254414236,21.444986,21.135527,-1.4641683,Heat Stress Alert,Medium,Moderate heat stress detected. Monitor cattle closely and provide ventilation and water access.
COW00050,94,555.4,24.6,64.02277376014862,42.0,50.80715130488628,21.487549,21.130875,-1.6879292,No Alert,Low,Conditions are within expected range; continue routine monitoring.
COW00051,33,593.9,15.8,58.343702269087,34.73532148428496,69.61013669047863,21.764704,21.628674,-0.62893456,No Alert,Low,Conditions are within expected range; continue routine monitoring.
COW00052,51,621.6,20.7,36.44665188058771,19.34813722077617,92.320441009318,22.22312,22.046055,-0.8031591,No Alert,Low,Conditions are within expected range; continue routine monitoring.
COW00053,62,390.2,25.2,54.41630554038789,29.540746023078796,95.0,19.911564,19.353785,-2.8820167,No Alert,Low,Conditions are within expected range; continue routine monitoring.
COW00054,65,415.4,28.0,59.74150012505209,32.583714357172624,95.0,20.028097,19.435442,-3.0493526,No Alert,Low,Conditions are within expected range; continue routine monitoring.
COW00055,16,566.8,17.9,39.60541808581228,21.266627208156283,90.1769694433412,20.0315,20.136475,0.5213164,No Alert,Low,Conditions are within expected range; continue routine monitoring.
COW00056,71,492.8,26.0,76.10389659919517,45.10821127511046,76.90883512400819,21.304825,20.753761,-2.6552465,Heat Stress Alert,Medium,Moderate heat stress detected. Monitor cattle closely and provide ventilation and water access.
COW00057,28,655.0,25.6,48.364929041652935,28.60120472279245,63.96615949659199,22.322506,22.420607,0.43754688,No Alert,Low,Conditions are within expected range; continue routine monitoring.
COW00058,92,524.8,29.5,65.48362672286895,42.0,56.10009682198893,21.07068,20.56525,-2.4576905,No Alert,Low,Conditions are within expected range; continue routine monitoring.
COW00059,85,395.2,19.6,59.84180340043852,38.1410905096772,54.45803337225286,19.960909,19.49253,-2.4028592,No Alert,Low,Conditions are within expected range; continue routine monitoring.
COW00060,111,448.6,27.5,65.64867072293488,35.95924041310565,95.0,20.175047,19.561731,-3.1352828,No Alert,Low,Conditions are within expected range; continue routine monitoring.
COW00061,92,330.0,27.5,51.73949814566158,31.694412962448578,57.72944012254678,19.668068,19.11621,-2.8868535,No Alert,Low,Conditions are within expected range; continue routine monitoring.
COW00062,51,531.3,18.3,42.95486189742569,24.59671791499305,67.44805164531151,21.010347,20.799198,-1.0151796,No Alert,Low,Conditions are within expected range; continue routine monitoring.
COW00063,116,534.9,25.2,34.06684643575504,18.0,90.74573432652888,20.876938,20.468784,-1.9940292,No Alert,Low,Conditions are within expected range; continue routine monitoring.
COW00064,56,516.0,26.2,67.65292346343831,37.10452769339332,95.0,21.225239,20.79986,-2.0451043,No Alert,Low,Conditions are within expected range; continue routine monitoring.
COW00065,47,636.3,18.9,52.395507722026046,30.090818237769277,75.9861783569145,22.452776,22.297852,-0.69479513,No Alert,Low,Conditions are within expected range; continue routine monitoring.
COW00066,109,645.9,22.1,45.39555216821301,26.27196447749317,67.20017231641063,22.44167,22.284786,-0.70399255,No Alert,Low,Conditions are within expected range; continue routine monitoring.
COW00067,52,536.4,21.8,85.48658279641552,52.0,73.102613820254,21.25794,20.833906,-2.035308,Heat Stress Alert,High,"High heat stress detected. Consider active cooling, shading, and improved hydration measures."
COW00068,20,379.2,27.9,72.89053213956794,42.34128173744027,80.94656130004628,17.477245,17.63121,0.8732526,Heat Stress Alert,Medium,Moderate heat stress detected. Monitor cattle closely and provide ventilation and water access.
COW00069,62,599.4,14.0,82.86224391791646,48.28037752640097,82.16538282403499,22.194805,22.062313,-0.6005357,Heat Stress Alert,High,"High heat stress detected. Consider active cooling, shading, and improved hydration measures."
COW00070,97,594.4,23.0,71.76735424996514,44.09021862327897,67.68282715030634,21.902597,21.6911,-0.9750463,Heat Stress Alert,Medium,Moderate heat stress detected. Monitor cattle closely and provide ventilation and water access.
COW00071,32,574.8,17.3,79.93860724420844,50.27490154772996,65.0,21.490227,21.28745,-0.952561,Heat Stress Alert,High,"High heat stress detected. Consider active cooling, shading, and improved hydration measures."
COW00072,61,628.5,25.6,39.3851697291114,21.21277478863071,88.28928131082056,22.68807,22.544071,-0.6387449,No Alert,Low,Conditions are within expected range; continue routine monitoring.
COW00073,26,456.8,26.2,53.86881206344129,36.02401005286774,40.0,19.22691,19.016716,-1.1053098,No Alert,Low,Conditions are within expected range; continue routine monitoring.
COW00074,86,710.7,23.0,59.184077373208176,38.24941737826705,51.08948062478787,23.3007,23.111547,-0.8184297,No Alert,Low,Conditions are within expected range; continue routine monitoring.
COW00075,63,473.2,23.8,75.87003703400484,47.97951508097442,62.79550171697538,20.681198,20.193981,-2.412684,Heat Stress Alert,Medium,Moderate heat stress detected. Monitor cattle closely and provide ventilation and water access.
COW00076,47,609.9,19.7,63.46492475431242,42.0,48.78595925475515,22.065706,21.94429,-0.5532924,No Alert,Low,Conditions are within expected range; continue routine monitoring.
COW00077,36,415.0,19.6,65.74386436174075,36.09155187123688,94.37140775481082,19.650187,19.203852,-2.3241944,No Alert,Low,Conditions are within expected range; continue routine monitoring.
COW00078,72,475.6,27.4,61.08679620293854,33.35245497310773,95.0,20.600466,20.051413,-2.738227,No Alert,Low,Conditions are within expected range; continue routine monitoring.
COW00079,84,671.3,16.4,36.56544104286337,19.38058306527596,93.58291046561152,23.00887,22.872253,-0.59729904,No Alert,Low,Conditions are within expected range; continue routine monitoring.
COW00080,113,529.1,27.9,79.33312342990885,43.28377720781396,98.0,21.252554,20.535627,-3.4911356,Heat Stress Alert,High,"High heat stress detected. Consider active cooling, shading, and improved hydration measures."
COW00081,59,617.2,25.8,61.42295065886029,40.15417633468095,50.08744765696402,22.55893,22.442533,-0.51864,No Alert,Low,Conditions are within expected range; continue routine monitoring.
COW00082,29,569.0,29.9,62.02817920507909,33.56189842981971,98.0,21.202751,20.989922,-1.0139608,No Alert,Low,Conditions are within expected range; continue routine monitoring.
COW00083,101,541.6,18.7,60.58378566520605,38.670563174818206,54.58190248793312,21.219843,20.903856,-1.5116189,No Alert,Low,Conditions are within expected range; continue routine monitoring.
COW00084,80,659.1,23.1,57.02053224054791,35.907547135327846,55.3038171086836,22.937786,22.800348,-0.60278827,No Alert,Low,Conditions are within expected range; continue routine monitoring.
COW00085,87,531.1,14.7,61.63241292207434,38.12558926643625,62.09304790488849,21.124355,20.858088,-1.2765685,No Alert,Low,Conditions are within expected range; continue routine monitoring.
COW00086,22,407.5,30.4,46.47,25.0,95.0,18.52639,18.188345,-1.858581,No Alert,Low,Conditions are within expected range; continue routine monitoring.
COW00087,45,485.7,26.2,50.14808157590385,30.08610763273495,61.70552756833452,20.825632,20.517084,-1.5038588,No Alert,Low,Conditions are within expected range; continue routine monitoring.
COW00088,94,594.1,25.2,61.04,42.0,40.0,22.16157,21.996597,-0.7499901,No Alert,Low,Conditions are within expected range; continue routine monitoring.
COW00089,101,581.6,27.2,82.7726798887673,46.33488859017553,91.76411852472292,21.876883,21.45428,-1.969778,Heat Stress Alert,High,"High heat stress detected. Consider active cooling, shading, and improved hydration measures."
COW00090,59,424.6,19.1,73.79638252302237,44.74209144653188,71.19716649679421,20.272572,19.804707,-2.362393,Heat Stress Alert,Medium,Moderate heat stress detected. Monitor cattle closely and provide ventilation and water access.
COW00091,98,492.1,24.9,50.8402020872925,27.49725833559572,95.0,20.926605,20.44773,-2.3419526,No Alert,Low,Conditions are within expected range; continue routine monitoring.
COW00092,102,503.5,28.4,57.165386250041,34.824159320625675,63.190159217506014,20.900433,20.409744,-2.4041865,No Alert,Low,Conditions are within expected range; continue routine monitoring.
COW00093,53,520.8,15.6,62.98537695870896,40.74964034748641,53.07725075668431,21.040667,20.868357,-0.8256993,No Alert,Low,Conditions are within expected range; continue routine monitoring.
COW00094,108,439.9,31.3,56.11569502930031,37.36444950166516,42.77975584503265,20.09299,19.56004,-2.7246947,No Alert,Low,Conditions are within expected range; continue routine monitoring.
COW00095,43,499.7,30.1,38.70140790590559,20.791176732633456,88.69206340133799,20.763708,20.48445,-1.3632718,No Alert,Low,Conditions are within expected range; continue routine monitoring.
COW00096,37,491.7,31.3,73.2688266737741,47.26146860418413,58.0,20.617504,20.056301,-2.7981381,Heat Stress Alert,Medium,Moderate heat stress detected. Monitor cattle closely and provide ventilation and water access.
COW00097,85,611.7,28.6,58.50491229964158,36.552152404122026,58.067451603260025,22.541077,22.371788,-0.7567059,No Alert,Low,Conditions are within expected range; continue routine monitoring.
COW00098,80,614.7,19.3,80.53283105247246,47.209467250846686,80.35868747949493,22.613756,22.476124,-0.6123492,Heat Stress Alert,High,"High heat stress detected. Consider active cooling, shading, and improved hydration measures."
COW00099,27,538.3,24.5,58.633448231881765,31.95054184678958,95.0,20.217463,20.080353,-0.68280554,No Alert,Low,Conditions are within expected range; continue routine monitoring.
COW00100,101,518.6,16.2,47.34051559693624,26.40336886606349,81.79220861772284,20.94586,20.570902,-1.8227594,No Alert,Low,Conditions are within expected range; continue routine monitoring.
COW00101,33,561.2,27.6,44.26268566413699,24.209499096662427,86.60061337583898,21.414366,21.185484,-1.080371,No Alert,Low,Conditions are within expected range; continue routine monitoring.
COW00102,98,484.7,16.8,61.53527249676407,42.0,41.79446556798575,20.715239,20.449661,-1.298688,No Alert,Low,Conditions are within expected range; continue routine monitoring.
COW00103,12,458.3,29.6,50.61549291004462,29.53874460874378,69.9166112950756,18.308403,18.347107,0.2109538,No Alert,Low,Conditions are within expected range; continue routine monitoring.
COW00104,98,474.8,18.3,38.07135454326375,20.28809102050948,92.40485087449238,20.3105,19.949646,-1.80882,No Alert,Low,Conditions are within expected range; continue routine monitoring.
COW00105,96,499.2,16.9,34.04121974105368,18.128309293812706,84.182187116614,21.105349,20.673025,-2.0912442,No Alert,Low,Conditions are within expected range; continue routine monitoring.
COW00106,96,456.9,15.3,71.9127412146726,41.36256764233131,83.16228409049536,20.076675,19.734133,-1.7357877,Heat Stress Alert,Medium,Moderate heat stress detected. Monitor cattle closely and provide ventilation and water access.
COW00107,83,563.0,26.8,82.073649482413,49.0,76.51343781044223,22.015718,21.539688,-2.210015,Heat Stress Alert,High,"High heat stress detected. Consider active cooling, shading, and improved hydration measures."
COW00108,62,608.4,17.4,58.328796068487065,36.991248998878845,54.60431545859278,22.414648,22.269043,-0.6538453,No Alert,Low,Conditions are within expected range; continue routine monitoring.
COW00109,88,423.0,17.6,66.74522772838523,36.32621748007227,97.07216378598672,20.030798,19.550434,-2.4570496,No Alert,Low,Conditions are within expected range; continue routine monitoring.
COW00110,41,552.0,17.1,79.05959516513158,46.68574089132984,78.39684564545598,21.315681,21.033606,-1.3410724,Heat Stress Alert,High,"High heat stress detected. Consider active cooling, shading, and improved hydration measures."
COW00111,96,532.4,19.5,79.52157787195904,49.0,69.13750830045961,21.138506,20.750551,-1.8696116,Heat Stress Alert,High,"High heat stress detected. Consider active cooling, shading, and improved hydration measures."
COW00112,72,577.3,30.9,60.57750333220644,40.21879772200621,46.487312398638046,22.04252,21.737156,-1.4048048,No Alert,Low,Conditions are within expected range; continue routine monitoring.
COW00113,61,549.0,22.8,76.15700442707717,41.4994406893692,98.0,21.564774,21.228893,-1.5821846,Heat Stress Alert,Medium,Moderate heat stress detected. Monitor cattle closely and provide ventilation and water access.
COW00114,66,433.7,18.7,62.30574098091756,42.0,44.58601804680277,20.310907,19.862354,-2.2583077,No Alert,Low,Conditions are within expected range; continue routine monitoring.
COW00115,73,449.0,17.1,46.59169167977939,25.40085273006398,89.72949404869263,20.266119,19.90634,-1.8073606,No Alert,Low,Conditions are within expected range; continue routine monitoring.
COW00116,16,552.4,14.3,45.25408228167742,24.68614808669896,88.51869266875677,20.005808,20.074173,0.34056246,No Alert,Low,Conditions are within expected range; continue routine monitoring.
COW00117,27,632.3,20.6,56.24508520927736,30.58576297672992,95.0,21.798447,21.90215,0.47348115,No Alert,Low,Conditions are within expected range; continue routine monitoring.
COW00118,38,372.9,16.0,53.03288982555166,32.86679233621084,55.98945267992608,19.55997,19.245726,-1.6328052,No Alert,Low,Conditions are within expected range; continue routine monitoring.
COW00119,24,577.7,14.5,37.8207772335229,20.74266545334129,76.09805225194741,21.044317,20.915655,-0.6151474,No Alert,Low,Conditions are within expected range; continue routine monitoring.
COW00120,59,645.2,15.9,59.64367213573418,32.52781264899096,95.0,22.860983,22.747787,-0.4976107,No Alert,Low,Conditions are within expected range; continue routine monitoring.
COW00121,84,537.8,19.7,38.98046678953796,21.11521292255256,84.70761116735672,21.17184,20.894306,-1.3282781,No Alert,Low,Conditions are within expected range; continue routine monitoring.
COW00122,82,594.0,27.5,54.35442475770035,33.2501772547566,60.2343564224573,22.312687,22.132893,-0.8123399,No Alert,Low,Conditions are within expected range; continue routine monitoring.
COW00123,62,493.8,15.2,55.78755099599403,35.32534215395598,53.17608281365955,21.087587,20.885927,-0.9655313,No Alert,Low,Conditions are within expected range; continue routine monitoring.
COW00124,104,540.5,26.2,79.55052480700857,46.568266031321,80.50142322479526,21.535719,20.900156,-3.0409482,Heat Stress Alert,High,"High heat stress detected. Consider active cooling, shading, and improved hydration measures."
COW00125,73,420.3,25.2,49.989044584960304,29.592133301611504,65.26626476229863,19.964266,19.456532,-2.609583,No Alert,Low,Conditions are within expected range; continue routine monitoring.
COW00126,20,362.5,29.9,77.31310861760768,46.72127719938688,72.81917330465096,17.467154,17.58746,0.6840443,Heat Stress Alert,Medium,Moderate heat stress detected. Monitor cattle closely and provide ventilation and water access.
COW00127,94,625.4,17.3,62.98099438860478,42.0,47.032588364510055,22.573935,22.434612,-0.6210149,No Alert,Low,Conditions are within expected range; continue routine monitoring.
COW00128,74,471.2,28.3,58.78351352136949,38.33114776471791,48.9679618579435,20.32778,19.840809,-2.4543903,No Alert,Low,Conditions are within expected range; continue routine monitoring.
COW00129,80,513.6,29.6,57.61227894980576,32.9640802860267,79.94478849649946,21.135584,20.654848,-2.327472,No Alert,Low,Conditions are within expected range; continue routine monitoring.
COW00130,73,439.1,31.6,63.06856052234456,41.19495572643744,51.176035076128045,20.162943,19.527697,-3.2530527,No Alert,Low,Conditions are within expected range; continue routine monitoring.
COW00131,71,437.2,28.6,59.47944628806872,32.43396930746784,95.0,20.090662,19.528706,-2.8775916,No Alert,Low,Conditions are within expected range; continue routine monitoring.
COW00132,21,536.1,16.2,46.43470110102536,25.94647465027234,80.34938508775625,19.597656,19.716589,0.60321146,No Alert,Low,Conditions are within expected range; continue routine monitoring.
COW00133,72,491.6,31.0,78.50452861831327,47.830013107938456,71.31471368254182,21.295593,20.579504,-3.4796236,Heat Stress Alert,Medium,Moderate heat stress detected. Monitor cattle closely and provide ventilation and water access.
COW00134,97,580.2,28.7,61.6363324117825,33.666475663875715,95.0,21.676855,21.420805,-1.1953337,No Alert,Low,Conditions are within expected range; continue routine monitoring.
COW00135,44,586.2,17.8,61.69226339576826,38.97227898456741,57.440501212683145,21.817093,21.599026,-1.0096158,No Alert,Low,Conditions are within expected range; continue routine monitoring.
COW00136,77,575.7,17.0,71.84961592369757,39.88360129381052,92.38386135937245,22.07469,21.799423,-1.2627244,Heat Stress Alert,Medium,Moderate heat stress detected. Monitor cattle closely and provide ventilation and water access.
COW00137,15,569.1,30.9,56.42851482238648,34.97552573037925,58.55546242638341,19.997374,20.031263,0.16918439,No Alert,Low,Conditions are within expected range; continue routine monitoring.
COW00138,49,676.2,16.8,38.95291316799816,21.250893907942544,81.04341004620163,22.675436,22.524124,-0.67177695,No Alert,Low,Conditions are within expected range; continue routine monitoring.
COW00139,59,464.6,28.0,66.88179915994428,38.851211902142246,79.34506361433444,20.38779,19.871328,-2.5990326,No Alert,Low,Conditions are within expected range; continue routine monitoring.
COW00140,118,545.6,21.3,57.42379285622516,34.4163807251944,67.39823977812861,21.169924,20.88525,-1.363037,No Alert,Low,Conditions are within expected range; continue routine monitoring.
COW00141,35,640.6,27.0,74.41801147428625,42.63312092205396,84.69313329779598,22.913406,22.593285,-1.416889,Heat Stress Alert,Medium,Moderate heat stress detected. Monitor cattle closely and provide ventilation and water access.
COW00142,41,651.2,15.7,42.11482583587126,24.515964837029944,60.32102784610777,22.563873,22.38768,-0.78700984,No Alert,Low,Conditions are within expected range; continue routine monitoring.
COW00143,56,436.3,27.1,48.36668648409582,26.468952562477774,89.41558414658383,19.99889,19.522419,-2.4406347,No Alert,Low,Conditions are within expected range; continue routine monitoring.
COW00144,119,525.0,23.2,46.497435989774615,27.81459661706569,58.48672845026815,20.647364,20.394754,-1.2385992,No Alert,Low,Conditions are within expected range; continue routine monitoring.
COW00145,104,658.6,30.2,75.88932160809705,45.16220509613699,75.93590075283932,22.834743,22.604454,-1.0187792,Heat Stress Alert,Medium,Moderate heat stress detected. Monitor cattle closely and provide ventilation and water access.
COW00146,15,590.6,17.4,61.04,42.0,40.0,20.520273,20.580141,0.29090112,No Alert,Low,Conditions are within expected range; continue routine monitoring.
COW00147,37,565.6,16.0,48.289273118614936,28.401895409333704,65.47511264108373,21.4385,21.197474,-1.1370503,No Alert,Low,Conditions are within expected range; continue routine monitoring.
COW00148,100,532.6,17.5,50.00036885724301,31.917922112773446,46.044451591337925,20.978289,20.764507,-1.0295517,No Alert,Low,Conditions are within expected range; continue routine monitoring.
COW00149,18,519.3,15.4,70.6589418650648,40.35043928906454,84.69448316073364,19.387808,19.675661,1.4629915,Heat Stress Alert,Medium,Moderate heat stress detected. Monitor cattle closely and provide ventilation and water access.
COW00150,104,573.1,31.6,50.057516170038575,27.05000924002205,95.0,21.307568,21.062654,-1.1627836,No Alert,Low,Conditions are within expected range; continue routine monitoring.
COW00151,42,529.8,16.2,41.55603574881949,23.230553372913292,74.41881355529155,20.869335,20.625698,-1.1812308,No Alert,Low,Conditions are within expected range; continue routine monitoring.
COW00152,111,546.6,17.6,76.11059781268298,48.750285141249584,60.29169660316221,21.16317,20.881527,-1.3487659,Heat Stress Alert,Medium,Moderate heat stress detected. Monitor cattle closely and provide ventilation and water access.
COW00153,43,556.3,28.6,70.13810428670993,38.118036116129176,98.0,21.698864,21.209372,-2.3079064,Heat Stress Alert,Medium,Moderate heat stress detected. Monitor cattle closely and provide ventilation and water access.
COW00154,58,495.8,18.4,56.73143753195066,35.2933402862399,57.89770873030541,21.079851,20.860836,-1.0498866,No Alert,Low,Conditions are within expected range; continue routine monitoring.
COW00155,83,592.6,18.0,53.69021424689423,29.12583671251099,95.0,22.239567,22.069447,-0.7708405,No Alert,Low,Conditions are within expected range; continue routine monitoring.
COW00156,25,783.1,26.1,61.53902094710503,42.0,41.80804690980084,22.875273,23.006153,0.56889284,No Alert,Low,Conditions are within expected range; continue routine monitoring.
COW00157,72,407.8,21.2,47.0254592743647,25.816792469478465,87.34524451978118,20.046932,19.667826,-1.9275467,No Alert,Low,Conditions are within expected range; continue routine monitoring.
COW00158,66,575.9,29.0,47.37552944151826,25.51744539515329,95.0,22.164753,21.859245,-1.397613,No Alert,Low,Conditions are within expected range; continue routine monitoring.
COW00159,96,489.2,25.5,42.79003241810631,23.28617619608434,87.33893285459192,20.83668,20.455427,-1.8638197,No Alert,Low,Conditions are within expected range; continue routine monitoring.
COW00160,119,596.2,19.2,69.84602158735734,42.612946263914864,68.60561245594499,21.522825,21.406803,-0.5419871,No Alert,Low,Conditions are within expected range; continue routine monitoring.
COW00161,83,553.7,24.8,55.09417490733284,31.240191892936515,81.36499560156932,21.695845,21.37395,-1.5060184,No Alert,Low,Conditions are within expected range; continue routine monitoring.
COW00162,56,610.9,29.6,59.697241191672816,38.515335986162896,51.77191978542714,22.498705,22.336012,-0.72838885,No Alert,Low,Conditions are within expected range; continue routine monitoring.
COW00163,55,644.0,20.6,62.48040852344253,37.70087613499618,68.32235630631664,22.87691,22.717012,-0.7038639,No Alert,Low,Conditions are within expected range; continue routine monitoring.
COW00164,57,565.4,27.3,58.44256203209875,32.58159304860021,87.87616987417205,21.824175,21.488956,-1.5599568,No Alert,Low,Conditions are within expected range; continue routine monitoring.
COW00165,99,640.6,21.5,65.88132635452402,42.0,57.54103751639138,22.907982,22.692137,-0.951189,No Alert,Low,Conditions are within expected range; continue routine monitoring.
COW00166,46,362.5,23.8,56.10022337954327,30.502984788310435,95.0,19.314182,18.75953,-2.9566476,No Alert,Low,Conditions are within expected range; continue routine monitoring.
COW00167,30,677.2,27.2,34.01119815457247,18.067292414460223,86.09524047100054,22.823437,22.566473,-1.1386969,No Alert,Low,Conditions are within expected range; continue routine monitoring.
COW00168,48,580.0,15.1,73.21893860919027,46.48649841643376,61.17756952248018,21.861069,21.589775,-1.2565839,Heat Stress Alert,Medium,Moderate heat stress detected. Monitor cattle closely and provide ventilation and water access.
COW00169,14,636.2,22.2,51.99973651579949,30.393822274649917,70.55648426183707,20.787449,20.992945,0.97888047,No Alert,Low,Conditions are within expected range; continue routine monitoring.
COW00170,23,452.4,15.7,81.43822805239054,49.0,74.67695968899002,18.866081,18.968124,0.53797174,Heat Stress Alert,High,"High heat stress detected. Consider active cooling, shading, and improved hydration measures."
COW00171,21,483.5,27.1,51.49291805268925,29.967624013139748,71.42270928943739,18.764511,18.849613,0.4514792,No Alert,Low,Conditions are within expected range; continue routine monitoring.
COW00172,95,561.7,24.9,62.85142148998407,42.0,46.56312134052198,21.520977,21.182734,-1.5967886,No Alert,Low,Conditions are within expected range; continue routine monitoring.
COW00173,90,548.6,19.9,65.61969592343408,36.25094440628107,92.53119692436395,21.483494,21.13097,-1.6682802,No Alert,Low,Conditions are within expected range; continue routine monitoring.
COW00174,87,572.6,15.4,65.85405136557588,40.8778339094333,63.26720038855238,22.061768,21.766376,-1.3570981,No Alert,Low,Conditions are within expected range; continue routine monitoring.
COW00175,61,636.8,30.7,66.25449575384266,37.32676449495574,87.2041240807305,22.757132,22.534079,-0.98984736,No Alert,Low,Conditions are within expected range; continue routine monitoring.
COW00176,89,408.8,19.7,52.98692232145626,33.044229706791704,54.44868849864526,19.862778,19.483685,-1.9456955,No Alert,Low,Conditions are within expected range; continue routine monitoring.
COW00177,29,627.9,19.0,67.47934018844029,38.388175667833856,84.91183296396348,21.72394,21.819622,0.4385142,No Alert,Low,Conditions are within expected range; continue routine monitoring.
COW00178,109,550.7,15.8,64.05810553476948,35.05034601986827,95.0,21.227623,20.859396,-1.7652812,No Alert,Low,Conditions are within expected range; continue routine monitoring.
COW00179,66,533.7,24.4,46.40282779594461,25.248360336211668,90.37439044358806,21.246443,20.907202,-1.6226037,No Alert,Low,Conditions are within expected range; continue routine monitoring.
COW00180,113,432.3,18.8,47.25306242093426,26.69593036220248,77.23139161851334,19.797783,19.487078,-1.5944165,No Alert,Low,Conditions are within expected range; continue routine monitoring.
COW00181,28,590.2,29.2,45.87011859299459,25.35950360906897,83.78587236506672,21.33626,21.325064,-0.05250224,No Alert,Low,Conditions are within expected range; continue routine monitoring.
COW00182,65,356.9,26.3,56.14069074107904,32.16973586635833,78.81322577510258,19.714123,19.140093,-2.9990969,No Alert,Low,Conditions are within expected range; continue routine monitoring.
COW00183,87,601.9,14.1,71.64708143654963,46.08629089605046,58.0,22.30738,22.128876,-0.8066607,Heat Stress Alert,Medium,Moderate heat stress detected. Monitor cattle closely and provide ventilation and water access.
COW00184,65,430.6,24.2,50.04601999548314,27.043439997418936,95.0,20.119173,19.587835,-2.7125905,No Alert,Low,Conditions are within expected range; continue routine monitoring.
COW00185,60,554.3,18.2,36.32816381754908,19.548959977369115,83.29829430613043,21.633904,21.387161,-1.1536933,No Alert,Low,Conditions are within expected range; continue routine monitoring.
COW00186,29,540.5,14.3,54.73340818843401,35.15465942716635,49.19223407413371,20.561766,20.49396,-0.33085966,No Alert,Low,Conditions are within expected range; continue routine monitoring.
COW00187,53,643.6,25.1,78.86531399143962,45.24118057118879,85.18600471160858,22.866865,22.624693,-1.070389,Heat Stress Alert,Medium,Moderate heat stress detected. Monitor cattle closely and provide ventilation and water access.
COW00188,37,535.7,17.7,39.3977898214842,20.958737040848117,95.0,20.785408,20.50337,-1.3755677,No Alert,Low,Conditions are within expected range; continue routine monitoring.
COW00189,44,494.5,30.2,64.14039776199803,42.0,51.233325224630576,20.991362,20.524216,-2.276072,No Alert,Low,Conditions are within expected range; continue routine monitoring.
COW00190,85,509.5,24.3,49.94396197906986,28.6623323985324,74.42047880847412,21.014826,20.633469,-1.8482457,No Alert,Low,Conditions are within expected range; continue routine monitoring.
COW00191,80,651.8,17.8,62.09363433785078,42.0,43.81751571685065,22.932182,22.828072,-0.45606443,No Alert,Low,Conditions are within expected range; continue routine monitoring.
COW00192,77,592.9,31.6,60.0159278116266,40.39826760385981,43.454102022018986,22.105082,21.887735,-0.9930045,No Alert,Low,Conditions are within expected range; continue routine monitoring.
COW00193,51,519.1,23.8,40.336587318351015,21.64444395520655,91.39462179740194,21.04381,20.722109,-1.5524533,No Alert,Low,Conditions are within expected range; continue routine monitoring.
COW00194,115,531.1,17.0,63.53840824173128,41.305186918846005,52.384912802007,20.755983,20.526325,-1.1188468,No Alert,Low,Conditions are within expected range; continue routine monitoring.
COW00195,21,424.6,23.3,76.03062110707967,45.77245520852799,73.35306333946644,17.75784,17.861065,0.577937,Heat Stress Alert,Medium,Moderate heat stress detected. Monitor cattle closely and provide ventilation and water access.
COW00196,48,581.1,31.3,60.46119502094745,32.994968583398546,95.0,21.712759,21.385891,-1.5284286,No Alert,Low,Conditions are within expected range; continue routine monitoring.
COW00197,24,409.2,21.6,59.67814968452476,32.54751410544272,95.0,18.915321,18.594933,-1.7229898,No Alert,Low,Conditions are within expected range; continue routine monitoring.
COW00198,48,610.1,21.7,59.83951845404647,39.38503226205273,47.754561688222566,22.07845,21.93469,-0.6553946,No Alert,Low,Conditions are within expected range; continue routine monitoring.
COW00199,115,560.3,22.3,79.04377592587133,48.388976124271984,70.41281543448186,21.265326,20.936583,-1.5701846,Heat Stress Alert,High,"High heat stress detected. Consider active cooling, shading, and improved hydration measures."
COW00200,51,741.0,19.0,34.797401124532044,18.688903414065344,80.35336916139889,23.2291,22.997297,-1.0079532,No Alert,Low,Conditions are within expected range; continue routine monitoring.
COW00201,110,462.0,16.9,48.6691639020656,27.71863535815171,75.79046459415235,19.896852,19.616331,-1.43004,No Alert,Low,Conditions are within expected range; continue routine monitoring.
COW00202,65,541.8,24.4,47.64525723009967,27.77491640572386,67.47948048227161,21.393036,21.10913,-1.3449395,No Alert,Low,Conditions are within expected range; continue routine monitoring.
COW00203,87,693.9,30.1,62.10497041196302,42.0,43.85858844914139,22.990276,22.893602,-0.42227504,No Alert,Low,Conditions are within expected range; continue routine monitoring.
COW00204,61,645.3,27.2,55.786576997983225,35.3415416727434,53.06841221844303,22.911348,22.807001,-0.4575228,No Alert,Low,Conditions are within expected range; continue routine monitoring.
COW00205,40,494.3,15.7,77.34978299324791,49.0,62.86064448915582,20.888554,20.588684,-1.4564774,Heat Stress Alert,Medium,Moderate heat stress detected. Monitor cattle closely and provide ventilation and water access.
COW00206,94,567.9,21.2,66.55381639632628,42.0,59.97759563886335,21.588608,21.27251,-1.4859425,No Alert,Low,Conditions are within expected range; continue routine monitoring.
COW00207,116,550.2,14.1,39.34545764380461,20.92883293931692,95.0,21.223703,20.872663,-1.6818165,No Alert,Low,Conditions are within expected range; continue routine monitoring.
COW00208,40,572.6,19.5,80.64644529796519,49.0,72.38857022533287,21.731686,21.430597,-1.4049461,Heat Stress Alert,High,"High heat stress detected. Consider active cooling, shading, and improved hydration measures."
COW00209,96,494.1,26.0,53.04380595019263,30.087985947155005,80.14679025607361,20.99753,20.527859,-2.28797,No Alert,Low,Conditions are within expected range; continue routine monitoring.
COW00210,40,542.9,19.2,40.38059576200239,21.821130617510597,87.90697272732102,21.115889,20.847075,-1.2894571,No Alert,Low,Conditions are within expected range; continue routine monitoring.
COW00211,89,422.2,29.1,58.26054845773047,31.73745626156027,95.0,20.196228,19.522406,-3.4515336,No Alert,Low,Conditions are within expected range; continue routine monitoring.
COW00212,97,560.8,22.6,62.110597163808514,42.0,43.87897523119027,21.483889,21.14,-1.626723,No Alert,Low,Conditions are within expected range; continue routine monitoring.
COW00213,60,586.0,26.0,42.99076095059379,23.525362487346577,85.15246349381988,22.12369,21.902283,-1.0108852,No Alert,Low,Conditions are within expected range; continue routine monitoring.
COW00214,91,531.8,29.9,37.67050173163659,20.31235760427761,84.91732036949296,20.883392,20.576387,-1.4920254,No Alert,Low,Conditions are within expected range; continue routine monitoring.
COW00215,41,420.8,26.3,60.04303410674252,32.75601948956715,95.0,19.542645,19.01666,-2.7659104,No Alert,Low,Conditions are within expected range; continue routine monitoring.
COW00216,20,629.1,30.2,94.848,52.0,98.0,21.271208,21.185198,-0.40599093,Health Risk Alert,Critical,"Critical heat stress or productivity decline detected. Consider emergency cooling, veterinary assessment, and hydration."
COW00217,22,579.2,28.5,60.21531130944546,39.58817949335766,48.21613931233902,20.844227,20.911203,0.32029027,No Alert,Low,Conditions are within expected range; continue routine monitoring.
COW00218,60,491.9,24.2,42.12850636396836,23.725476026871405,72.36226357803584,21.066965,20.78112,-1.3755023,No Alert,Low,Conditions are within expected range; continue routine monitoring.
COW00219,109,527.6,19.4,59.13432867970448,38.93579166158983,47.219570129337775,20.795105,20.534084,-1.271158,No Alert,Low,Conditions are within expected range; continue routine monitoring.
COW00220,25,429.9,19.4,61.33589664012422,41.04925285739076,45.39149528485501,18.841309,18.636177,-1.1007168,No Alert,Low,Conditions are within expected range; continue routine monitoring.
COW00221,61,468.0,29.8,67.61847586822984,37.14928513842372,94.50427838358227,20.49923,19.941133,-2.7987173,No Alert,Low,Conditions are within expected range; continue routine monitoring.
COW00222,88,507.0,15.0,37.1060538454428,19.64917362596731,95.0,20.995535,20.694305,-1.4556153,No Alert,Low,Conditions are within expected range; continue routine monitoring.
COW00223,33,648.3,30.9,59.28407130092011,36.24282311239676,63.58982417029976,22.617413,22.369585,-1.1078771,No Alert,Low,Conditions are within expected range; continue routine monitoring.
COW00224,89,498.8,19.9,60.80036616490133,40.92762614392608,43.947638535421,20.955162,20.654211,-1.4570928,No Alert,Low,Conditions are within expected range; continue routine monitoring.
COW00225,45,601.2,27.3,39.28963054566109,21.91436709489699,71.30523172579916,22.011356,21.775766,-1.0818907,No Alert,Low,Conditions are within expected range; continue routine monitoring.
COW00226,99,506.9,19.9,52.49936879293828,30.78540988401168,70.00765294813885,20.79087,20.48664,-1.4850153,No Alert,Low,Conditions are within expected range; continue routine monitoring.
COW00227,74,569.8,31.2,62.814586637446986,34.37428543638711,94.69754674617592,22.057888,21.633951,-1.9595904,No Alert,Low,Conditions are within expected range; continue routine monitoring.
COW00228,71,538.7,14.7,44.545181007063455,24.784961640910343,80.08899774430066,21.385157,21.073492,-1.4789413,No Alert,Low,Conditions are within expected range; continue routine monitoring.
COW00229,31,619.8,20.4,87.8369840082724,52.0,79.35368087306489,21.725163,21.7586,0.15367591,Heat Stress Alert,High,"High heat stress detected. Consider active cooling, shading, and improved hydration measures."
COW00230,62,507.2,29.6,62.59864330668445,41.56605684857468,47.65431324827669,21.066727,20.662128,-1.9581634,No Alert,Low,Conditions are within expected range; continue routine monitoring.
COW00231,104,424.2,18.9,72.52846918089504,41.520944724752496,84.47977617896987,19.96075,19.437006,-2.6945744,Heat Stress Alert,Medium,Moderate heat stress detected. Monitor cattle closely and provide ventilation and water access.
COW00232,14,439.4,19.0,80.51370702795361,43.947026420198654,98.0,18.001867,18.26543,1.4429617,Heat Stress Alert,High,"High heat stress detected. Consider active cooling, shading, and improved hydration measures."
COW00233,93,507.4,30.2,54.24514350890632,29.44293914794647,95.0,21.024677,20.500805,-2.5553746,No Alert,Low,Conditions are within expected range; continue routine monitoring.
COW00234,65,450.1,29.0,55.70114113642908,31.929099292535405,78.4858450100708,20.198566,19.713133,-2.4624882,No Alert,Low,Conditions are within expected range; continue routine monitoring.
COW00235,89,582.8,15.9,46.943817056288815,25.27075260359361,95.0,22.078505,21.822273,-1.1741734,No Alert,Low,Conditions are within expected range; continue routine monitoring.
COW00236,83,512.7,24.4,51.921391610884925,29.83280301770848,75.5219203105512,21.104364,20.707342,-1.9173018,No Alert,Low,Conditions are within expected range; continue routine monitoring.
COW00237,58,740.0,18.0,44.45616554618465,23.84923745496265,95.0,23.161917,23.082077,-0.3458948,No Alert,Low,Conditions are within expected range; continue routine monitoring.
COW00238,45,411.0,17.9,54.81010578185343,34.47367860061733,53.9570405447583,19.887642,19.534946,-1.8054591,No Alert,Low,Conditions are within expected range; continue routine monitoring.
COW00239,79,566.3,25.1,62.90846958418943,40.96931903307083,51.68749090121308,21.843044,21.539053,-1.4113495,No Alert,Low,Conditions are within expected range; continue routine monitoring.
COW00240,27,459.8,16.2,39.78715523227597,21.835208914516844,79.60755600432407,19.495853,19.405725,-0.46443996,No Alert,Low,Conditions are within expected range; continue routine monitoring.
COW00241,75,510.5,22.5,43.31007294300931,23.19432739600532,95.0,21.098804,20.789417,-1.4881957,No Alert,Low,Conditions are within expected range; continue routine monitoring.
COW00242,22,561.3,18.6,56.20143289881224,36.65195392781554,47.09640236788232,20.440456,20.556662,0.56529224,No Alert,Low,Conditions are within expected range; continue routine monitoring.
COW00243,82,364.0,29.4,53.392765037798085,31.714270044139315,67.1200632360492,19.79862,19.22767,-2.9694161,No Alert,Low,Conditions are within expected range; continue routine monitoring.
COW00244,79,568.9,24.0,58.820855243952856,32.05763156797306,95.0,21.9435,21.644104,-1.3832705,No Alert,Low,Conditions are within expected range; continue routine monitoring.
COW00245,21,702.2,17.9,57.32769771225468,32.10423488596155,86.10544257731974,21.497696,21.6475,0.6920114,No Alert,Low,Conditions are within expected range; continue routine monitoring.
COW00246,93,513.7,30.7,45.54129284722572,25.822631140499563,74.26649631316963,21.00363,20.565832,-2.1287615,No Alert,Low,Conditions are within expected range; continue routine monitoring.
COW00247,56,570.8,28.8,54.454855060058414,33.8776775527324,56.23213028462939,21.95605,21.672525,-1.3082253,No Alert,Low,Conditions are within expected range; continue routine monitoring.
COW00248,96,632.0,18.8,55.28255119133113,34.381685532529495,56.93815342447383,22.594358,22.472675,-0.5414714,No Alert,Low,Conditions are within expected range; continue routine monitoring.
COW00249,16,536.9,31.3,91.45389248917314,52.0,88.973118322269,19.763636,19.292656,-2.4412382,Health Risk Alert,Critical,"Critical heat stress or productivity decline detected. Consider emergency cooling, veterinary assessment, and hydration."
COW00250,31,503.5,18.8,70.07216591918865,38.08099208943183,98.0,20.114496,20.090708,-0.118405245,Heat Stress Alert,Medium,Moderate heat stress detected. Monitor cattle closely and provide ventilation and water access.
COW00251,65,367.9,19.3,46.400707565587126,25.28183058990993,89.83087002588678,19.801813,19.3782,-2.1860266,No Alert,Low,Conditions are within expected range; continue routine monitoring.
COW00252,32,601.3,20.9,48.83107666847594,30.18108773305861,52.50719482834439,21.649944,21.448732,-0.9381064,No Alert,Low,Conditions are within expected range; continue routine monitoring.
COW00253,47,540.9,17.0,59.202451766900666,39.05570688160467,46.87712389313051,21.232664,20.982147,-1.1939526,No Alert,Low,Conditions are within expected range; continue routine monitoring.
COW00254,83,469.0,26.4,59.90757088141466,39.79239138085143,45.97305390281873,20.341454,19.846817,-2.4922714,No Alert,Low,Conditions are within expected range; continue routine monitoring.
COW00255,27,560.1,24.0,36.55007471632336,19.33147126647049,95.0,21.090622,20.790066,-1.4456722,No Alert,Low,Conditions are within expected range; continue routine monitoring.
COW00256,85,503.3,30.1,33.90401660757729,18.0,86.22268354381356,20.96591,20.50784,-2.2336373,No Alert,Low,Conditions are within expected range; continue routine monitoring.
COW00257,23,507.7,18.3,53.40521066883985,33.56814103761164,52.9560890585732,19.731041,19.758047,0.1366843,No Alert,Low,Conditions are within expected range; continue routine monitoring.
COW00258,30,598.5,17.1,54.82054820763941,33.120565537699974,63.69516857525684,21.534174,21.439533,-0.44143093,No Alert,Low,Conditions are within expected range; continue routine monitoring.
COW00259,75,442.9,20.5,44.65321793087726,25.420084655981277,71.84291639533934,20.086607,19.76877,-1.607772,No Alert,Low,Conditions are within expected range; continue routine monitoring.
COW00260,97,633.8,16.6,56.02699792550293,36.240455078001794,48.69236389590135,22.57341,22.46148,-0.4983236,No Alert,Low,Conditions are within expected range; continue routine monitoring.
COW00261,30,438.2,31.0,39.13032342811262,21.21939512860805,84.3888235935205,18.90773,18.76117,-0.7811915,No Alert,Low,Conditions are within expected range; continue routine monitoring.
COW00262,44,497.0,26.9,62.759072023736266,42.0,46.2285218251314,20.90809,20.56696,-1.658637,No Alert,Low,Conditions are within expected range; continue routine monitoring.
COW00263,111,703.8,28.3,71.42924700424945,42.78120364427981,73.303036578643,23.18242,22.94166,-1.049448,Heat Stress Alert,Medium,Moderate heat stress detected. Monitor cattle closely and provide ventilation and water access.
COW00264,118,640.2,27.5,45.720947071066696,25.43552833656408,81.3057982197981,22.522762,22.386328,-0.6094548,No Alert,Low,Conditions are within expected range; continue routine monitoring.
COW00265,74,557.8,18.4,62.15345927155034,42.0,44.03427272300846,21.819613,21.54201,-1.2886595,No Alert,Low,Conditions are within expected range; continue routine monitoring.
COW00266,60,474.8,16.5,75.8469665159019,47.489223133858125,64.8416190432142,20.660688,20.32676,-1.6428052,Heat Stress Alert,Medium,Moderate heat stress detected. Monitor cattle closely and provide ventilation and water access.
COW00267,49,507.7,21.7,61.067487889190296,38.35823480459923,58.35530104591439,21.004986,20.707243,-1.4378681,No Alert,Low,Conditions are within expected range; continue routine monitoring.
COW00268,78,555.9,28.9,78.19779352296527,48.85756658701891,65.9122001433098,21.997612,21.47264,-2.444846,Heat Stress Alert,Medium,Moderate heat stress detected. Monitor cattle closely and provide ventilation and water access.
COW00269,75,553.0,19.9,53.101751744620834,31.71224506984733,65.45630357601509,21.70926,21.42068,-1.3472115,No Alert,Low,Conditions are within expected range; continue routine monitoring.
COW00270,43,542.7,14.2,60.95925911050168,38.19708885423715,58.8373986115488,21.1218,20.89746,-1.0735205,No Alert,Low,Conditions are within expected range; continue routine monitoring.
COW00271,14,547.5,25.9,63.1216956747807,42.0,47.54237563326342,19.90918,20.04072,0.65636516,No Alert,Low,Conditions are within expected range; continue routine monitoring.
COW00272,28,532.8,17.6,53.13597346413797,33.72634009127309,50.474644164646456,20.122055,20.121647,-0.0020285249,No Alert,Low,Conditions are within expected range; continue routine monitoring.
COW00273,115,434.6,23.8,74.88842846969078,40.78675756724201,98.0,20.035725,19.462627,-2.9446037,Heat Stress Alert,Medium,Moderate heat stress detected. Monitor cattle closely and provide ventilation and water access.
COW00274,57,508.7,14.3,40.893149614201945,22.36867031600477,82.80193683186846,21.107132,20.859203,-1.1885815,No Alert,Low,Conditions are within expected range; continue routine monitoring.
COW00275,64,623.2,23.2,65.103536174185,40.95523172631254,60.02339184011448,22.539467,22.40447,-0.60254234,No Alert,Low,Conditions are within expected range; continue routine monitoring.
COW00276,62,440.5,21.1,73.2574756199154,46.38435819802266,61.74889906878996,20.292492,19.88184,-2.0654635,Heat Stress Alert,Medium,Moderate heat stress detected. Monitor cattle closely and provide ventilation and water access.
COW00277,96,534.8,29.8,66.26673985127452,38.01651639261206,82.37254984511817,21.220991,20.587673,-3.0761998,No Alert,Low,Conditions are within expected range; continue routine monitoring.
COW00278,19,484.4,27.0,43.21423670887788,23.37893687196739,90.33460561046051,19.385056,19.34326,-0.21607387,No Alert,Low,Conditions are within expected range; continue routine monitoring.
COW00279,20,558.9,14.6,83.49234336666808,45.62041762172364,98.0,20.024424,20.365536,1.674948,Heat Stress Alert,High,"High heat stress detected. Consider active cooling, shading, and improved hydration measures."
COW00280,41,518.9,28.2,51.68195810927769,31.03805852478685,62.81689221057776,20.792316,20.446707,-1.690295,No Alert,Low,Conditions are within expected range; continue routine monitoring.
COW00281,64,668.2,28.2,86.97959915692874,52.0,77.07340201310835,23.05763,22.89371,-0.71601045,Heat Stress Alert,High,"High heat stress detected. Consider active cooling, shading, and improved hydration measures."
COW00282,84,590.5,25.9,76.99834871648096,49.0,61.84493848693919,22.34312,22.11897,-1.0133822,Heat Stress Alert,Medium,Moderate heat stress detected. Monitor cattle closely and provide ventilation and water access.
COW00283,64,445.1,30.7,57.58784203582661,38.0491448218966,45.44995710947374,20.140053,19.70508,-2.2074144,No Alert,Low,Conditions are within expected range; continue routine monitoring.
COW00284,59,603.7,28.5,52.026841919553966,30.150825839293315,73.05128864681524,22.246878,22.094778,-0.68839616,No Alert,Low,Conditions are within expected range; continue routine monitoring.
COW00285,113,488.0,17.9,67.07778517347683,42.0,61.876033237234886,20.779629,20.365767,-2.0321467,No Alert,Low,Conditions are within expected range; continue routine monitoring.
COW00286,29,503.8,20.9,59.47644753966157,37.49471198160004,56.63927727179773,19.93226,19.942713,0.052411478,No Alert,Low,Conditions are within expected range; continue routine monitoring.
COW00287,73,575.1,20.3,82.83702363934643,49.0,78.71972150100123,22.058073,21.801949,-1.174778,Heat Stress Alert,High,"High heat stress detected. Consider active cooling, shading, and improved hydration measures."
COW00288,70,510.7,23.1,50.92174973015987,29.850253987490767,68.8761916068379,21.119957,20.826092,-1.4110434,No Alert,Low,Conditions are within expected range; continue routine monitoring.
COW00289,63,621.4,31.2,52.47398208585715,32.65499914618097,54.505523058290336,22.506361,22.368225,-0.6175542,No Alert,Low,Conditions are within expected range; continue routine monitoring.
COW00290,99,488.0,25.1,34.079465593801075,18.0,91.09626649447436,20.884836,20.429298,-2.229826,No Alert,Low,Conditions are within expected range; continue routine monitoring.
COW00291,40,500.5,19.6,57.48410912145199,35.42898623003204,60.5874196599678,20.84097,20.562103,-1.3562125,No Alert,Low,Conditions are within expected range; continue routine monitoring.
COW00292,115,497.5,30.9,57.64590522090553,31.51140764186377,93.71981220399354,21.105825,20.48724,-3.01937,No Alert,Low,Conditions are within expected range; continue routine monitoring.
COW00293,47,504.7,26.6,82.71299246306108,48.75556630095977,79.48796181400843,21.279661,20.657867,-3.009961,Heat Stress Alert,High,"High heat stress detected. Consider active cooling, shading, and improved hydration measures."
COW00294,70,637.9,18.8,40.97211498444132,22.02529422437081,91.16867363263344,22.797485,22.727425,-0.30826515,No Alert,Low,Conditions are within expected range; continue routine monitoring.
COW00295,68,600.3,30.3,61.78492718531808,33.84520431051452,94.1556768678766,22.369349,22.120504,-1.1249479,No Alert,Low,Conditions are within expected range; continue routine monitoring.
COW00296,103,686.8,20.2,44.46004929525601,25.459230189778552,69.55877589511691,22.926056,22.79281,-0.5845943,No Alert,Low,Conditions are within expected range; continue routine monitoring.
COW00297,59,731.4,23.3,36.71918274233258,19.625269219686466,88.39673464443155,23.202917,23.099262,-0.44873667,No Alert,Low,Conditions are within expected range; continue routine monitoring.
COW00298,42,467.5,22.6,46.59627112199379,25.1143236377572,94.31124682643284,20.245378,19.820917,-2.1414819,No Alert,Low,Conditions are within expected range; continue routine monitoring.
COW00299,14,555.6,30.6,49.1758431262187,26.54619607212497,95.0,20.014805,19.90394,-0.55699843,No Alert,Low,Conditions are within expected range; continue routine monitoring.
COW00300,51,455.9,18.8,43.29905341876507,23.18803052500861,95.0,20.167252,19.88032,-1.4432967,No Alert,Low,Conditions are within expected range; continue routine monitoring.
COW00301,101,487.8,20.0,72.98200417828869,44.82688032802941,68.09932432270196,20.885664,20.44937,-2.1335354,Heat Stress Alert,Medium,Moderate heat stress detected. Monitor cattle closely and provide ventilation and water access.
COW00302,13,499.6,25.9,52.09896964819436,30.41075807671052,71.0170195086855,19.400194,19.497755,0.50036985,No Alert,Low,Conditions are within expected range; continue routine monitoring.
COW00303,108,465.4,30.0,56.3132575599772,33.52812539302898,68.43721993962247,20.2601,19.735905,-2.6560462,No Alert,Low,Conditions are within expected range; continue routine monitoring.
COW00304,70,465.8,16.1,58.67531231680631,31.99825869599777,94.76338340111312,20.448458,20.153805,-1.4620214,No Alert,Low,Conditions are within expected range; continue routine monitoring.
COW00305,27,538.5,17.8,72.67799266593141,43.428931107709886,74.18408793579033,20.090979,20.153526,0.31035602,Heat Stress Alert,Medium,Moderate heat stress detected. Monitor cattle closely and provide ventilation and water access.
COW00306,44,452.7,31.1,54.50188463073378,34.88283094506565,49.77641958782751,19.850327,19.43824,-2.1199784,No Alert,Low,Conditions are within expected range; continue routine monitoring.
COW00307,71,617.4,28.0,60.887126360704166,33.23835792040238,95.0,22.565102,22.44436,-0.5379565,No Alert,Low,Conditions are within expected range; continue routine monitoring.
COW00308,46,476.6,20.2,59.25488261570686,39.38419074161399,45.41884161777185,20.3949,20.137318,-1.2791262,No Alert,Low,Conditions are within expected range; continue routine monitoring.
COW00309,23,774.8,20.4,60.971683605857386,40.290142227080814,47.66126704118944,22.674082,22.623453,-0.2237884,No Alert,Low,Conditions are within expected range; continue routine monitoring.
COW00310,83,513.9,22.5,56.87206461485368,33.47112180854897,71.8110203767636,21.148346,20.756409,-1.8882711,No Alert,Low,Conditions are within expected range; continue routine monitoring.
COW00311,84,555.8,26.1,78.12238287423497,45.04227484798884,83.8337333741719,21.993744,21.504753,-2.273873,Heat Stress Alert,Medium,Moderate heat stress detected. Monitor cattle closely and provide ventilation and water access.
COW00312,24,446.4,24.1,80.2227768555532,49.0,71.16409495824625,18.640518,18.57509,-0.35223398,Heat Stress Alert,High,"High heat stress detected. Consider active cooling, shading, and improved hydration measures."
COW00313,42,686.5,28.0,70.08108600193373,43.65604650552117,64.11067467361708,22.938599,22.663189,-1.2152293,Heat Stress Alert,Medium,Moderate heat stress detected. Monitor cattle closely and provide ventilation and water access.
COW00314,38,639.6,15.0,54.5616766075937,35.18880108566159,48.15398299216472,22.428047,22.323977,-0.46618336,No Alert,Low,Conditions are within expected range; continue routine monitoring.
COW00315,83,573.8,28.7,66.26724284352201,42.0,58.93928566493484,22.116692,21.769587,-1.5944493,No Alert,Low,Conditions are within expected range; continue routine monitoring.
COW00316,90,442.3,15.0,61.079881929443445,39.17708069096563,53.83288508857463,19.967257,19.645208,-1.6393218,No Alert,Low,Conditions are within expected range; continue routine monitoring.
COW00317,90,566.9,29.9,58.22379751015602,31.716455720089154,95.0,21.814007,21.417383,-1.8518771,No Alert,Low,Conditions are within expected range; continue routine monitoring.
COW00318,113,460.3,14.8,78.4986188692368,48.40072777642077,68.75745955153536,19.87116,19.659103,-1.0786713,Heat Stress Alert,Medium,Moderate heat stress detected. Monitor cattle closely and provide ventilation and water access.
COW00319,95,667.0,16.3,81.62883668139412,44.573503753592206,98.0,22.84806,22.824947,-0.101263106,Heat Stress Alert,High,"High heat stress detected. Consider active cooling, shading, and improved hydration measures."
COW00320,46,614.7,17.2,50.06912023673616,28.679673910942192,75.10942599161031,22.149202,21.997337,-0.690379,No Alert,Low,Conditions are within expected range; continue routine monitoring.
COW00321,23,557.6,18.0,67.29329799448686,38.38117222748154,84.18420926632818,20.576933,20.634995,0.28137442,No Alert,Low,Conditions are within expected range; continue routine monitoring.
COW00322,78,355.1,21.2,80.00918239902944,48.74319376057032,71.67250536504682,19.548815,19.18883,-1.8760152,Heat Stress Alert,High,"High heat stress detected. Consider active cooling, shading, and improved hydration measures."
COW00323,110,471.3,25.8,46.055091057397405,26.872889947127675,65.39606405790225,20.206059,19.760733,-2.2535899,No Alert,Low,Conditions are within expected range; continue routine monitoring.
COW00324,117,605.0,30.1,49.33169149725311,27.33846317496785,85.48867672845785,21.937899,21.801313,-0.6265,No Alert,Low,Conditions are within expected range; continue routine monitoring.
COW00325,36,647.0,23.4,49.499043454702864,26.73088197411592,95.0,22.54394,22.407999,-0.60666084,No Alert,Low,Conditions are within expected range; continue routine monitoring.
COW00326,37,638.7,23.6,37.0302231977725,20.012293083366487,82.3262196475993,22.528954,22.344164,-0.82701534,No Alert,Low,Conditions are within expected range; continue routine monitoring.
COW00327,16,422.6,19.7,64.43732025512506,36.31747554901297,86.61280252583461,18.047638,18.159088,0.61374336,No Alert,Low,Conditions are within expected range; continue routine monitoring.
COW00328,27,574.1,28.4,49.82368560432711,26.916391773901207,95.0,21.143112,21.070898,-0.34271973,No Alert,Low,Conditions are within expected range; continue routine monitoring.
COW00329,71,631.2,16.0,90.786095893626,52.0,87.19706354687766,22.444836,22.546728,0.45191687,Health Risk Alert,Critical,"Critical heat stress or productivity decline detected. Consider emergency cooling, veterinary assessment, and hydration."
COW00330,71,417.3,19.4,45.93473260401329,25.284346906903963,85.51045972805689,20.077177,19.675858,-2.0396545,No Alert,Low,Conditions are within expected range; continue routine monitoring.
COW00331,52,549.4,15.7,60.43962583284115,40.04927255962886,46.78576266535533,21.355036,21.164541,-0.9000646,No Alert,Low,Conditions are within expected range; continue routine monitoring.
COW00332,45,571.9,17.9,40.54811124847031,22.22856457930847,81.30813152959657,21.66355,21.433994,-1.0709863,No Alert,Low,Conditions are within expected range; continue routine monitoring.
COW00333,101,525.9,24.6,33.93058087654015,18.0,86.96057990389302,21.052969,20.624844,-2.0757751,No Alert,Low,Conditions are within expected range; continue routine monitoring.
COW00334,61,401.8,16.3,77.31569553639403,46.05306512844782,76.05343538120806,20.185476,19.82057,-1.8410485,Heat Stress Alert,Medium,Moderate heat stress detected. Monitor cattle closely and provide ventilation and water access.
COW00335,99,523.9,15.8,42.05259104752259,23.1503311914243,81.50921306125117,21.061295,20.737621,-1.5608022,No Alert,Low,Conditions are within expected range; continue routine monitoring.
COW00336,116,523.8,28.9,55.264385599657565,34.82038038336386,53.90732731861631,20.919643,20.457363,-2.2597256,No Alert,Low,Conditions are within expected range; continue routine monitoring.
COW00337,46,538.2,16.1,43.98785423057526,23.76982851292413,91.48504061106676,21.162525,20.85453,-1.4768726,No Alert,Low,Conditions are within expected range; continue routine monitoring.
COW00338,33,504.9,24.9,54.35930012094019,35.68928805677202,44.190626057736914,20.55404,20.271671,-1.3929272,No Alert,Low,Conditions are within expected range; continue routine monitoring.
COW00339,114,514.6,20.3,47.09956816968008,26.43697443984701,79.33877957062322,20.712202,20.409843,-1.4814353,No Alert,Low,Conditions are within expected range; continue routine monitoring.
COW00340,80,546.8,30.1,63.58962776283408,38.276746860338,69.39065179806967,21.573757,21.147968,-2.0133796,No Alert,Low,Conditions are within expected range; continue routine monitoring.
COW00341,43,585.4,26.7,53.97214352096828,29.690171162316595,90.38490442262092,21.908249,21.645418,-1.2142557,No Alert,Low,Conditions are within expected range; continue routine monitoring.
COW00342,79,525.6,15.1,33.95613449006779,18.0,87.67040250188313,21.44516,20.950848,-2.3593905,No Alert,Low,Conditions are within expected range; continue routine monitoring.
COW00343,67,517.2,30.1,50.39075249978433,28.08695894672503,84.17637100578177,21.164055,20.78361,-1.8305073,No Alert,Low,Conditions are within expected range; continue routine monitoring.
COW00344,109,557.4,21.5,34.22,18.0,95.0,21.345486,20.956099,-1.8581089,No Alert,Low,Conditions are within expected range; continue routine monitoring.
COW00345,39,396.3,19.4,35.12927905287785,18.5320589645278,94.47183389121146,19.801933,19.297264,-2.615237,No Alert,Low,Conditions are within expected range; continue routine monitoring.
COW00346,119,588.2,26.1,71.32361581716864,40.40812054732512,86.88486097328786,21.679464,21.417492,-1.2231704,Heat Stress Alert,Medium,Moderate heat stress detected. Monitor cattle closely and provide ventilation and water access.
COW00347,113,550.0,26.9,63.492360430552544,42.0,48.88536387881358,21.189558,20.841791,-1.6686035,No Alert,Low,Conditions are within expected range; continue routine monitoring.
COW00348,31,553.2,19.5,51.18430272019041,27.71453416378884,94.72862688250616,21.06284,20.92289,-0.6688837,No Alert,Low,Conditions are within expected range; continue routine monitoring.
COW00349,29,626.9,20.3,57.36142565732538,35.60174979165842,58.863187928520695,21.691692,21.762384,0.32483602,No Alert,Low,Conditions are within expected range; continue routine monitoring.
COW00350,69,393.8,16.8,63.45574043343871,34.91222935719225,93.24172723809144,20.106884,19.649586,-2.3272667,No Alert,Low,Conditions are within expected range; continue routine monitoring.
COW00351,16,392.1,24.7,73.87119574751682,45.4844667815445,67.82687465882162,17.633707,17.671371,0.21313803,Heat Stress Alert,Medium,Moderate heat stress detected. Monitor cattle closely and provide ventilation and water access.
COW00352,44,571.9,31.2,65.46162541642506,36.94117818600963,86.54686417290107,21.819271,21.332924,-2.2797964,No Alert,Low,Conditions are within expected range; continue routine monitoring.
COW00353,58,549.4,21.5,54.12845511553398,29.37626006601942,95.0,21.489882,21.213442,-1.3031344,No Alert,Low,Conditions are within expected range; continue routine monitoring.
COW00354,116,563.6,31.9,58.50728100830065,36.71043486526876,57.09854242203353,21.200788,20.756315,-2.1413882,No Alert,Low,Conditions are within expected range; continue routine monitoring.
COW00355,119,513.0,17.2,63.50954248073521,35.45101341482691,89.06332146303389,20.739264,20.393982,-1.6930563,No Alert,Low,Conditions are within expected range; continue routine monitoring.
COW00356,28,603.1,28.3,33.83369073838477,18.0,84.26918717735467,21.817932,21.560413,-1.1944056,No Alert,Low,Conditions are within expected range; continue routine monitoring.
COW00357,108,624.6,30.7,37.60172070877211,20.261436662129505,85.17658155935224,22.113182,21.962082,-0.68800473,No Alert,Low,Conditions are within expected range; continue routine monitoring.
COW00358,21,588.7,26.4,56.13507424214992,32.5642870934703,75.33268163490257,20.628876,20.804564,0.8444676,No Alert,Low,Conditions are within expected range; continue routine monitoring.
COW00359,92,529.1,16.0,55.90252478415433,30.390014162373905,95.0,21.042881,20.742434,-1.4484677,No Alert,Low,Conditions are within expected range; continue routine monitoring.
COW00360,103,381.4,19.9,49.29718309055457,28.339487141913278,73.357027220016,19.635456,19.383802,-1.2982678,No Alert,Low,Conditions are within expected range; continue routine monitoring.
COW00361,108,611.5,15.5,82.78333977703815,50.83093825829105,70.59546198910266,22.003036,21.917154,-0.39184916,Heat Stress Alert,High,"High heat stress detected. Consider active cooling, shading, and improved hydration measures."
COW00362,36,647.7,24.8,59.40138566463944,40.30973269944855,41.50409280489983,22.437332,22.427168,-0.045321196,No Alert,Low,Conditions are within expected range; continue routine monitoring.
COW00363,108,601.6,32.0,73.00685142690818,45.18173899348995,66.4727234430895,21.426144,21.235332,-0.8985551,Heat Stress Alert,Medium,Moderate heat stress detected. Monitor cattle closely and provide ventilation and water access.
COW00364,24,479.6,20.7,40.54230063441892,21.97700038166273,86.58703970724925,19.266825,19.233023,-0.17574997,No Alert,Low,Conditions are within expected range; continue routine monitoring.
COW00365,68,603.9,16.9,72.50879486637186,42.16134984795265,80.61464990204794,22.270227,22.14857,-0.549283,Heat Stress Alert,Medium,Moderate heat stress detected. Monitor cattle closely and provide ventilation and water access.
COW00366,62,618.8,18.8,64.55325769958145,34.98048185369744,98.0,22.440393,22.336105,-0.4669037,No Alert,Low,Conditions are within expected range; continue routine monitoring.
COW00367,46,674.7,24.3,43.57668403467522,23.346676591242986,95.0,22.600628,22.464361,-0.6065906,No Alert,Low,Conditions are within expected range; continue routine monitoring.
COW00368,14,479.9,24.2,77.10857576408088,49.0,62.16351376901992,18.88789,18.983149,0.50180674,Heat Stress Alert,Medium,Moderate heat stress detected. Monitor cattle closely and provide ventilation and water access.
COW00369,95,531.9,18.1,48.90194877738151,27.580842186824675,79.18519074869639,21.038548,20.750006,-1.3905625,No Alert,Low,Conditions are within expected range; continue routine monitoring.
COW00370,48,609.8,27.5,55.85250953370921,30.361434019262408,95.0,22.209087,22.03906,-0.77147925,No Alert,Low,Conditions are within expected range; continue routine monitoring.
COW00371,83,554.6,15.6,64.24917288984696,42.0,51.627438006691854,21.67603,21.422642,-1.1828021,No Alert,Low,Conditions are within expected range; continue routine monitoring.
COW00372,56,460.6,25.2,65.92868023695328,40.8852290908291,63.50897289430792,20.306515,19.818272,-2.4636009,No Alert,Low,Conditions are within expected range; continue routine monitoring.
COW00373,52,583.2,21.7,61.04,42.0,40.0,21.773243,21.630423,-0.6602754,No Alert,Low,Conditions are within expected range; continue routine monitoring.
COW00374,107,596.3,16.3,78.09927175693858,49.0,65.02679698537158,21.722277,21.636654,-0.39573026,Heat Stress Alert,Medium,Moderate heat stress detected. Monitor cattle closely and provide ventilation and water access.
COW00375,22,557.0,25.4,73.6618090179529,43.82122828850706,75.47212566859835,20.614433,20.695637,0.39236996,Heat Stress Alert,Medium,Moderate heat stress detected. Monitor cattle closely and provide ventilation and water access.
COW00376,91,567.6,26.1,44.50303276260301,25.649420352989104,67.41233096687249,21.672031,21.3991,-1.2754371,No Alert,Low,Conditions are within expected range; continue routine monitoring.
COW00377,92,529.3,21.9,55.55584882903424,33.789129679489584,62.53269376122791,21.0702,20.713648,-1.7213391,No Alert,Low,Conditions are within expected range; continue routine monitoring.
COW00378,53,668.3,28.4,80.04794830645258,47.37013377298335,78.10657204299147,22.848888,22.605864,-1.0750521,Heat Stress Alert,High,"High heat stress detected. Consider active cooling, shading, and improved hydration measures."
COW00379,40,477.9,23.2,37.36939901506289,19.965331449715027,89.79040871944382,20.27374,19.982128,-1.4593672,No Alert,Low,Conditions are within expected range; continue routine monitoring.
COW00380,12,503.0,19.1,64.11826750415324,35.08472428808757,95.0,19.201342,19.35369,0.78717583,No Alert,Low,Conditions are within expected range; continue routine monitoring.
COW00381,113,550.9,31.2,54.3257181314286,30.244271435285185,86.65782481246237,21.319345,20.83708,-2.3144581,No Alert,Low,Conditions are within expected range; continue routine monitoring.
COW00382,114,620.3,31.0,43.29305447188251,23.18460255536144,95.0,22.082476,21.949625,-0.60525244,No Alert,Low,Conditions are within expected range; continue routine monitoring.
COW00383,38,430.2,15.7,94.848,52.0,98.0,19.536543,19.35499,-0.93801594,Health Risk Alert,Critical,"Critical heat stress or productivity decline detected. Consider emergency cooling, veterinary assessment, and hydration."
COW00384,15,445.2,31.0,56.73982239711102,36.761258341291786,48.88282920953961,18.033289,18.072748,0.21833552,No Alert,Low,Conditions are within expected range; continue routine monitoring.
COW00385,25,387.0,28.0,70.4797644737242,40.699728562294666,81.82586969639372,18.53516,18.375181,-0.8706247,Heat Stress Alert,Medium,Moderate heat stress detected. Monitor cattle closely and provide ventilation and water access.
COW00386,19,552.6,15.9,42.86185402332891,22.942500265776363,94.91195268895852,20.10176,20.189768,0.4358989,No Alert,Low,Conditions are within expected range; continue routine monitoring.
COW00387,101,460.5,23.3,40.6449098406948,23.12103928377107,65.9104749633969,19.8872,19.58729,-1.5311439,No Alert,Low,Conditions are within expected range; continue routine monitoring.
COW00388,108,519.2,14.6,58.30144382509729,37.57805059670146,51.078511966925134,20.781061,20.559517,-1.0775752,No Alert,Low,Conditions are within expected range; continue routine monitoring.
COW00389,28,602.9,24.6,42.15256281326063,22.980498345986263,85.87105129993128,21.347954,21.43717,0.41617543,No Alert,Low,Conditions are within expected range; continue routine monitoring.
COW00390,92,498.7,30.8,45.55697812029695,25.34291328304668,81.1726024332209,21.001364,20.523619,-2.3277817,No Alert,Low,Conditions are within expected range; continue routine monitoring.
COW00391,31,568.5,20.6,64.10412857529681,41.4179309945055,53.92634907038363,21.130184,21.08039,-0.23620646,No Alert,Low,Conditions are within expected range; continue routine monitoring.
COW00392,51,526.1,23.2,48.795382310371856,26.364940702385415,94.4712558935623,21.082422,20.703959,-1.8279777,No Alert,Low,Conditions are within expected range; continue routine monitoring.
COW00393,76,603.8,18.1,55.24569210140214,30.014681200801224,95.0,22.30655,22.16874,-0.62164,No Alert,Low,Conditions are within expected range; continue routine monitoring.
COW00394,89,588.0,23.7,53.44541137051026,32.22641984817364,63.1886581148003,22.187836,21.971033,-0.9867656,No Alert,Low,Conditions are within expected range; continue routine monitoring.
COW00395,106,494.6,28.4,68.98967344146669,39.23596540840794,85.36370850139373,21.114513,20.437649,-3.3118517,No Alert,Low,Conditions are within expected range; continue routine monitoring.
COW00396,16,536.5,17.9,38.7144910399273,20.80567443932536,88.51451228395825,19.378897,19.523155,0.7389098,No Alert,Low,Conditions are within expected range; continue routine monitoring.
COW00397,33,633.5,24.0,64.6751688776992,41.62132195444906,55.02345308285787,22.044813,21.956577,-0.40186524,No Alert,Low,Conditions are within expected range; continue routine monitoring.
COW00398,42,581.5,20.4,55.7377787479923,33.8771294547162,62.82278511660506,21.773214,21.491135,-1.3125398,No Alert,Low,Conditions are within expected range; continue routine monitoring.
COW00399,45,438.2,27.5,48.61348647334537,29.37260578638156,58.2089849194272,19.584341,19.21479,-1.9232618,No Alert,Low,Conditions are within expected range; continue routine monitoring.
COW00400,119,602.4,26.6,58.92535033533957,40.23779194611631,40.0,21.677782,21.525223,-0.70874655,No Alert,Low,Conditions are within expected range; continue routine monitoring.
COW00401,95,463.2,26.6,59.0237762844481,33.073275759938966,86.5683979839098,20.259714,19.67438,-2.9751117,No Alert,Low,Conditions are within expected range; continue routine monitoring.
COW00402,46,663.0,20.8,36.398428016631584,19.763992365190347,78.0618956815148,22.638165,22.437975,-0.892191,No Alert,Low,Conditions are within expected range; continue routine monitoring.
COW00403,116,631.9,24.8,59.09402928432541,37.37442612227581,55.69013266494317,22.057339,21.963665,-0.42649397,No Alert,Low,Conditions are within expected range; continue routine monitoring.
COW00404,65,573.2,25.7,53.160250069898176,32.46276237594991,59.73637888025866,22.090515,21.823574,-1.2231776,No Alert,Low,Conditions are within expected range; continue routine monitoring.
COW00405,66,562.6,26.3,50.89844699378328,27.530541139304727,95.0,21.895897,21.565594,-1.5316211,No Alert,Low,Conditions are within expected range; continue routine monitoring.
COW00406,58,533.3,24.4,56.27452465058489,36.87168460131901,46.178900930821065,21.1461,20.822199,-1.5555525,No Alert,Low,Conditions are within expected range; continue routine monitoring.
COW00407,27,604.3,29.6,51.58988446715992,27.925648266948524,95.0,21.660442,21.675283,0.06847006,No Alert,Low,Conditions are within expected range; continue routine monitoring.
COW00408,112,520.3,18.5,61.13400316491405,40.18758848709126,48.79840696054344,20.778408,20.520435,-1.2571503,No Alert,Low,Conditions are within expected range; continue routine monitoring.
COW00409,13,568.8,15.0,76.69813497781229,43.20190788007891,89.3573050122492,20.079739,20.234953,0.7670604,Heat Stress Alert,Medium,Moderate heat stress detected. Monitor cattle closely and provide ventilation and water access.
COW00410,30,619.8,31.3,57.36690747953497,31.226804274019983,95.0,21.989456,21.868252,-0.55424815,No Alert,Low,Conditions are within expected range; continue routine monitoring.
COW00411,36,505.1,15.1,46.56247259985804,25.052841485633166,95.0,20.765776,20.45415,-1.5235366,No Alert,Low,Conditions are within expected range; continue routine monitoring.
COW00412,42,500.7,30.3,59.21262297087564,36.31505678681573,62.79051738392719,20.89704,20.469044,-2.0909412,No Alert,Low,Conditions are within expected range; continue routine monitoring.
COW00413,26,454.5,25.0,45.93558522535654,25.46007235428023,82.88849338661457,19.095749,18.979824,-0.6107793,No Alert,Low,Conditions are within expected range; continue routine monitoring.
COW00414,13,464.8,30.5,55.33151711151222,33.689762444274955,62.10396416596481,18.485939,18.48845,0.0135764275,No Alert,Low,Conditions are within expected range; continue routine monitoring.
COW00415,85,403.7,24.2,63.63029310092284,42.0,49.38511993087983,19.999258,19.404865,-3.063112,No Alert,Low,Conditions are within expected range; continue routine monitoring.
COW00416,116,608.4,28.8,57.24577627591329,36.899598309826295,50.33911037916524,22.096788,21.910166,-0.8517627,No Alert,Low,Conditions are within expected range; continue routine monitoring.
COW00417,25,694.7,27.0,51.27763552826091,27.747220301863376,95.0,21.969444,22.081076,0.50555235,No Alert,Low,Conditions are within expected range; continue routine monitoring.
COW00418,44,664.0,23.5,76.27478251281093,49.0,59.75370668442461,22.726511,22.479776,-1.0975848,Heat Stress Alert,Medium,Moderate heat stress detected. Monitor cattle closely and provide ventilation and water access.
COW00419,66,419.9,20.5,51.13668134687926,27.92669696515225,91.63599810575003,20.128992,19.735968,-1.991412,No Alert,Low,Conditions are within expected range; continue routine monitoring.
COW00420,112,608.0,14.1,36.68872977595308,19.802255966850847,82.31607368772387,22.031904,21.852354,-0.8216514,No Alert,Low,Conditions are within expected range; continue routine monitoring.
COW00421,86,663.8,18.5,55.558270892401865,32.59741236714239,71.88022524733285,22.987862,22.856592,-0.5743177,No Alert,Low,Conditions are within expected range; continue routine monitoring.
COW00422,94,513.5,31.1,54.19177412744078,30.45693534943036,83.6163661104409,21.074993,20.554281,-2.53335,No Alert,Low,Conditions are within expected range; continue routine monitoring.
COW00423,74,558.1,19.0,54.63076017730457,32.779811906914766,65.32662419279478,21.809036,21.52864,-1.3024302,No Alert,Low,Conditions are within expected range; continue routine monitoring.
COW00424,57,389.4,27.5,55.14626283833111,29.95786447904635,95.0,19.849934,19.345982,-2.6049442,No Alert,Low,Conditions are within expected range; continue routine monitoring.
COW00425,33,571.3,23.2,34.22,18.0,95.0,21.606865,21.300137,-1.44003,No Alert,Low,Conditions are within expected range; continue routine monitoring.
COW00426,105,464.9,19.6,75.84554578079795,49.0,58.51313809479176,20.018236,19.663483,-1.8041234,Heat Stress Alert,Medium,Moderate heat stress detected. Monitor cattle closely and provide ventilation and water access.
COW00427,98,566.0,31.8,41.44283471024593,22.271261500734784,91.80009467330716,21.108412,20.869656,-1.1440351,No Alert,Low,Conditions are within expected range; continue routine monitoring.
COW00428,14,425.1,14.8,48.769976944879566,28.222865441109946,70.83686543652966,18.142797,18.236986,0.51647073,No Alert,Low,Conditions are within expected range; continue routine monitoring.
COW00429,89,593.4,24.5,39.92424089106232,21.59551319670186,86.82953061033358,22.233593,22.058945,-0.7917345,No Alert,Low,Conditions are within expected range; continue routine monitoring.
COW00430,21,632.0,22.3,56.41296779665897,30.681695883805126,95.0,20.836403,21.051437,1.0214717,No Alert,Low,Conditions are within expected range; continue routine monitoring.
COW00431,91,487.3,15.4,40.48257039616738,21.9610995174912,86.14740180454201,21.004658,20.689953,-1.5210518,No Alert,Low,Conditions are within expected range; continue routine monitoring.
COW00432,101,459.0,17.9,46.47,25.0,95.0,20.022648,19.650185,-1.8954693,No Alert,Low,Conditions are within expected range; continue routine monitoring.
COW00433,26,377.5,26.5,41.39250506930761,22.098574325318637,95.0,18.633831,18.322699,-1.698071,No Alert,Low,Conditions are within expected range; continue routine monitoring.
COW00434,58,528.7,15.9,67.41098945812311,40.04630397000673,73.98316070926899,21.116383,20.900572,-1.0325592,No Alert,Low,Conditions are within expected range; continue routine monitoring.
COW00435,25,503.5,28.4,75.96183472854568,49.0,58.84923331949622,19.817944,19.495325,-1.6548505,Heat Stress Alert,Medium,Moderate heat stress detected. Monitor cattle closely and provide ventilation and water access.
COW00436,73,425.9,25.3,63.0510675001312,39.2071820856148,61.61651806676993,20.13466,19.479706,-3.3622422,No Alert,Low,Conditions are within expected range; continue routine monitoring.
COW00437,112,586.2,15.8,66.52729747279167,37.127083255196496,89.87352507702101,21.757727,21.51523,-1.1270922,No Alert,Low,Conditions are within expected range; continue routine monitoring.
COW00438,20,514.0,19.2,46.47,25.0,95.0,19.553322,19.622612,0.35311386,No Alert,Low,Conditions are within expected range; continue routine monitoring.
COW00439,54,463.9,16.5,35.14951245449781,18.89496474778105,80.83579872493274,20.35168,20.062767,-1.4400493,No Alert,Low,Conditions are within expected range; continue routine monitoring.
COW00440,117,505.6,28.4,38.4691366516849,20.756291151960816,85.96371058979352,20.723728,20.458096,-1.298423,No Alert,Low,Conditions are within expected range; continue routine monitoring.
COW00441,44,635.7,23.6,60.14790783900021,40.115746523668896,45.323633165140606,22.199505,22.150278,-0.22223993,No Alert,Low,Conditions are within expected range; continue routine monitoring.
COW00442,26,598.2,14.1,72.82163409411689,39.62563713152635,98.0,21.38207,21.396542,0.067632675,Heat Stress Alert,Medium,Moderate heat stress detected. Monitor cattle closely and provide ventilation and water access.
COW00443,64,539.6,23.8,61.04,42.0,40.0,21.397562,21.101015,-1.4053681,No Alert,Low,Conditions are within expected range; continue routine monitoring.
COW00444,66,599.5,22.7,62.5375327452888,41.070601164686565,49.79659712779342,22.203121,22.026237,-0.80305904,No Alert,Low,Conditions are within expected range; continue routine monitoring.
COW00445,83,457.1,25.6,46.47,25.0,95.0,20.156643,19.695274,-2.3425343,No Alert,Low,Conditions are within expected range; continue routine monitoring.
COW00446,45,552.6,14.6,49.84187193899711,29.025900114011414,69.88391666914401,21.453459,21.18032,-1.289584,No Alert,Low,Conditions are within expected range; continue routine monitoring.
COW00447,115,561.8,14.6,58.56777939558868,31.913016797479248,95.0,21.331453,20.975761,-1.6957282,No Alert,Low,Conditions are within expected range; continue routine monitoring.
COW00448,68,512.4,20.3,56.75675857986144,35.80110249569748,54.74426649589123,21.14627,20.892517,-1.2145672,No Alert,Low,Conditions are within expected range; continue routine monitoring.
COW00449,42,584.8,26.4,53.27993060861992,29.62658323629663,86.55036927895776,21.868252,21.616323,-1.1654541,No Alert,Low,Conditions are within expected range; continue routine monitoring.
COW00450,115,487.6,26.0,51.6699950632646,32.03331776874023,54.68818162721375,20.817097,20.413084,-1.9791849,No Alert,Low,Conditions are within expected range; continue routine monitoring.
COW00451,111,590.8,19.0,43.43972044772155,23.79401453286128,85.20860589934041,21.803545,21.647795,-0.7194741,No Alert,Low,Conditions are within expected range; continue routine monitoring.
COW00452,65,594.1,17.9,53.51344750802216,29.024827147441236,95.0,22.210386,22.057867,-0.6914505,No Alert,Low,Conditions are within expected range; continue routine monitoring.
COW00453,14,316.6,26.3,79.50274159751953,47.69426159654437,74.92982611415933,17.234001,17.404757,0.9810846,Heat Stress Alert,High,"High heat stress detected. Consider active cooling, shading, and improved hydration measures."
COW00454,76,645.2,14.5,54.71287283075895,35.583339284614844,46.48087476094111,22.71946,22.649843,-0.30735895,No Alert,Low,Conditions are within expected range; continue routine monitoring.
COW00455,71,306.2,24.0,55.26731340587552,36.42402884679765,44.17034865013756,19.65891,19.117805,-2.8303733,No Alert,Low,Conditions are within expected range; continue routine monitoring.
COW00456,28,500.7,21.6,49.18076926773488,28.31572723783353,72.78230813501384,19.92718,19.925941,-0.00621235,No Alert,Low,Conditions are within expected range; continue routine monitoring.
COW00457,80,632.0,18.3,65.15804385161152,37.75923635773953,79.41464558739125,22.655577,22.556686,-0.43840793,No Alert,Low,Conditions are within expected range; continue routine monitoring.
COW00458,102,524.6,23.4,33.701639217515776,18.0,80.6010893754382,20.995348,20.575026,-2.0428767,No Alert,Low,Conditions are within expected range; continue routine monitoring.
COW00459,23,432.7,17.9,38.32079082139698,20.648881768961665,86.44243251741361,18.637442,18.637096,-0.0018523814,No Alert,Low,Conditions are within expected range; continue routine monitoring.
COW00460,90,462.5,24.2,55.76718132070271,30.31267504040155,95.0,20.191637,19.658329,-2.7128859,No Alert,Low,Conditions are within expected range; continue routine monitoring.
COW00461,27,632.2,16.7,66.27777552899745,41.49044831880956,61.591512541949,21.926134,21.959818,0.15338823,No Alert,Low,Conditions are within expected range; continue routine monitoring.
COW00462,92,396.3,21.3,50.930847194250106,29.41038925284673,73.29947016454675,19.771786,19.43265,-1.7451873,No Alert,Low,Conditions are within expected range; continue routine monitoring.
COW00463,57,640.3,23.2,60.436985494886656,38.73125315728626,53.6428719256044,22.850397,22.729992,-0.5297195,No Alert,Low,Conditions are within expected range; continue routine monitoring.
COW00464,12,545.6,14.6,44.349910939894,25.334680945256256,70.25505565410872,19.901426,19.993391,0.4599756,No Alert,Low,Conditions are within expected range; continue routine monitoring.
COW00465,116,454.6,25.0,33.76084146373355,18.0,82.24559621482084,19.912212,19.594378,-1.6220717,No Alert,Low,Conditions are within expected range; continue routine monitoring.
COW00466,29,503.4,27.5,39.12878385417721,21.010284410591463,89.56583344912823,19.869417,19.739412,-0.65860564,No Alert,Low,Conditions are within expected range; continue routine monitoring.
COW00467,76,468.6,31.2,50.69861352509694,28.45873135164276,82.02467317533075,20.358927,19.876865,-2.4252384,No Alert,Low,Conditions are within expected range; continue routine monitoring.
COW00468,31,619.3,17.7,62.16744765353501,42.0,44.08495526643119,21.797188,21.799368,0.010000747,No Alert,Low,Conditions are within expected range; continue routine monitoring.
COW00469,112,608.6,17.8,63.10500893932353,35.49431543634859,86.79853416193164,22.005363,21.893627,-0.51035994,No Alert,Low,Conditions are within expected range; continue routine monitoring.
COW00470,91,412.5,19.5,75.79839337451551,47.48014721054691,64.73452330723148,19.954706,19.435772,-2.6699955,Heat Stress Alert,Medium,Moderate heat stress detected. Monitor cattle closely and provide ventilation and water access.
COW00471,98,517.7,30.0,47.91737119609069,28.398107363765448,62.85767837339591,20.983158,20.576584,-1.9759074,No Alert,Low,Conditions are within expected range; continue routine monitoring.
COW00472,58,480.9,21.3,70.55588273683273,41.81142979799933,75.5405283526822,20.70678,20.343966,-1.7833984,Heat Stress Alert,Medium,Moderate heat stress detected. Monitor cattle closely and provide ventilation and water access.
COW00473,62,653.5,19.4,77.70459427600676,48.38942438977966,66.4708366493449,22.832005,22.683594,-0.6542649,Heat Stress Alert,Medium,Moderate heat stress detected. Monitor cattle closely and provide ventilation and water access.
COW00474,80,442.0,27.3,62.23982900998762,42.0,44.347206557926185,20.170351,19.541775,-3.2165773,No Alert,Low,Conditions are within expected range; continue routine monitoring.
COW00475,96,678.3,14.7,61.04222312177772,42.0,40.008054789049694,22.793905,22.720448,-0.32331106,No Alert,Low,Conditions are within expected range; continue routine monitoring.
COW00476,103,547.3,23.9,71.09138860918989,42.80572932913685,71.9812714856342,21.424685,21.035498,-1.8501433,Heat Stress Alert,Medium,Moderate heat stress detected. Monitor cattle closely and provide ventilation and water access.
COW00477,13,457.0,22.1,34.11836855849806,18.0,92.17690440272396,19.071262,18.65041,-2.2565331,No Alert,Low,Conditions are within expected range; continue routine monitoring.
COW00478,83,495.8,25.2,33.83861760363747,18.0,84.40604454548529,21.032091,20.601795,-2.0886333,No Alert,Low,Conditions are within expected range; continue routine monitoring.
COW00479,23,485.9,27.2,57.63177322379146,37.271030786575054,49.91007489365902,19.554596,19.442446,-0.5768317,No Alert,Low,Conditions are within expected range; continue routine monitoring.
COW00480,43,448.0,19.8,56.77153290608316,35.9822929778653,53.68149962412779,19.93259,19.609251,-1.6489129,No Alert,Low,Conditions are within expected range; continue routine monitoring.
COW00481,101,557.6,25.5,56.79183919110932,38.4598659925911,40.0,21.54454,21.2009,-1.6208807,No Alert,Low,Conditions are within expected range; continue routine monitoring.
COW00482,39,451.8,23.4,59.225928463210245,32.707037285020085,91.00488722348663,19.945112,19.49265,-2.321199,No Alert,Low,Conditions are within expected range; continue routine monitoring.
COW00483,98,375.6,16.4,64.52978765787907,41.401328438841546,55.58513515659368,19.68967,19.318104,-1.9234122,No Alert,Low,Conditions are within expected range; continue routine monitoring.
COW00484,62,519.6,29.9,59.17874984085544,36.45932848353848,61.70308885051477,21.141802,20.730549,-1.9838017,No Alert,Low,Conditions are within expected range; continue routine monitoring.
COW00485,37,405.8,27.6,61.24310608074675,36.90762303351251,68.05253327341865,19.397657,18.898912,-2.639014,No Alert,Low,Conditions are within expected range; continue routine monitoring.
COW00486,48,489.8,30.6,59.794691172221086,36.63278062834646,63.36799208813916,20.980597,20.540226,-2.143942,No Alert,Low,Conditions are within expected range; continue routine monitoring.
COW00487,69,477.3,27.0,62.440666214472806,41.89723567152916,45.542314968830674,20.587906,20.13162,-2.2665114,No Alert,Low,Conditions are within expected range; continue routine monitoring.
COW00488,94,480.3,18.4,60.65412738501848,33.10521564858199,95.0,20.428305,20.012127,-2.0796278,No Alert,Low,Conditions are within expected range; continue routine monitoring.
COW00489,77,710.1,21.7,63.78389955404082,37.05571805203719,78.29954924256285,23.23978,23.076561,-0.7072954,No Alert,Low,Conditions are within expected range; continue routine monitoring.
COW00490,112,554.5,21.0,34.03052283731393,18.0,89.73674548094263,21.263603,20.89599,-1.7592506,No Alert,Low,Conditions are within expected range; continue routine monitoring.
COW00491,105,569.6,14.6,69.19989180343967,37.98850960196553,95.0,21.642496,21.339022,-1.4221572,No Alert,Low,Conditions are within expected range; continue routine monitoring.
COW00492,93,407.9,21.4,69.0244156296508,37.4923683312645,98.0,19.953653,19.466656,-2.5017014,No Alert,Low,Conditions are within expected range; continue routine monitoring.
COW00493,77,497.7,20.2,64.67346153805588,42.0,53.16471571759375,21.090061,20.76527,-1.5641066,No Alert,Low,Conditions are within expected range; continue routine monitoring.
COW00494,43,567.2,14.1,40.68090093245839,22.272620046876707,82.09217333587696,21.639166,21.355618,-1.327746,No Alert,Low,Conditions are within expected range; continue routine monitoring.
COW00495,56,468.0,29.2,73.68126259813995,40.54929291322283,95.0,20.618778,19.947433,-3.3655696,Heat Stress Alert,Medium,Moderate heat stress detected. Monitor cattle closely and provide ventilation and water access.
COW00496,24,622.6,16.6,60.31112327264804,38.08867982529427,56.73671775521015,21.468733,21.524584,0.25947532,No Alert,Low,Conditions are within expected range; continue routine monitoring.
COW00497,52,453.8,23.0,47.69439042723529,25.699651672705883,95.0,20.261995,19.868067,-1.9827219,No Alert,Low,Conditions are within expected range; continue routine monitoring.
COW00498,112,527.1,28.1,64.29387193914675,42.0,51.789391083865006,20.906948,20.478691,-2.0912323,No Alert,Low,Conditions are within expected range; continue routine monitoring.
COW00499,57,503.1,24.9,64.30615793044257,36.3137682810701,86.0424508635251,21.225113,20.78336,-2.1255147,No Alert,Low,Conditions are within expected range; continue routine monitoring.
COW00500,24,563.1,17.0,39.04846190169984,20.75912108668562,95.0,20.620829,20.638676,0.08647387,No Alert,Low,Conditions are within expected range; continue routine monitoring.
COW00501,82,498.8,25.1,37.579330556441015,20.29175528573355,83.94656749967822,21.019812,20.69391,-1.5748644,No Alert,Low,Conditions are within expected range; continue routine monitoring.
COW00502,115,528.3,27.6,48.99648700018115,27.63864669218337,79.2042411149589,20.954355,20.496244,-2.2350965,No Alert,Low,Conditions are within expected range; continue routine monitoring.
COW00503,105,531.1,29.4,50.316318432181646,28.999374042473296,73.40601841575571,20.914246,20.477642,-2.1320987,No Alert,Low,Conditions are within expected range; continue routine monitoring.
COW00504,41,491.2,19.7,67.66111015390544,37.12839038597477,94.85228596930854,20.972786,20.643053,-1.5973068,No Alert,Low,Conditions are within expected range; continue routine monitoring.
COW00505,61,588.8,14.6,37.742689471518304,20.0735786046502,93.13040244947676,22.22019,22.01369,-0.9380485,No Alert,Low,Conditions are within expected range; continue routine monitoring.
COW00506,69,569.1,24.9,65.39973562896029,42.0,55.79614358318944,21.971348,21.691023,-1.2923546,No Alert,Low,Conditions are within expected range; continue routine monitoring.
COW00507,38,542.9,18.1,50.91696040301034,27.93409869025717,89.91866935007083,21.085573,20.780634,-1.4674205,No Alert,Low,Conditions are within expected range; continue routine monitoring.
COW00508,41,515.6,28.1,68.24548686426553,38.73698824683476,85.69629099241655,20.919336,20.446707,-2.3115191,No Alert,Low,Conditions are within expected range; continue routine monitoring.
COW00509,37,613.7,26.2,61.84058902077211,38.57760600764111,60.297550593105946,22.227343,22.05344,-0.7885505,No Alert,Low,Conditions are within expected range; continue routine monitoring.
COW00510,119,531.1,27.9,55.94114063243355,34.804130930832926,57.330723506044905,20.962729,20.520834,-2.1533947,No Alert,Low,Conditions are within expected range; continue routine monitoring.
COW00511,92,525.5,31.4,46.31419877340453,25.472464332959003,86.12560871974257,20.827383,20.470934,-1.741245,No Alert,Low,Conditions are within expected range; continue routine monitoring.
COW00512,102,558.4,24.5,57.2409585250972,33.907846160185194,70.3034127106262,21.505217,21.141981,-1.7180768,No Alert,Low,Conditions are within expected range; continue routine monitoring.
COW00513,100,685.7,30.3,78.83051667095151,47.53683756249277,73.6372219435224,23.050823,22.829947,-0.9674867,Heat Stress Alert,Medium,Moderate heat stress detected. Monitor cattle closely and provide ventilation and water access.
COW00514,115,442.8,25.6,63.3732182210423,42.0,48.45368920667499,20.105639,19.59317,-2.6155457,No Alert,Low,Conditions are within expected range; continue routine monitoring.
COW00515,23,611.6,17.3,58.92699783409411,39.14542553637575,45.303958861058405,21.353823,21.410894,0.26655442,No Alert,Low,Conditions are within expected range; continue routine monitoring.
COW00516,107,398.5,28.4,64.14167595321783,41.02806850132438,56.02817625099736,20.053082,19.464622,-3.0232234,No Alert,Low,Conditions are within expected range; continue routine monitoring.
COW00517,19,567.4,26.5,34.19405570772581,18.0,94.27932521460583,20.866322,20.468508,-1.9435408,No Alert,Low,Conditions are within expected range; continue routine monitoring.
COW00518,63,676.0,31.6,72.41608035998948,41.30751260057043,85.36675470718228,22.744242,22.569464,-0.77440023,Heat Stress Alert,Medium,Moderate heat stress detected. Monitor cattle closely and provide ventilation and water access.
COW00519,76,589.1,18.4,49.48578273335388,27.467582372345927,85.03269020130412,22.265041,22.081259,-0.8323012,No Alert,Low,Conditions are within expected range; continue routine monitoring.
COW00520,50,563.7,20.0,58.53587954917251,31.894788313812864,95.0,21.633717,21.312584,-1.5067749,No Alert,Low,Conditions are within expected range; continue routine monitoring.
COW00521,27,505.2,28.8,64.22726254587312,42.0,51.5480527024388,19.95095,19.82574,-0.63155174,No Alert,Low,Conditions are within expected range; continue routine monitoring.
COW00522,32,552.5,15.1,83.78984338882856,51.54091830324204,70.42666132450381,20.967152,20.83901,-0.6149112,Heat Stress Alert,High,"High heat stress detected. Consider active cooling, shading, and improved hydration measures."
COW00523,101,529.8,25.4,45.84816851172521,25.51484361789397,81.29933202894877,21.104267,20.719154,-1.8587282,No Alert,Low,Conditions are within expected range; continue routine monitoring.
COW00524,46,487.1,23.6,56.53952712744498,35.747415772340375,54.06553482940544,20.983135,20.632782,-1.6980417,No Alert,Low,Conditions are within expected range; continue routine monitoring.
COW00525,45,526.8,17.0,59.102256788174245,38.621520592516674,48.73781672405866,20.988083,20.79972,-0.9055993,No Alert,Low,Conditions are within expected range; continue routine monitoring.
COW00526,111,565.9,17.0,68.74342546381044,37.72767169360597,95.0,21.31837,20.972683,-1.6482768,No Alert,Low,Conditions are within expected range; continue routine monitoring.
COW00527,27,488.6,28.6,54.1009175311363,31.197729855732444,75.85985580189408,19.835907,19.689037,-0.74594635,No Alert,Low,Conditions are within expected range; continue routine monitoring.
COW00528,110,485.5,14.3,34.22,18.0,95.0,20.814676,20.358093,-2.2427592,No Alert,Low,Conditions are within expected range; continue routine monitoring.
COW00529,111,441.2,27.4,56.61026053324348,37.2722967812696,45.4367272671028,19.993235,19.505976,-2.4979982,No Alert,Low,Conditions are within expected range; continue routine monitoring.
COW00530,76,581.3,27.2,34.1252839510294,18.0,92.3689986397056,22.233978,21.921005,-1.4277312,No Alert,Low,Conditions are within expected range; continue routine monitoring.
COW00531,29,593.6,25.7,53.98717139569488,29.29552651182565,95.0,21.4049,21.462711,0.26935896,No Alert,Low,Conditions are within expected range; continue routine monitoring.
COW00532,28,568.5,21.4,62.65007798239181,42.0,45.83361587823119,20.767687,20.850643,0.39785972,No Alert,Low,Conditions are within expected range; continue routine monitoring.
COW00533,42,627.2,14.5,49.0371089133183,26.92752411186789,88.56570160829394,22.089958,21.904902,-0.8448186,No Alert,Low,Conditions are within expected range; continue routine monitoring.
COW00534,74,557.0,28.4,45.31156963081904,26.239454145310027,66.89502925866198,21.75072,21.488781,-1.2189528,No Alert,Low,Conditions are within expected range; continue routine monitoring.
COW00535,28,581.4,16.3,67.05272240804126,42.0,61.785226116091486,21.095406,21.049053,-0.22021127,No Alert,Low,Conditions are within expected range; continue routine monitoring.
COW00536,61,574.3,19.1,56.5278295201996,32.313790963433014,79.69723872850844,21.965837,21.725405,-1.1066893,No Alert,Low,Conditions are within expected range; continue routine monitoring.
COW00537,24,542.7,31.0,70.80619835619305,42.81669501641609,70.91902253734308,20.49546,20.151075,-1.7090162,Heat Stress Alert,Medium,Moderate heat stress detected. Monitor cattle closely and provide ventilation and water access.
COW00538,70,507.5,19.4,86.19819315356011,52.0,74.99519455734075,21.26976,20.883265,-1.8507432,Heat Stress Alert,High,"High heat stress detected. Consider active cooling, shading, and improved hydration measures."
COW00539,14,727.1,18.6,59.13285783061823,32.23591876035327,95.0,21.689384,21.84008,0.68999654,No Alert,Low,Conditions are within expected range; continue routine monitoring.
COW00540,88,513.8,31.5,67.70504571713695,39.11445631599272,80.9788425383732,21.156721,20.469234,-3.358634,No Alert,Low,Conditions are within expected range; continue routine monitoring.
COW00541,17,496.7,15.5,54.19114367330547,30.55251880572271,82.6442537494388,19.361998,19.54177,0.9199439,No Alert,Low,Conditions are within expected range; continue routine monitoring.
COW00542,33,584.7,16.9,43.17382435285344,23.87981592297505,80.90844460264928,21.54669,21.412237,-0.62792516,No Alert,Low,Conditions are within expected range; continue routine monitoring.
COW00543,30,570.1,21.9,42.37568731252627,24.131146526127928,68.55071058392805,21.313766,21.191626,-0.5763639,No Alert,Low,Conditions are within expected range; continue routine monitoring.
COW00544,101,437.6,28.2,71.41992732983616,45.92168647089577,58.0,20.062363,19.459476,-3.0981624,Heat Stress Alert,Medium,Moderate heat stress detected. Monitor cattle closely and provide ventilation and water access.
COW00545,17,639.8,29.9,75.51262842482464,45.06427195857941,75.20547329188724,21.538637,21.40261,-0.63555974,Heat Stress Alert,Medium,Moderate heat stress detected. Monitor cattle closely and provide ventilation and water access.
COW00546,58,542.5,27.6,59.14019849093448,38.00395168967831,52.26682930632607,21.359137,21.045092,-1.4922479,No Alert,Low,Conditions are within expected range; continue routine monitoring.
COW00547,75,461.1,31.6,70.17470735810755,41.909057421618925,73.60289053342939,20.279995,19.61227,-3.4046268,Heat Stress Alert,Medium,Moderate heat stress detected. Monitor cattle closely and provide ventilation and water access.
COW00548,67,645.1,14.3,42.27712956481909,23.074094895378156,85.51732184148742,22.825476,22.695042,-0.5747248,No Alert,Low,Conditions are within expected range; continue routine monitoring.
COW00549,85,600.1,25.2,75.97141982042831,45.48936465899523,74.55902797462079,22.321657,22.087992,-1.0578846,Heat Stress Alert,Medium,Moderate heat stress detected. Monitor cattle closely and provide ventilation and water access.
COW00550,98,448.8,16.1,62.94553066750806,37.19868321833047,73.62962120262728,19.989597,19.628649,-1.8388865,No Alert,Low,Conditions are within expected range; continue routine monitoring.
COW00551,54,692.2,30.4,64.79911399290526,42.0,53.61997823516402,22.829967,22.63135,-0.877623,No Alert,Low,Conditions are within expected range; continue routine monitoring.
COW00552,101,602.7,30.8,62.193072610207786,42.0,44.17779931234704,21.860855,21.640884,-1.016459,No Alert,Low,Conditions are within expected range; continue routine monitoring.
COW00553,46,549.2,19.5,48.692380908432334,27.44681646602343,79.21417276412099,21.411268,21.123566,-1.3619981,No Alert,Low,Conditions are within expected range; continue routine monitoring.
COW00554,118,677.2,28.9,71.84894509084344,41.98681582319763,79.23891097972893,22.496231,22.38887,-0.4795277,Heat Stress Alert,Medium,Moderate heat stress detected. Monitor cattle closely and provide ventilation and water access.
COW00555,66,562.7,25.3,76.02086335540474,49.0,59.01983628729697,21.945185,21.561636,-1.778848,Heat Stress Alert,Medium,Moderate heat stress detected. Monitor cattle closely and provide ventilation and water access.
COW00556,91,547.8,15.8,74.7209643750225,47.91329165405441,59.64896333709007,21.342562,21.100195,-1.1486472,Heat Stress Alert,Medium,Moderate heat stress detected. Monitor cattle closely and provide ventilation and water access.
COW00557,106,497.2,24.8,63.3705424607144,35.22765375278139,90.20900616796652,20.955196,20.422262,-2.6095748,No Alert,Low,Conditions are within expected range; continue routine monitoring.
COW00558,97,596.5,31.6,40.9788611813863,22.752235486309267,76.35168815333324,21.746517,21.584679,-0.7497843,No Alert,Low,Conditions are within expected range; continue routine monitoring.
COW00559,103,588.1,19.5,64.90753166392429,37.80915318632781,78.00456927902442,21.738289,21.55178,-0.86539567,No Alert,Low,Conditions are within expected range; continue routine monitoring.
COW00560,69,551.2,14.0,74.1184396651966,44.37024705405925,74.14767713414417,21.707733,21.424297,-1.3229644,Heat Stress Alert,Medium,Moderate heat stress detected. Monitor cattle closely and provide ventilation and water access.
COW00561,16,486.8,31.6,77.8220128434159,49.0,64.22547064571067,19.333206,19.109825,-1.1689329,Heat Stress Alert,Medium,Moderate heat stress detected. Monitor cattle closely and provide ventilation and water access.
COW00562,65,560.4,21.5,39.7580969673409,22.088648222497216,73.9685081793997,21.762402,21.51445,-1.1524882,No Alert,Low,Conditions are within expected range; continue routine monitoring.
COW00563,31,544.4,21.8,46.9335044999469,25.99413664477367,83.99241342836584,20.870117,20.750172,-0.57804596,No Alert,Low,Conditions are within expected range; continue routine monitoring.
COW00564,108,443.3,26.8,47.23838625363096,25.73462928448249,90.43686007515484,20.036793,19.539927,-2.5428255,No Alert,Low,Conditions are within expected range; continue routine monitoring.
COW00565,37,432.3,24.9,39.16614969660233,21.034910554433388,89.49964290155741,19.280592,19.040035,-1.2634258,No Alert,Low,Conditions are within expected range; continue routine monitoring.
COW00566,36,595.2,19.4,41.60420141224574,22.219543664140428,95.0,21.778051,21.630863,-0.6804545,No Alert,Low,Conditions are within expected range; continue routine monitoring.
COW00567,38,341.8,15.8,57.24075008979587,34.32554123574546,67.15158671422111,19.436272,19.028305,-2.1439986,No Alert,Low,Conditions are within expected range; continue routine monitoring.
COW00568,81,566.4,28.9,66.51557183151886,42.0,59.839028375068345,21.9089,21.526537,-1.7762372,No Alert,Low,Conditions are within expected range; continue routine monitoring.
COW00569,73,511.8,22.7,55.16286676098885,30.4527510558628,89.70839867998318,21.170382,20.796957,-1.7955729,No Alert,Low,Conditions are within expected range; continue routine monitoring.
COW00570,114,654.7,26.1,72.42443637338152,43.80298342988163,71.3602743052006,22.535921,22.363163,-0.77251196,Heat Stress Alert,Medium,Moderate heat stress detected. Monitor cattle closely and provide ventilation and water access.
COW00571,56,510.5,29.5,41.811117479030415,22.732274817030365,86.7145861612523,20.944693,20.63108,-1.5200948,No Alert,Low,Conditions are within expected range; continue routine monitoring.
COW00572,42,602.8,14.3,78.47405540641586,44.32457631962955,88.93824950582187,21.942842,21.71867,-1.0321654,Heat Stress Alert,Medium,Moderate heat stress detected. Monitor cattle closely and provide ventilation and water access.
COW00573,17,518.2,29.5,49.84784019894476,26.930194399397006,95.0,19.546116,19.375992,-0.8780147,No Alert,Low,Conditions are within expected range; continue routine monitoring.
COW00574,12,559.1,27.5,43.64723646869642,23.88685125932241,85.77930905411625,20.052544,20.16085,0.53721386,No Alert,Low,Conditions are within expected range; continue routine monitoring.
COW00575,52,608.9,31.0,68.67159582580354,39.512543257100994,82.27586114473027,22.442276,22.129772,-1.412142,No Alert,Low,Conditions are within expected range; continue routine monitoring.
COW00576,111,513.0,18.2,40.66026196553433,22.2775707794922,81.72830841077618,20.861284,20.521288,-1.6567982,No Alert,Low,Conditions are within expected range; continue routine monitoring.
COW00577,68,629.7,19.8,47.62689331901649,27.11091342970957,75.03915928618491,22.607101,22.50335,-0.46105197,No Alert,Low,Conditions are within expected range; continue routine monitoring.
COW00578,108,470.5,25.9,59.76787517491643,32.29206470500923,98.0,20.231686,19.724371,-2.5720196,No Alert,Low,Conditions are within expected range; continue routine monitoring.
COW00579,22,573.6,30.7,59.49459993738886,38.42032496535932,51.4495119567444,20.698053,20.682219,-0.07656243,No Alert,Low,Conditions are within expected range; continue routine monitoring.
COW00580,22,623.8,31.9,57.379461687922735,34.507447465945184,66.51020094826313,21.20626,21.233028,0.12606648,No Alert,Low,Conditions are within expected range; continue routine monitoring.
COW00581,102,602.8,21.5,50.01278230052333,30.152576466636635,60.24869104628708,21.843948,21.642584,-0.93040884,No Alert,Low,Conditions are within expected range; continue routine monitoring.
COW00582,23,703.3,23.7,70.19603635169467,43.90487509606595,63.28491889576435,21.84055,21.838758,-0.008201017,Heat Stress Alert,Medium,Moderate heat stress detected. Monitor cattle closely and provide ventilation and water access.
COW00583,17,488.9,17.1,73.85700759934485,45.9666655042684,65.52378867236803,19.197826,19.475838,1.4274678,Heat Stress Alert,Medium,Moderate heat stress detected. Monitor cattle closely and provide ventilation and water access.
COW00584,55,439.7,26.5,45.1602898816634,25.65920420219336,73.12174441515944,19.920937,19.530275,-2.0002854,No Alert,Low,Conditions are within expected range; continue routine monitoring.
COW00585,111,470.5,29.1,42.74683451115329,23.326322687431997,86.10238090573453,20.292696,19.792374,-2.5278542,No Alert,Low,Conditions are within expected range; continue routine monitoring.
COW00586,86,602.8,28.4,78.80159264305766,49.0,67.05662613600481,22.368008,22.131638,-1.0680189,Heat Stress Alert,Medium,Moderate heat stress detected. Monitor cattle closely and provide ventilation and water access.
COW00587,22,589.8,20.2,60.07552434067279,38.17801178702452,55.23218269333944,20.655642,20.761898,0.511786,No Alert,Low,Conditions are within expected range; continue routine monitoring.
COW00588,102,558.2,31.3,63.42272229766563,41.40212898778699,51.48119658906691,21.47604,20.935034,-2.584214,No Alert,Low,Conditions are within expected range; continue routine monitoring.
COW00589,103,460.2,16.2,69.2747404986022,38.9408323688737,88.514009129757,19.974424,19.600832,-1.9060026,No Alert,Low,Conditions are within expected range; continue routine monitoring.
COW00590,98,611.3,22.9,52.92651541577242,28.689437380441383,95.0,22.263807,22.104734,-0.7196326,No Alert,Low,Conditions are within expected range; continue routine monitoring.
COW00591,109,452.0,24.0,52.70972930585752,31.89149608789703,61.7244653132352,20.064404,19.52886,-2.742318,No Alert,Low,Conditions are within expected range; continue routine monitoring.
COW00592,37,642.7,23.7,80.34524735648742,49.0,71.51805594360528,22.779264,22.439745,-1.5130274,Heat Stress Alert,High,"High heat stress detected. Consider active cooling, shading, and improved hydration measures."
COW00593,117,778.6,27.6,60.62746249850719,33.08997857057554,95.0,23.781998,23.705633,-0.32213658,No Alert,Low,Conditions are within expected range; continue routine monitoring.
COW00594,46,579.3,25.0,47.74099097866992,27.72540769850748,68.74585023683726,21.785208,21.550503,-1.0890927,No Alert,Low,Conditions are within expected range; continue routine monitoring.
COW00595,98,596.6,15.4,58.36634825546633,37.211969027451616,53.46655090942653,21.924335,21.739094,-0.85211325,No Alert,Low,Conditions are within expected range; continue routine monitoring.
COW00596,74,510.6,17.2,37.38982562476679,20.53035744883736,74.47428153741292,21.129128,20.878344,-1.2011677,No Alert,Low,Conditions are within expected range; continue routine monitoring.
COW00597,96,405.2,23.6,49.70896510362857,27.837808645361804,82.14671363957287,19.895916,19.351355,-2.8140738,No Alert,Low,Conditions are within expected range; continue routine monitoring.
COW00598,79,501.8,26.5,50.15776037633206,29.4077935854734,68.17474833780238,21.0498,20.67054,-1.8347901,No Alert,Low,Conditions are within expected range; continue routine monitoring.
COW00599,81,462.6,23.3,50.48242847017893,27.710213907340552,89.51214027999802,20.278997,19.835302,-2.2368958,No Alert,Low,Conditions are within expected range; continue routine monitoring.
COW00600,78,434.2,20.4,57.72771405239714,33.77713101767829,73.82934669328878,20.13713,19.724558,-2.091671,No Alert,Low,Conditions are within expected range; continue routine monitoring.
COW00601,96,687.8,14.9,66.0860537283114,35.84160321815247,98.0,22.98908,22.762815,-0.9940113,No Alert,Low,Conditions are within expected range; continue routine monitoring.
COW00602,91,571.8,28.1,39.0911204890914,21.02882762700026,88.52332143303386,21.919905,21.615269,-1.4093556,No Alert,Low,Conditions are within expected range; continue routine monitoring.
COW00603,26,580.4,22.9,42.50103950956493,23.39511867175026,82.09946796319223,21.080456,21.073763,-0.031759333,No Alert,Low,Conditions are within expected range; continue routine monitoring.
COW00604,101,525.3,23.7,47.32767000940196,27.720947972745464,65.69285946548152,20.996649,20.633232,-1.7613173,No Alert,Low,Conditions are within expected range; continue routine monitoring.
COW00605,69,536.2,22.4,55.58209753039532,30.20691287451161,95.0,21.318829,20.934816,-1.8343233,No Alert,Low,Conditions are within expected range; continue routine monitoring.
COW00606,46,627.2,18.8,38.182393879872414,20.737648272718346,81.92747590693718,22.152756,22.054695,-0.44462463,No Alert,Low,Conditions are within expected range; continue routine monitoring.
COW00607,67,547.4,19.0,58.13541660118784,38.827599290060746,43.69376229895038,21.550436,21.324842,-1.0578909,No Alert,Low,Conditions are within expected range; continue routine monitoring.
COW00608,116,592.5,15.1,52.63328338339389,28.521876219082223,95.0,21.606628,21.43126,-0.81828725,No Alert,Low,Conditions are within expected range; continue routine monitoring.
COW00609,104,534.3,26.7,72.01951471067039,41.70804826989928,81.48907558245301,21.151167,20.56705,-2.8400571,Heat Stress Alert,Medium,Moderate heat stress detected. Monitor cattle closely and provide ventilation and water access.
COW00610,102,522.6,18.9,51.23155598940292,28.876588712968964,81.02934504534954,20.841534,20.544163,-1.4474715,No Alert,Low,Conditions are within expected range; continue routine monitoring.
COW00611,61,437.4,19.4,39.499204267202046,21.50271641463777,83.02501171719054,20.088053,19.857918,-1.1589078,No Alert,Low,Conditions are within expected range; continue routine monitoring.
COW00612,96,391.8,31.9,47.32588615473168,27.216780248891023,71.40999360124614,19.50831,19.208532,-1.5606501,No Alert,Low,Conditions are within expected range; continue routine monitoring.
COW00613,53,529.1,20.9,58.66337831715267,34.9715803139388,69.44587556222749,21.101156,20.835373,-1.275635,No Alert,Low,Conditions are within expected range; continue routine monitoring.
COW00614,86,554.5,23.2,81.29380711629742,49.0,74.25955813958787,21.75465,21.350079,-1.8949417,Heat Stress Alert,High,"High heat stress detected. Consider active cooling, shading, and improved hydration measures."
COW00615,81,447.1,21.0,46.276105568611726,25.17362644663621,90.38000769316584,20.162043,19.821266,-1.7192466,No Alert,Low,Conditions are within expected range; continue routine monitoring.
COW00616,38,547.2,19.2,40.53812489198032,22.105332974556465,83.7583337883804,21.247385,20.997969,-1.1878119,No Alert,Low,Conditions are within expected range; continue routine monitoring.
COW00617,40,554.3,14.1,72.81554754886196,44.84710068846202,67.45426176448778,21.484833,21.185629,-1.4122964,Heat Stress Alert,Medium,Moderate heat stress detected. Monitor cattle closely and provide ventilation and water access.
COW00618,18,377.5,29.4,54.06804461874706,35.228275455316854,45.541092803591766,17.510624,17.58688,0.43359482,No Alert,Low,Conditions are within expected range; continue routine monitoring.
COW00619,27,476.8,22.5,74.87059408926034,44.04947158655325,78.3522119515734,19.511667,19.461681,-0.25684258,Heat Stress Alert,Medium,Moderate heat stress detected. Monitor cattle closely and provide ventilation and water access.
COW00620,58,582.6,27.0,33.983108106480145,18.0,88.4196696244486,22.138515,21.799395,-1.5556434,No Alert,Low,Conditions are within expected range; continue routine monitoring.
COW00621,63,581.0,31.3,56.74281539253919,34.67903896757804,62.13107158885028,21.830568,21.567205,-1.2211266,No Alert,Low,Conditions are within expected range; continue routine monitoring.
COW00622,29,457.7,14.1,64.95824924636645,36.46196142423374,87.88284837486009,19.520706,19.531807,0.056834318,No Alert,Low,Conditions are within expected range; continue routine monitoring.
COW00623,57,562.7,26.2,55.050022702122064,32.92306500611424,66.4661636352665,21.783102,21.469664,-1.459913,No Alert,Low,Conditions are within expected range; continue routine monitoring.
COW00624,77,631.8,16.1,52.57864766127295,30.93553879202185,69.12515383635625,22.681866,22.565298,-0.5165791,No Alert,Low,Conditions are within expected range; continue routine monitoring.
COW00625,37,612.2,22.2,75.14766289402837,45.63994693769079,71.17715464826384,22.110195,21.905676,-0.933636,Heat Stress Alert,Medium,Moderate heat stress detected. Monitor cattle closely and provide ventilation and water access.
COW00626,48,542.4,29.2,34.50186123255928,18.325205106628225,87.68196957262039,21.415462,20.900755,-2.4626267,No Alert,Low,Conditions are within expected range; continue routine monitoring.
COW00627,51,512.6,15.3,61.22669906012262,38.84026452686194,56.27798104850993,20.973757,20.7717,-0.97275084,No Alert,Low,Conditions are within expected range; continue routine monitoring.
COW00628,66,499.7,31.8,47.36800454598689,27.85227885852269,64.57033451745323,20.801586,20.54034,-1.2718666,No Alert,Low,Conditions are within expected range; continue routine monitoring.
COW00629,51,587.4,24.5,59.248,32.0,98.0,21.930262,21.688389,-1.1152179,No Alert,Low,Conditions are within expected range; continue routine monitoring.
COW00630,91,565.6,21.1,45.52170327484091,25.769249897006105,74.8185098779121,21.636509,21.334187,-1.4170796,No Alert,Low,Conditions are within expected range; continue routine monitoring.
COW00631,47,600.4,14.4,85.32076556076294,46.64762110155221,98.0,21.711021,21.706448,-0.02107126,Heat Stress Alert,High,"High heat stress detected. Consider active cooling, shading, and improved hydration measures."
COW00632,58,560.5,24.6,79.27260016423969,45.71605719269928,83.98169108022817,21.788784,21.397886,-1.8268055,Heat Stress Alert,High,"High heat stress detected. Consider active cooling, shading, and improved hydration measures."
COW00633,52,615.5,22.9,89.48665250119771,52.0,83.74109707765348,22.361284,22.128498,-1.0519747,Heat Stress Alert,High,"High heat stress detected. Consider active cooling, shading, and improved hydration measures."
COW00634,31,557.6,17.9,50.13920974536059,30.88224549737866,54.80693361165103,21.1371,21.062187,-0.35567543,No Alert,Low,Conditions are within expected range; continue routine monitoring.
COW00635,86,612.8,22.8,60.90672803667111,39.51840394611848,51.32493651838303,22.51052,22.376314,-0.59977156,No Alert,Low,Conditions are within expected range; continue routine monitoring.
COW00636,37,619.7,14.2,57.1805503318322,31.120314475332684,95.0,21.951757,21.792124,-0.73252904,No Alert,Low,Conditions are within expected range; continue routine monitoring.
COW00637,44,485.6,32.0,41.8583591753961,22.86363725822246,84.68521452588159,20.550322,20.330822,-1.0796396,No Alert,Low,Conditions are within expected range; continue routine monitoring.
COW00638,97,405.3,20.0,42.75053790516844,22.87459308866768,95.0,19.849497,19.42774,-2.1708996,No Alert,Low,Conditions are within expected range; continue routine monitoring.
COW00639,114,673.5,22.6,57.33594397224178,31.209110841281017,95.0,22.355637,22.308493,-0.2113273,No Alert,Low,Conditions are within expected range; continue routine monitoring.
COW00640,84,570.5,28.1,37.35931047199359,20.20656551782428,82.5627135871964,21.960602,21.721313,-1.1016291,No Alert,Low,Conditions are within expected range; continue routine monitoring.
COW00641,110,412.8,26.8,35.74119739240089,19.12191783069064,85.63603334149822,19.75335,19.416668,-1.7339811,No Alert,Low,Conditions are within expected range; continue routine monitoring.
COW00642,104,492.9,30.0,61.77648017018048,35.77662747085663,78.38083072897254,21.01786,20.444773,-2.8031013,No Alert,Low,Conditions are within expected range; continue routine monitoring.
COW00643,63,611.7,30.9,63.556405459137466,42.0,49.1174110838314,22.551989,22.33753,-0.9600814,No Alert,Low,Conditions are within expected range; continue routine monitoring.
COW00644,95,527.6,17.4,56.63417242227701,31.27170111029624,90.19132946086688,21.068329,20.752237,-1.5231684,No Alert,Low,Conditions are within expected range; continue routine monitoring.
COW00645,47,509.0,21.0,43.52927285818048,24.470674518471565,74.99729267935378,20.974882,20.722189,-1.2194328,No Alert,Low,Conditions are within expected range; continue routine monitoring.
COW00646,61,662.1,26.4,61.63872184869208,34.49269951605703,87.81578713077278,22.895964,22.782427,-0.49835268,No Alert,Low,Conditions are within expected range; continue routine monitoring.
COW00647,69,466.2,14.8,66.47694132208647,39.14372364261552,75.82513723068251,20.47772,20.182304,-1.4637371,No Alert,Low,Conditions are within expected range; continue routine monitoring.
COW00648,115,486.1,26.9,63.3947627579799,34.67129300455994,95.0,20.969463,20.388824,-2.847829,No Alert,Low,Conditions are within expected range; continue routine monitoring.
COW00649,103,566.9,14.1,94.848,52.0,98.0,21.404217,21.254908,-0.7024691,Health Risk Alert,Critical,"Critical heat stress or productivity decline detected. Consider emergency cooling, veterinary assessment, and hydration."
COW00650,64,581.2,30.5,74.31127208566338,44.288437202059534,75.21478012395599,22.228731,21.797516,-1.9782772,Heat Stress Alert,Medium,Moderate heat stress detected. Monitor cattle closely and provide ventilation and water access.
COW00651,82,589.7,26.9,45.75388042189416,25.541704951283343,80.06419573909096,22.24991,22.048903,-0.9116456,No Alert,Low,Conditions are within expected range; continue routine monitoring.
COW00652,33,622.9,24.2,63.58615739817476,34.78066137038557,95.0,22.0004,21.86264,-0.63011676,No Alert,Low,Conditions are within expected range; continue routine monitoring.
COW00653,98,565.9,21.7,93.20620997165597,52.0,93.6335371586595,21.490942,21.187834,-1.4305767,Health Risk Alert,Critical,"Critical heat stress or productivity decline detected. Consider emergency cooling, veterinary assessment, and hydration."
COW00654,71,589.2,31.8,55.54286481025969,30.18449417729125,95.0,21.89698,21.788893,-0.49606717,No Alert,Low,Conditions are within expected range; continue routine monitoring.
COW00655,69,529.3,27.3,57.09377177157808,37.61625988629184,45.6609458821741,21.25495,20.904257,-1.6776141,No Alert,Low,Conditions are within expected range; continue routine monitoring.
COW00656,94,555.0,28.5,51.64462382930283,27.95692790245876,95.0,21.46279,21.071753,-1.8557402,No Alert,Low,Conditions are within expected range; continue routine monitoring.
COW00657,80,558.6,28.9,62.63298083115428,41.34456404923803,48.83110956154413,21.79563,21.47386,-1.4984251,No Alert,Low,Conditions are within expected range; continue routine monitoring.
COW00658,19,567.2,14.4,53.42750665936966,29.436703374771906,89.6349660136632,20.34254,20.411682,0.3387344,No Alert,Low,Conditions are within expected range; continue routine monitoring.
COW00659,43,611.8,15.0,66.26933991587933,42.0,58.94688375318597,22.16773,21.98084,-0.85023886,No Alert,Low,Conditions are within expected range; continue routine monitoring.
COW00660,31,594.4,17.6,80.18483197656522,49.0,71.05442767793414,21.42233,21.437632,0.07137333,Heat Stress Alert,High,"High heat stress detected. Consider active cooling, shading, and improved hydration measures."
COW00661,91,553.5,25.8,41.5393163006728,23.007670435020025,78.22302216942532,21.520847,21.21115,-1.4600723,No Alert,Low,Conditions are within expected range; continue routine monitoring.
COW00662,15,485.3,25.2,62.15078980634723,42.0,44.024600747634864,19.21211,19.39533,0.9446599,No Alert,Low,Conditions are within expected range; continue routine monitoring.
COW00663,33,555.4,19.9,70.74122412800273,42.40397530850347,72.9112336954531,21.2879,21.060291,-1.0807525,Heat Stress Alert,Medium,Moderate heat stress detected. Monitor cattle closely and provide ventilation and water access.
COW00664,76,547.8,31.5,58.8623545725789,38.5346030683912,48.20743098569427,21.445549,21.046988,-1.8936747,No Alert,Low,Conditions are within expected range; continue routine monitoring.
COW00665,87,565.5,15.7,33.787951196333665,18.0,82.99864434260179,21.87845,21.476711,-1.8705802,No Alert,Low,Conditions are within expected range; continue routine monitoring.
COW00666,66,726.5,28.0,59.21671928660511,32.28383959234578,95.0,23.220533,23.18063,-0.17214218,No Alert,Low,Conditions are within expected range; continue routine monitoring.
COW00667,104,508.1,22.7,57.93264315919669,34.01946476479522,72.97381207386856,20.861082,20.42566,-2.1317446,No Alert,Low,Conditions are within expected range; continue routine monitoring.
COW00668,111,583.8,21.5,84.16688243472862,52.0,69.5927724327889,21.653484,21.42747,-1.0547913,Heat Stress Alert,High,"High heat stress detected. Consider active cooling, shading, and improved hydration measures."
COW00669,26,635.5,14.5,68.09363359451592,39.93578760507057,77.32286865723599,21.747581,21.72416,-0.10781656,No Alert,Low,Conditions are within expected range; continue routine monitoring.
COW00670,114,557.8,27.1,64.3987949024091,42.0,52.169546747859016,21.314613,20.987352,-1.5593247,No Alert,Low,Conditions are within expected range; continue routine monitoring.
COW00671,78,737.0,27.9,61.37134479975777,33.51505417129015,95.0,23.256649,23.20452,-0.22465342,No Alert,Low,Conditions are within expected range; continue routine monitoring.
COW00672,80,519.8,19.7,69.02519105915329,40.454092175328114,77.76865600436386,21.226807,20.847622,-1.8188392,No Alert,Low,Conditions are within expected range; continue routine monitoring.
COW00673,22,575.9,23.3,46.47,25.0,95.0,20.694809,20.793236,0.4733598,No Alert,Low,Conditions are within expected range; continue routine monitoring.
COW00674,79,486.1,24.9,52.04561869645664,29.52180488587512,79.54192557392236,21.050926,20.64314,-1.9754039,No Alert,Low,Conditions are within expected range; continue routine monitoring.
COW00675,90,521.9,20.6,63.55160980536683,40.31910133397832,57.472396694001176,21.023125,20.68942,-1.6129209,No Alert,Low,Conditions are within expected range; continue routine monitoring.
COW00676,74,569.9,25.1,45.27275903308605,25.60308244487398,74.89271920002592,22.009949,21.74957,-1.1971633,No Alert,Low,Conditions are within expected range; continue routine monitoring.
COW00677,21,617.7,21.8,52.94088022934009,33.34455983153378,52.07422316401403,20.76825,20.95569,0.8944629,No Alert,Low,Conditions are within expected range; continue routine monitoring.
COW00678,68,575.5,29.8,82.62538467579128,50.9762395082772,69.56536104104259,22.223467,21.782167,-2.0259666,Heat Stress Alert,High,"High heat stress detected. Consider active cooling, shading, and improved hydration measures."
COW00679,113,650.7,26.9,58.163765528911846,37.5458726562337,50.66591170744443,22.548244,22.385014,-0.7291972,No Alert,Low,Conditions are within expected range; continue routine monitoring.
COW00680,90,542.4,16.0,55.46303462724117,34.23339617815709,58.87200346239664,21.2999,21.008286,-1.388093,No Alert,Low,Conditions are within expected range; continue routine monitoring.
COW00681,26,523.4,28.4,72.06332910494652,42.95393087632564,74.59632964772005,19.996367,19.722239,-1.3899435,Heat Stress Alert,Medium,Moderate heat stress detected. Monitor cattle closely and provide ventilation and water access.
COW00682,115,766.3,20.1,58.49612841603967,34.98178941623583,68.55913544582212,23.295427,23.131254,-0.7097459,No Alert,Low,Conditions are within expected range; continue routine monitoring.
COW00683,115,581.5,30.8,61.201210714799565,37.89979414710017,61.62341383278205,21.472311,21.163877,-1.4573584,No Alert,Low,Conditions are within expected range; continue routine monitoring.
COW00684,30,492.4,24.9,38.75382949676519,21.015432638718508,83.76600123410576,20.192984,20.089975,-0.51273465,No Alert,Low,Conditions are within expected range; continue routine monitoring.
COW00685,98,494.5,14.5,64.3704035869855,41.241692947821335,55.79770716341525,20.787851,20.56104,-1.1031078,No Alert,Low,Conditions are within expected range; continue routine monitoring.
COW00686,55,474.6,27.2,56.18041375885372,35.58360135454266,53.40703162728981,20.480341,20.013529,-2.3324828,No Alert,Low,Conditions are within expected range; continue routine monitoring.
COW00687,76,624.9,16.4,65.45182684413487,36.44703273496294,90.23527517431228,22.616596,22.471642,-0.64505607,No Alert,Low,Conditions are within expected range; continue routine monitoring.
COW00688,60,520.8,29.8,60.1701999191584,32.51808984222382,98.0,21.17024,20.727228,-2.1373444,No Alert,Low,Conditions are within expected range; continue routine monitoring.
COW00689,96,560.2,31.1,46.35460822669974,25.8076091747778,81.59922683412594,21.43441,21.047058,-1.8404092,No Alert,Low,Conditions are within expected range; continue routine monitoring.
COW00690,119,544.9,26.5,63.35041525995233,42.0,48.37106978243597,21.19523,20.86732,-1.5714111,No Alert,Low,Conditions are within expected range; continue routine monitoring.
COW00691,97,608.5,23.6,57.756886657566206,31.496575890699056,94.51966316716192,22.317944,22.162388,-0.70189065,No Alert,Low,Conditions are within expected range; continue routine monitoring.
COW00692,112,482.3,24.8,77.36673801422612,49.0,62.90964743995983,20.49068,19.978329,-2.5645387,Heat Stress Alert,Medium,Moderate heat stress detected. Monitor cattle closely and provide ventilation and water access.
COW00693,114,464.0,21.7,62.69607432795642,40.95121952885658,50.97731458308662,20.111326,19.687353,-2.1535301,No Alert,Low,Conditions are within expected range; continue routine monitoring.
COW00694,21,567.9,15.5,40.83777279274966,22.581355485573585,77.89281880646716,20.473358,20.558628,0.41476467,No Alert,Low,Conditions are within expected range; continue routine monitoring.
COW00695,39,598.1,30.7,55.34703318922006,32.88763773253564,68.35336772611218,21.940739,21.724073,-0.99735105,No Alert,Low,Conditions are within expected range; continue routine monitoring.
COW00696,89,576.6,19.9,41.00659249343809,22.304978837436447,85.54873532946766,21.971647,21.711874,-1.196457,No Alert,Low,Conditions are within expected range; continue routine monitoring.
COW00697,75,485.2,19.6,63.184389887546295,34.55107993574074,95.0,21.106192,20.72666,-1.831129,No Alert,Low,Conditions are within expected range; continue routine monitoring.
COW00698,17,604.2,17.4,60.29376138160164,32.89929221805808,95.0,20.688473,20.819853,0.6310327,No Alert,Low,Conditions are within expected range; continue routine monitoring.
COW00699,22,490.5,31.9,59.03287630652897,39.525876357019705,43.82802440177021,19.272839,19.266438,-0.0332239,No Alert,Low,Conditions are within expected range; continue routine monitoring.
COW00700,68,508.3,31.0,75.1192765357346,48.60237430125695,58.0,21.310434,20.697119,-2.9632897,Heat Stress Alert,Medium,Moderate heat stress detected. Monitor cattle closely and provide ventilation and water access.
COW00701,78,474.5,20.3,61.23450664559844,40.3845767768654,48.20877142497476,20.513338,20.162914,-1.7379621,No Alert,Low,Conditions are within expected range; continue routine monitoring.
COW00702,30,654.1,18.7,55.96256722687132,36.2770383635276,48.18264867891172,22.317848,22.28662,-0.14012453,No Alert,Low,Conditions are within expected range; continue routine monitoring.
COW00703,30,600.7,28.5,41.362956993970144,22.739648374789773,81.19333081964643,21.507278,21.505184,-0.009738437,No Alert,Low,Conditions are within expected range; continue routine monitoring.
COW00704,25,598.4,21.6,85.13625723882393,52.0,72.17089691176577,21.039145,21.078693,0.18762489,Heat Stress Alert,High,"High heat stress detected. Consider active cooling, shading, and improved hydration measures."
COW00705,73,649.8,31.4,63.69432953697454,34.84247402112831,95.0,22.732786,22.564837,-0.7442982,No Alert,Low,Conditions are within expected range; continue routine monitoring.
COW00706,12,775.0,30.2,46.47,25.0,95.0,22.372887,22.507,0.5958738,No Alert,Low,Conditions are within expected range; continue routine monitoring.
COW00707,73,413.3,27.7,34.123570803254324,18.0,92.32141120150904,19.852085,19.403185,-2.3135388,No Alert,Low,Conditions are within expected range; continue routine monitoring.
COW00708,63,490.9,15.6,63.55830966204302,40.27168325548761,57.75025501861703,21.131624,20.902258,-1.0973278,No Alert,Low,Conditions are within expected range; continue routine monitoring.
COW00709,62,500.7,26.6,67.84022486795936,39.53421481634744,78.82821548097456,21.160519,20.716658,-2.1425319,No Alert,Low,Conditions are within expected range; continue routine monitoring.
COW00710,85,481.9,31.8,62.31056936721114,35.8983049385331,79.9687485387288,20.46279,19.904654,-2.8040478,No Alert,Low,Conditions are within expected range; continue routine monitoring.
COW00711,68,463.8,20.7,51.31327473313264,27.76758556179008,95.0,20.397226,20.095942,-1.499232,No Alert,Low,Conditions are within expected range; continue routine monitoring.
COW00712,90,526.0,29.9,59.248,32.0,98.0,21.087025,20.563398,-2.5463998,No Alert,Low,Conditions are within expected range; continue routine monitoring.
COW00713,94,452.7,21.3,79.29476114876427,43.262225364474304,98.0,20.019243,19.647207,-1.893582,Heat Stress Alert,High,"High heat stress detected. Consider active cooling, shading, and improved hydration measures."
COW00714,111,576.8,31.5,36.59777446758265,19.520670836139157,89.46557873509917,21.259127,21.111681,-0.69840807,No Alert,Low,Conditions are within expected range; continue routine monitoring.
COW00715,98,554.1,25.8,61.455883796114605,42.0,41.50682534824133,21.47025,21.136028,-1.5812852,No Alert,Low,Conditions are within expected range; continue routine monitoring.
COW00716,67,588.5,15.7,60.4442492598028,34.24262558972995,83.9110162751675,22.254566,22.060286,-0.88068044,No Alert,Low,Conditions are within expected range; continue routine monitoring.
COW00717,65,590.6,22.6,66.27642465658649,41.940211206298926,59.274257445831424,22.209751,22.019056,-0.8660444,No Alert,Low,Conditions are within expected range; continue routine monitoring.
COW00718,37,598.2,14.9,55.425846755958936,30.11762671769082,95.0,21.857868,21.643503,-0.9904358,No Alert,Low,Conditions are within expected range; continue routine monitoring.
COW00719,76,520.1,21.1,52.23984483142758,30.769371423586307,68.56920404644,21.117891,20.906036,-1.0133673,No Alert,Low,Conditions are within expected range; continue routine monitoring.
COW00720,27,719.7,30.5,68.2451600899497,39.494222842652896,80.69499479142523,22.714195,22.71998,0.025462119,No Alert,Low,Conditions are within expected range; continue routine monitoring.
COW00721,112,568.8,18.2,60.48009630306766,37.484986760990125,61.04446599938679,21.29663,21.039602,-1.2216418,No Alert,Low,Conditions are within expected range; continue routine monitoring.
COW00722,103,401.0,31.1,73.93732655558188,41.65552764640015,88.83667472003518,19.99559,19.403282,-3.0526178,Heat Stress Alert,Medium,Moderate heat stress detected. Monitor cattle closely and provide ventilation and water access.
COW00723,24,469.8,15.8,48.09928535201426,27.800779911378044,70.58291745304224,19.20774,19.237516,0.15477891,No Alert,Low,Conditions are within expected range; continue routine monitoring.
COW00724,96,410.8,26.0,80.14588834623933,49.0,70.94187383306166,19.901278,19.397404,-2.5976355,Heat Stress Alert,High,"High heat stress detected. Consider active cooling, shading, and improved hydration measures."
COW00725,24,551.4,31.4,52.89004490908405,31.235902579525764,68.31426346841812,20.353525,20.278858,-0.36820108,No Alert,Low,Conditions are within expected range; continue routine monitoring.
COW00726,89,540.3,25.8,75.668,49.0,58.0,21.469456,20.994291,-2.263303,Heat Stress Alert,Medium,Moderate heat stress detected. Monitor cattle closely and provide ventilation and water access.
COW00727,21,512.5,30.2,59.77543655435304,35.56686498688128,70.49671538083832,19.343578,19.351479,0.040824983,No Alert,Low,Conditions are within expected range; continue routine monitoring.
COW00728,64,710.9,31.8,90.24268841002988,49.41274629776959,98.0,22.719597,22.843298,0.5415203,Health Risk Alert,Critical,"Critical heat stress or productivity decline detected. Consider emergency cooling, veterinary assessment, and hydration."
COW00729,83,593.9,25.6,60.37009355750997,35.82174773632975,71.48200770974881,22.316423,22.135302,-0.81824875,No Alert,Low,Conditions are within expected range; continue routine monitoring.
COW00730,90,608.1,28.1,77.9492932398301,49.0,64.59333306309276,22.584663,22.357576,-1.015705,Heat Stress Alert,Medium,Moderate heat stress detected. Monitor cattle closely and provide ventilation and water access.
COW00731,57,475.5,14.6,54.75373830322148,34.09278146577155,56.26179902448911,20.620958,20.333961,-1.4114163,No Alert,Low,Conditions are within expected range; continue routine monitoring.
COW00732,111,470.1,21.7,52.97499243576397,33.42164862490239,51.718301235798094,20.103394,19.757217,-1.7521503,No Alert,Low,Conditions are within expected range; continue routine monitoring.
COW00733,95,552.9,19.2,59.2082902922788,38.39601815629526,50.38950916142076,21.401691,21.101698,-1.4216558,No Alert,Low,Conditions are within expected range; continue routine monitoring.
COW00734,34,563.8,28.8,67.67191807643636,38.907368817962094,82.20394107465799,21.600698,21.165173,-2.0577478,No Alert,Low,Conditions are within expected range; continue routine monitoring.
COW00735,84,401.5,26.2,33.956089236549175,18.0,87.66914545969932,19.85619,19.414165,-2.276813,No Alert,Low,Conditions are within expected range; continue routine monitoring.
COW00736,90,535.6,25.1,75.95582982689444,49.0,58.83187811241168,21.141752,20.681025,-2.2277799,Heat Stress Alert,Medium,Moderate heat stress detected. Monitor cattle closely and provide ventilation and water access.
COW00737,48,551.1,30.8,77.61733061470144,49.0,63.6339035106978,21.70736,21.026928,-3.2359998,Heat Stress Alert,Medium,Moderate heat stress detected. Monitor cattle closely and provide ventilation and water access.
COW00738,91,532.8,15.6,62.23575442682296,39.4462648628049,57.00946873632949,21.00686,20.760168,-1.188298,No Alert,Low,Conditions are within expected range; continue routine monitoring.
COW00739,109,484.9,31.2,73.4709394827251,45.304863473357045,67.3908452046532,21.178316,20.428045,-3.672749,Heat Stress Alert,Medium,Moderate heat stress detected. Monitor cattle closely and provide ventilation and water access.
COW00740,100,506.8,15.8,56.069331293317056,32.514923860064684,75.3930422825224,20.830765,20.52103,-1.5093509,No Alert,Low,Conditions are within expected range; continue routine monitoring.
COW00741,94,535.9,20.2,56.53989044788675,34.10879378188273,65.21381046766813,21.016548,20.696495,-1.5464121,No Alert,Low,Conditions are within expected range; continue routine monitoring.
COW00742,80,557.3,25.3,51.20266729628739,28.919850681038067,80.3505973149776,21.805885,21.515697,-1.3487262,No Alert,Low,Conditions are within expected range; continue routine monitoring.
COW00743,41,598.4,20.1,48.052845389543336,28.142046533473252,66.50543745797397,21.885199,21.659275,-1.0430799,No Alert,Low,Conditions are within expected range; continue routine monitoring.
COW00744,97,636.5,26.3,69.10942629908305,39.47854260499604,84.2417063377418,22.93721,22.727476,-0.92282116,No Alert,Low,Conditions are within expected range; continue routine monitoring.
COW00745,51,526.5,28.0,50.99435361772322,29.851047730656287,69.33843982593878,20.983986,20.641743,-1.658015,No Alert,Low,Conditions are within expected range; continue routine monitoring.
COW00746,69,513.5,28.9,64.63413922772529,40.80019694032849,59.06767177043815,21.19137,20.760706,-2.0744193,No Alert,Low,Conditions are within expected range; continue routine monitoring.
COW00747,45,585.0,17.2,55.44920371897068,33.81701565170916,61.77875844966658,21.807364,21.525389,-1.3099638,No Alert,Low,Conditions are within expected range; continue routine monitoring.
COW00748,45,598.9,17.3,53.965917195840944,29.28338125476625,95.0,21.900696,21.692991,-0.95747304,No Alert,Low,Conditions are within expected range; continue routine monitoring.
COW00749,29,515.3,14.9,40.74829130336141,22.535608315775267,77.68078803015682,20.200457,20.120277,-0.39849955,No Alert,Low,Conditions are within expected range; continue routine monitoring.
COW00750,115,613.2,22.8,60.22579637824877,40.63230840414656,43.152701167321496,22.039484,21.900246,-0.63578445,No Alert,Low,Conditions are within expected range; continue routine monitoring.
COW00751,27,628.4,16.5,57.37021804158958,37.74846681290608,46.13341285994295,21.81312,21.904184,0.41573998,No Alert,Low,Conditions are within expected range; continue routine monitoring.
COW00752,21,653.3,19.7,61.04,42.0,40.0,21.298283,21.365898,0.31646463,No Alert,Low,Conditions are within expected range; continue routine monitoring.
COW00753,113,692.3,29.1,49.65466623840428,28.9246383537559,69.63998213961695,22.766006,22.63012,-0.6004703,No Alert,Low,Conditions are within expected range; continue routine monitoring.
COW00754,71,480.7,31.1,41.15757272867626,22.618222644501103,81.07585911576216,20.461618,20.090155,-1.8489841,No Alert,Low,Conditions are within expected range; continue routine monitoring.
COW00755,59,551.1,28.8,65.08750385919146,42.0,54.6648690550415,21.552267,21.193617,-1.6922557,No Alert,Low,Conditions are within expected range; continue routine monitoring.
COW00756,91,550.9,14.0,82.30921036235421,49.0,77.19424960217978,21.50426,21.202059,-1.4253348,Heat Stress Alert,High,"High heat stress detected. Consider active cooling, shading, and improved hydration measures."
COW00757,53,542.2,24.2,64.9782892015362,35.78025628139268,93.32949013238988,21.413528,21.012302,-1.9094815,No Alert,Low,Conditions are within expected range; continue routine monitoring.
COW00758,25,498.1,17.0,56.32062886166224,34.188094052987786,63.52382187800475,19.698214,19.715063,0.0854652,No Alert,Low,Conditions are within expected range; continue routine monitoring.
COW00759,90,431.2,20.8,46.27024437993603,28.01897823374261,54.740243100404975,19.721678,19.514177,-1.0633318,No Alert,Low,Conditions are within expected range; continue routine monitoring.
COW00760,31,557.4,21.7,34.133723318040225,18.0,92.60342550111748,21.49422,21.06944,-2.0160947,No Alert,Low,Conditions are within expected range; continue routine monitoring.
COW00761,71,488.5,31.0,62.88248099886774,42.0,46.67565579299905,21.058237,20.579504,-2.3262615,No Alert,Low,Conditions are within expected range; continue routine monitoring.
COW00762,114,556.9,25.4,51.59385749612314,31.998195393818666,54.5243473341508,21.295797,21.004763,-1.3855653,No Alert,Low,Conditions are within expected range; continue routine monitoring.
COW00763,113,486.5,18.8,57.51341940292084,37.3456334619033,48.97189982597286,20.600021,20.349348,-1.2318493,No Alert,Low,Conditions are within expected range; continue routine monitoring.
COW00764,50,462.0,25.6,59.19285092584287,32.4302732323352,93.44635060637157,20.133324,19.701836,-2.1900904,No Alert,Low,Conditions are within expected range; continue routine monitoring.
COW00765,96,568.7,31.1,75.72493708157933,42.64186077590971,89.2697852343954,21.731836,21.09379,-3.0248063,Heat Stress Alert,Medium,Moderate heat stress detected. Monitor cattle closely and provide ventilation and water access.
COW00766,78,562.1,15.1,73.34804875098163,44.51880485805294,70.82951984675253,21.84283,21.559593,-1.3137422,Heat Stress Alert,Medium,Moderate heat stress detected. Monitor cattle closely and provide ventilation and water access.
COW00767,63,596.3,28.7,53.89795919578908,33.15778364782484,58.491623976063366,22.210032,22.045876,-0.7446107,No Alert,Low,Conditions are within expected range; continue routine monitoring.
COW00768,27,724.9,17.9,58.18322421657864,35.44244900969453,63.8198766818253,22.60046,22.617601,0.07578762,No Alert,Low,Conditions are within expected range; continue routine monitoring.
COW00769,52,572.2,16.8,52.392063396566265,28.57645406133163,92.62471483131613,21.809114,21.543741,-1.231788,No Alert,Low,Conditions are within expected range; continue routine monitoring.
COW00770,82,588.8,30.2,77.32141355358652,46.64152715241888,73.22293302065327,22.34599,21.999699,-1.5740697,Heat Stress Alert,Medium,Moderate heat stress detected. Monitor cattle closely and provide ventilation and water access.
COW00771,118,463.8,14.0,63.032081679268906,35.21710064610386,88.66941403696632,20.064142,19.742743,-1.6279384,No Alert,Low,Conditions are within expected range; continue routine monitoring.
COW00772,12,447.0,27.3,44.33717252296605,24.70550350078068,79.30490462423693,18.04306,17.995827,-0.26246965,No Alert,Low,Conditions are within expected range; continue routine monitoring.
COW00773,89,676.6,15.6,40.10742194604663,21.904433196809315,82.40296404035416,22.978123,22.848936,-0.5653945,No Alert,Low,Conditions are within expected range; continue routine monitoring.
COW00774,103,476.1,25.1,70.10102358135887,40.31253344549572,82.78232180609513,20.53339,19.967577,-2.8336592,Heat Stress Alert,Medium,Moderate heat stress detected. Monitor cattle closely and provide ventilation and water access.
COW00775,114,466.5,25.2,41.12052022498062,22.172840428686627,89.82878197605183,20.095654,19.742558,-1.7885019,No Alert,Low,Conditions are within expected range; continue routine monitoring.
COW00776,57,546.9,29.5,55.24768292370033,30.01581881354305,95.0,21.469152,21.11955,-1.6553465,No Alert,Low,Conditions are within expected range; continue routine monitoring.
COW00777,24,542.8,28.8,65.18639990580016,41.828487085318685,55.867500784420926,20.315664,20.24144,-0.3666956,No Alert,Low,Conditions are within expected range; continue routine monitoring.
COW00778,41,477.8,26.3,41.46189513945912,22.516560412277485,86.84278132119881,20.194525,19.906315,-1.4478316,No Alert,Low,Conditions are within expected range; continue routine monitoring.
COW00779,103,525.6,20.8,53.899781968854114,29.245589696488064,95.0,20.883547,20.513882,-1.8020244,No Alert,Low,Conditions are within expected range; continue routine monitoring.
COW00780,106,648.4,17.0,75.95013739761472,49.0,58.81542600466683,22.460794,22.384497,-0.34085092,Heat Stress Alert,Medium,Moderate heat stress detected. Monitor cattle closely and provide ventilation and water access.
COW00781,80,485.5,25.4,41.90085175505321,23.580106280921274,72.29509688911965,20.939257,20.626513,-1.516224,No Alert,Low,Conditions are within expected range; continue routine monitoring.
COW00782,25,438.5,22.9,51.12817434097543,31.66639324745112,54.412404538518416,18.731585,18.605314,-0.67867863,No Alert,Low,Conditions are within expected range; continue routine monitoring.
COW00783,25,625.4,15.4,87.67966931927339,47.97284793217605,98.0,21.1997,21.497438,1.3849977,Heat Stress Alert,High,"High heat stress detected. Consider active cooling, shading, and improved hydration measures."
COW00784,63,589.4,31.2,82.68296200334206,45.49478234444565,96.11624161480638,22.285141,21.911064,-1.707251,Heat Stress Alert,High,"High heat stress detected. Consider active cooling, shading, and improved hydration measures."
COW00785,75,500.4,19.7,59.624731240441086,40.82060936703424,40.0,21.068207,20.8395,-1.0974656,No Alert,Low,Conditions are within expected range; continue routine monitoring.
COW00786,15,423.4,14.0,53.61327556374042,29.08187175070881,95.0,18.325953,18.307203,-0.10241453,No Alert,Low,Conditions are within expected range; continue routine monitoring.
COW00787,86,490.4,30.2,64.46850858824538,41.15650067614544,56.59674346290707,21.038239,20.483461,-2.708415,No Alert,Low,Conditions are within expected range; continue routine monitoring.
COW00788,70,545.6,24.4,42.972552912965,23.00145880740857,95.0,21.62914,21.312553,-1.4854506,No Alert,Low,Conditions are within expected range; continue routine monitoring.
COW00789,13,643.3,27.2,63.29978863560184,34.617022077486766,95.0,21.236166,21.386974,0.70514107,No Alert,Low,Conditions are within expected range; continue routine monitoring.
COW00790,22,467.1,16.7,61.04,42.0,40.0,18.806622,18.935234,0.6792233,No Alert,Low,Conditions are within expected range; continue routine monitoring.
COW00791,61,543.2,21.3,73.51563730856932,43.45209473461692,76.94440530045495,21.484715,21.14701,-1.5969335,Heat Stress Alert,Medium,Moderate heat stress detected. Monitor cattle closely and provide ventilation and water access.
COW00792,90,604.0,25.6,75.668,49.0,58.0,22.531395,22.326874,-0.9160314,Heat Stress Alert,Medium,Moderate heat stress detected. Monitor cattle closely and provide ventilation and water access.
COW00793,101,359.5,18.5,75.77081452807292,43.97547292135976,81.79222105866815,19.709253,19.199858,-2.6531217,Heat Stress Alert,Medium,Moderate heat stress detected. Monitor cattle closely and provide ventilation and water access.
COW00794,58,632.7,26.6,57.35250757674736,35.10983204927923,62.11852373651534,22.644218,22.52453,-0.5313675,No Alert,Low,Conditions are within expected range; continue routine monitoring.
COW00795,43,455.4,18.2,65.15886019033059,40.92195018714879,60.4076997640041,20.068186,19.751497,-1.6033647,No Alert,Low,Conditions are within expected range; continue routine monitoring.
COW00796,116,576.6,17.8,53.24829180068486,33.22957014561179,54.51338296529085,21.39039,21.138487,-1.191682,No Alert,Low,Conditions are within expected range; continue routine monitoring.
COW00797,61,569.7,14.2,74.90829858167282,45.305562721204,72.03832075652394,21.995092,21.724182,-1.2470447,Heat Stress Alert,Medium,Moderate heat stress detected. Monitor cattle closely and provide ventilation and water access.
COW00798,46,636.8,19.1,41.80681785325263,22.635079490364856,88.6300401775159,22.403845,22.297852,-0.47535193,No Alert,Low,Conditions are within expected range; continue routine monitoring.
COW00799,59,594.1,18.4,52.780139198037006,29.308148300668933,86.7553789823886,22.167713,22.026096,-0.6429502,No Alert,Low,Conditions are within expected range; continue routine monitoring.
COW00800,13,359.8,27.8,48.75095627826145,26.303403587577968,95.0,17.87121,17.579718,-1.658118,No Alert,Low,Conditions are within expected range; continue routine monitoring.
COW00801,44,487.2,24.3,78.38137616949561,48.265801248751096,69.00393408337422,21.107088,20.627197,-2.3264956,Heat Stress Alert,Medium,Moderate heat stress detected. Monitor cattle closely and provide ventilation and water access.
COW00802,67,561.1,17.2,42.12365608257061,22.978222500017417,85.57807963761462,21.789469,21.532112,-1.1952225,No Alert,Low,Conditions are within expected range; continue routine monitoring.
COW00803,111,534.4,24.2,56.49966623830884,30.731237850462197,95.0,21.010256,20.47899,-2.5941966,No Alert,Low,Conditions are within expected range; continue routine monitoring.
COW00804,91,588.2,18.1,65.9781805152783,42.0,57.891958388689496,22.151169,21.932486,-0.9970746,No Alert,Low,Conditions are within expected range; continue routine monitoring.
COW00805,96,613.1,21.7,57.38317094555685,37.6611930809233,46.66233775308733,22.434032,22.273897,-0.7189369,No Alert,Low,Conditions are within expected range; continue routine monitoring.
COW00806,70,598.7,30.0,49.37631552693898,26.66075172967942,95.0,22.335827,22.134678,-0.9087505,No Alert,Low,Conditions are within expected range; continue routine monitoring.
COW00807,23,532.9,26.9,53.8354993820333,35.99624948502775,40.0,20.000803,19.933191,-0.33919153,No Alert,Low,Conditions are within expected range; continue routine monitoring.
COW00808,54,402.3,25.7,49.99967469620363,28.43246690945757,77.34706405273914,19.83104,19.36151,-2.4250698,No Alert,Low,Conditions are within expected range; continue routine monitoring.
COW00809,119,513.6,19.1,43.92468702234421,25.5168778610043,63.96746300942396,20.630707,20.40456,-1.1083145,No Alert,Low,Conditions are within expected range; continue routine monitoring.
COW00810,16,583.3,16.2,57.47631756035198,33.36733501018812,75.82746624381383,20.288395,20.3171,0.14128786,No Alert,Low,Conditions are within expected range; continue routine monitoring.
COW00811,106,462.8,27.6,66.97224530620483,40.72213668730099,68.362747941528,20.176662,19.602936,-2.9267385,No Alert,Low,Conditions are within expected range; continue routine monitoring.
COW00812,85,600.5,24.2,50.83252261691191,29.6308420520246,70.43503529646418,22.20526,22.04929,-0.707368,No Alert,Low,Conditions are within expected range; continue routine monitoring.
COW00813,42,622.7,25.2,51.2108916462095,27.723188232753493,94.8147008007556,22.19016,22.05677,-0.6047596,No Alert,Low,Conditions are within expected range; continue routine monitoring.
COW00814,96,560.1,31.6,64.87421229522563,41.62784673833932,55.72212540476327,21.477167,20.927183,-2.6280842,No Alert,Low,Conditions are within expected range; continue routine monitoring.
COW00815,102,304.9,20.3,54.38692651102463,29.523958006299782,95.0,19.726236,19.193642,-2.7748497,No Alert,Low,Conditions are within expected range; continue routine monitoring.
COW00816,16,447.8,28.4,49.27884751420724,27.723765307569444,80.30639253359509,18.225903,18.20755,-0.10079615,No Alert,Low,Conditions are within expected range; continue routine monitoring.
COW00817,23,700.9,24.1,49.09502839110799,27.91853727610741,76.63697897650962,21.67907,21.831062,0.69622266,No Alert,Low,Conditions are within expected range; continue routine monitoring.
COW00818,83,506.3,18.2,53.16072074875351,28.82326899928772,95.0,21.08091,20.778824,-1.453816,No Alert,Low,Conditions are within expected range; continue routine monitoring.
COW00819,119,391.3,15.0,60.51622558406259,41.3517127226049,40.94305812603712,19.768679,19.44207,-1.6799068,No Alert,Low,Conditions are within expected range; continue routine monitoring.
COW00820,14,648.8,25.1,75.68806123199295,43.844235705623774,82.23230145814033,21.392387,21.358284,-0.15967292,Heat Stress Alert,Medium,Moderate heat stress detected. Monitor cattle closely and provide ventilation and water access.
COW00821,83,551.1,19.4,57.79517343440987,31.47152767680564,95.0,21.589197,21.28723,-1.4185388,No Alert,Low,Conditions are within expected range; continue routine monitoring.
COW00822,26,638.4,26.5,61.13088594848441,40.08562008169983,49.29758301667823,22.159267,22.280556,0.5443684,No Alert,Low,Conditions are within expected range; continue routine monitoring.
COW00823,82,572.2,26.6,39.30022587362845,21.35547244321216,83.61542607697923,21.971138,21.737238,-1.076034,No Alert,Low,Conditions are within expected range; continue routine monitoring.
COW00824,79,586.7,22.2,71.9424552534706,39.13171643453404,98.0,22.243963,21.978394,-1.2083217,Heat Stress Alert,Medium,Moderate heat stress detected. Monitor cattle closely and provide ventilation and water access.
COW00825,21,579.0,23.7,57.79014074300753,33.62076779493998,75.40555435496742,20.370846,20.494974,0.6056526,No Alert,Low,Conditions are within expected range; continue routine monitoring.
COW00826,85,605.8,25.3,62.32619096916781,33.7293207691954,98.0,22.533897,22.37646,-0.7035889,No Alert,Low,Conditions are within expected range; continue routine monitoring.
COW00827,108,732.2,22.4,77.36256354615844,47.59301835604793,68.95470793227747,23.16703,23.066603,-0.43538108,Heat Stress Alert,Medium,Moderate heat stress detected. Monitor cattle closely and provide ventilation and water access.
COW00828,105,627.7,29.8,46.23661387405792,25.7882557005526,80.83774684800176,22.161299,22.011618,-0.6800095,No Alert,Low,Conditions are within expected range; continue routine monitoring.
COW00829,15,423.6,15.4,76.94955751221141,49.0,61.70392344569773,18.032187,18.238668,1.1321108,Heat Stress Alert,Medium,Moderate heat stress detected. Monitor cattle closely and provide ventilation and water access.
COW00830,38,585.7,31.6,73.57094150796667,40.04659635279026,98.0,21.840132,21.388666,-2.1107702,Heat Stress Alert,Medium,Moderate heat stress detected. Monitor cattle closely and provide ventilation and water access.
COW00831,38,641.3,14.6,88.51085892265473,48.43980838351389,98.0,22.226458,22.249584,0.10394173,Heat Stress Alert,High,"High heat stress detected. Consider active cooling, shading, and improved hydration measures."
COW00832,60,646.2,17.7,62.93930664228554,41.2659113236452,50.34847848792082,22.884699,22.75007,-0.5917709,No Alert,Low,Conditions are within expected range; continue routine monitoring.
COW00833,27,515.9,26.7,45.19564534502007,24.271797340011467,95.0,20.073725,20.018473,-0.27600545,No Alert,Low,Conditions are within expected range; continue routine monitoring.
COW00834,104,643.2,15.5,53.230851497870304,28.863343713068748,95.0,22.684958,22.570038,-0.5091691,No Alert,Low,Conditions are within expected range; continue routine monitoring.
COW00835,95,624.2,18.7,66.72289040868606,36.57308023353488,95.0,22.497307,22.352066,-0.64978683,No Alert,Low,Conditions are within expected range; continue routine monitoring.
COW00836,99,755.8,16.8,54.63618093673298,29.666389106704564,95.0,23.422667,23.28085,-0.60915774,No Alert,Low,Conditions are within expected range; continue routine monitoring.
COW00837,33,490.0,27.0,90.85786963151445,49.7583537255699,98.0,20.519924,20.018793,-2.503303,Health Risk Alert,Critical,"Critical heat stress or productivity decline detected. Consider emergency cooling, veterinary assessment, and hydration."
COW00838,13,509.4,24.4,54.80475366126092,32.41445570861705,69.23988876555867,19.444822,19.538258,0.4782171,No Alert,Low,Conditions are within expected range; continue routine monitoring.
COW00839,110,525.5,15.2,53.47666224074667,31.4728879144426,69.69150133720095,20.788445,20.53626,-1.2279934,No Alert,Low,Conditions are within expected range; continue routine monitoring.
COW00840,43,510.8,22.3,55.72578174743734,33.6835881775142,64.19402391024157,20.967339,20.611685,-1.7254958,No Alert,Low,Conditions are within expected range; continue routine monitoring.
COW00841,82,478.8,17.8,43.62545262894108,24.11993312487149,81.57984244514768,20.539389,20.24628,-1.4477128,No Alert,Low,Conditions are within expected range; continue routine monitoring.
COW00842,110,329.0,31.4,47.70906372043023,27.021949795225144,76.78293798883902,19.523104,19.148123,-1.9583169,No Alert,Low,Conditions are within expected range; continue routine monitoring.
COW00843,15,515.2,15.9,80.88538824324118,48.38395763401951,75.85409096149644,19.401157,19.589104,0.95944315,Heat Stress Alert,High,"High heat stress detected. Consider active cooling, shading, and improved hydration measures."
COW00844,12,579.5,24.8,75.55051294021649,45.59801289118206,72.67162401128114,20.240795,20.176613,-0.31810236,Heat Stress Alert,Medium,Moderate heat stress detected. Monitor cattle closely and provide ventilation and water access.
COW00845,12,510.5,22.7,56.64262565810085,31.084371732692933,92.15287526721208,19.363571,19.460976,0.5005118,No Alert,Low,Conditions are within expected range; continue routine monitoring.
COW00846,28,704.8,24.4,67.87507154307781,39.16172313964632,81.3582032144815,22.27474,22.34337,0.30716145,No Alert,Low,Conditions are within expected range; continue routine monitoring.
COW00847,17,551.1,31.2,54.30981063483115,29.479891791332086,95.0,19.92495,19.791122,-0.6761982,No Alert,Low,Conditions are within expected range; continue routine monitoring.
COW00848,100,653.3,20.1,53.77442740499837,34.35508480203264,49.56310464972222,22.782528,22.655853,-0.5591255,No Alert,Low,Conditions are within expected range; continue routine monitoring.
COW00849,77,570.9,27.5,58.03411077450043,32.78035699770276,83.83855209267256,22.083424,21.768139,-1.448377,No Alert,Low,Conditions are within expected range; continue routine monitoring.
COW00850,117,616.1,22.1,65.70492733771883,42.0,56.90191064390884,22.020466,21.89141,-0.58952355,No Alert,Low,Conditions are within expected range; continue routine monitoring.
COW00851,98,572.3,25.9,62.25462545480668,42.0,44.40081686524158,21.660936,21.382706,-1.3011949,No Alert,Low,Conditions are within expected range; continue routine monitoring.
COW00852,116,659.5,20.6,48.54840881317284,26.18766217895591,95.0,22.299776,22.22511,-0.33595777,No Alert,Low,Conditions are within expected range; continue routine monitoring.
COW00853,37,554.5,18.1,56.49906669362739,31.57362912787372,86.4125065286407,21.399427,21.090542,-1.4645692,No Alert,Low,Conditions are within expected range; continue routine monitoring.
COW00854,43,589.7,15.5,61.443876201323874,41.823851444888206,42.2435013137905,21.804607,21.641388,-0.75420046,No Alert,Low,Conditions are within expected range; continue routine monitoring.
COW00855,103,579.3,15.8,60.47268218394959,38.580669479024586,54.62274984647246,21.63817,21.41621,-1.0364115,No Alert,Low,Conditions are within expected range; continue routine monitoring.
COW00856,38,526.9,31.3,35.50556842521328,18.97941617502148,85.6448799431887,20.545889,20.231636,-1.5532745,No Alert,Low,Conditions are within expected range; continue routine monitoring.
COW00857,18,582.4,28.2,41.12099829429636,22.29578870221922,87.19036934949933,20.330145,20.471994,0.6928955,No Alert,Low,Conditions are within expected range; continue routine monitoring.
COW00858,84,728.8,18.4,79.15996156461136,49.0,68.09237446419468,23.26565,23.128513,-0.59293246,Heat Stress Alert,High,"High heat stress detected. Consider active cooling, shading, and improved hydration measures."
COW00859,98,528.4,23.5,64.50514636309319,35.92291727418687,89.98228398606041,21.175726,20.65617,-2.5152583,No Alert,Low,Conditions are within expected range; continue routine monitoring.
COW00860,116,583.6,26.9,54.48715252855092,29.58123001631481,95.0,21.516483,21.234728,-1.3268616,No Alert,Low,Conditions are within expected range; continue routine monitoring.
COW00861,112,650.6,20.3,46.47,25.0,95.0,22.322754,22.243477,-0.3564058,No Alert,Low,Conditions are within expected range; continue routine monitoring.
COW00862,24,641.2,21.9,37.92487489528505,20.117071368734315,95.0,21.891918,21.889187,-0.012477957,No Alert,Low,Conditions are within expected range; continue routine monitoring.
COW00863,95,550.9,26.9,39.10485851448195,21.62685707673702,74.76794954871296,21.34513,21.051046,-1.3970068,No Alert,Low,Conditions are within expected range; continue routine monitoring.
COW00864,103,359.3,18.1,69.95727078478747,41.63243750713615,74.36470119052612,19.707779,19.215773,-2.5604293,No Alert,Low,Conditions are within expected range; continue routine monitoring.
COW00865,87,591.3,23.5,61.95761664549404,34.58960689913013,88.58979382585478,22.225166,22.048328,-0.80204684,No Alert,Low,Conditions are within expected range; continue routine monitoring.
COW00866,100,372.4,17.8,42.760512232215504,22.974829664437987,93.07063595400504,19.786728,19.364048,-2.1828074,No Alert,Low,Conditions are within expected range; continue routine monitoring.
COW00867,102,667.6,14.1,37.08337726829801,19.93211161858564,85.63977555175856,22.756647,22.607857,-0.65813565,No Alert,Low,Conditions are within expected range; continue routine monitoring.
COW00868,60,563.6,26.4,72.2404707327479,42.29427967257317,78.88731041986954,21.862705,21.493086,-1.7197129,Heat Stress Alert,Medium,Moderate heat stress detected. Monitor cattle closely and provide ventilation and water access.
COW00869,16,630.0,26.7,76.04210444237162,47.89772028557993,63.65784904797591,21.25079,21.183216,-0.31899568,Heat Stress Alert,Medium,Moderate heat stress detected. Monitor cattle closely and provide ventilation and water access.
COW00870,61,477.8,31.9,39.88836506936636,21.312069323032507,93.15169321993324,20.285236,20.055157,-1.1472343,No Alert,Low,Conditions are within expected range; continue routine monitoring.
COW00871,33,425.8,17.3,75.01625415813487,42.71347196593942,86.3386751536187,19.325533,19.057858,-1.4045409,Heat Stress Alert,Medium,Moderate heat stress detected. Monitor cattle closely and provide ventilation and water access.
COW00872,24,570.9,27.3,39.02139837724346,21.918777063780723,67.64898976351954,20.93173,20.925718,-0.02873002,No Alert,Low,Conditions are within expected range; continue routine monitoring.
COW00873,25,547.3,31.1,58.2104643781726,36.237870982592725,58.7061238813873,20.410265,20.331627,-0.3867771,No Alert,Low,Conditions are within expected range; continue routine monitoring.
COW00874,87,510.7,25.6,51.85549684056164,28.07742676603522,95.0,21.099,20.668404,-2.0833602,No Alert,Low,Conditions are within expected range; continue routine monitoring.
COW00875,66,556.8,31.3,43.72097513749915,23.893040590933108,86.44798877812458,21.546253,21.304058,-1.1368498,No Alert,Low,Conditions are within expected range; continue routine monitoring.
COW00876,70,771.4,31.9,75.2783256401957,46.04935189069606,69.63442475457958,23.385927,23.32564,-0.2584601,Heat Stress Alert,Medium,Moderate heat stress detected. Monitor cattle closely and provide ventilation and water access.
COW00877,92,616.8,28.4,78.7078108454231,48.799672482144736,67.64039068041906,22.647795,22.408852,-1.066289,Heat Stress Alert,Medium,Moderate heat stress detected. Monitor cattle closely and provide ventilation and water access.
COW00878,71,634.0,32.0,56.03769285979841,30.46725306274195,95.0,22.431087,22.359348,-0.32084656,No Alert,Low,Conditions are within expected range; continue routine monitoring.
COW00879,80,617.5,25.3,43.70486343678425,24.35776875843425,78.51807588335927,22.668577,22.514135,-0.6859772,No Alert,Low,Conditions are within expected range; continue routine monitoring.
COW00880,21,668.4,22.9,70.44966935076218,43.29961494964888,67.16344638106992,21.377436,21.411304,0.15818182,Heat Stress Alert,Medium,Moderate heat stress detected. Monitor cattle closely and provide ventilation and water access.
COW00881,103,534.8,30.5,89.86597831244657,49.20111141148684,98.0,21.48759,20.594465,-4.336726,Heat Stress Alert,High,"High heat stress detected. Consider active cooling, shading, and improved hydration measures."
COW00882,60,385.6,29.0,44.09505981126598,24.738541964089148,76.45397452996693,19.757656,19.33728,-2.173914,No Alert,Low,Conditions are within expected range; continue routine monitoring.
COW00883,28,534.9,16.0,68.62466599653482,40.19236192951435,77.81674477030437,20.044771,20.079386,0.17238855,No Alert,Low,Conditions are within expected range; continue routine monitoring.
COW00884,99,614.9,19.4,62.741711421388906,41.95097549231586,46.390121580634776,22.32054,22.190859,-0.5843876,No Alert,Low,Conditions are within expected range; continue routine monitoring.
COW00885,91,472.4,18.7,64.61828076436498,42.0,52.96478537813397,20.468395,20.104422,-1.8104157,No Alert,Low,Conditions are within expected range; continue routine monitoring.
COW00886,17,535.9,29.4,84.67834324621572,50.96624934679075,75.2205770625396,19.608711,19.356083,-1.3051624,Heat Stress Alert,High,"High heat stress detected. Consider active cooling, shading, and improved hydration measures."
COW00887,32,494.7,18.2,63.961630742729376,42.0,50.58561863307746,20.36059,20.234495,-0.6231676,No Alert,Low,Conditions are within expected range; continue routine monitoring.
COW00888,13,670.2,19.5,61.78018348784831,42.0,42.681824231334446,21.223585,21.299908,0.3583234,No Alert,Low,Conditions are within expected range; continue routine monitoring.
COW00889,41,610.0,23.3,51.9104468966272,28.108826798072684,95.0,22.112053,21.927694,-0.8407569,No Alert,Low,Conditions are within expected range; continue routine monitoring.
COW00890,22,602.1,15.4,88.17058452718078,52.0,80.24091629569354,20.813953,21.078001,1.2527167,Heat Stress Alert,High,"High heat stress detected. Consider active cooling, shading, and improved hydration measures."
COW00891,88,599.7,31.3,47.78640893797599,27.19311446059789,75.28985532931377,22.030512,21.902588,-0.5840587,No Alert,Low,Conditions are within expected range; continue routine monitoring.
COW00892,68,547.0,22.8,63.47506376591255,41.22379089859188,52.55048065476464,21.634272,21.318647,-1.4805079,No Alert,Low,Conditions are within expected range; continue routine monitoring.
COW00893,117,565.8,17.4,59.42371436818944,40.05161265226925,42.81377703324432,21.209805,20.937592,-1.3001161,No Alert,Low,Conditions are within expected range; continue routine monitoring.
COW00894,92,455.2,18.9,38.24124707352787,21.095648137029023,74.14858819190573,19.947271,19.713655,-1.185046,No Alert,Low,Conditions are within expected range; continue routine monitoring.
COW00895,78,375.1,28.4,44.188721831112005,24.56416668028096,80.05957342941076,19.795406,19.311274,-2.5069954,No Alert,Low,Conditions are within expected range; continue routine monitoring.
COW00896,67,562.0,25.4,70.77765987208244,45.45627526962496,58.0,21.916586,21.58109,-1.5545784,Heat Stress Alert,Medium,Moderate heat stress detected. Monitor cattle closely and provide ventilation and water access.
COW00897,17,575.9,22.4,58.201684947036576,38.61184111535183,45.06973262696691,20.208767,20.287151,0.3863746,No Alert,Low,Conditions are within expected range; continue routine monitoring.
COW00898,19,646.7,20.0,63.386417606271166,42.0,48.50151306619987,21.341446,21.378092,0.17141797,No Alert,Low,Conditions are within expected range; continue routine monitoring.
COW00899,78,675.7,30.2,50.98120505923719,29.17756090045525,76.05555757531505,22.950317,22.812382,-0.6046525,No Alert,Low,Conditions are within expected range; continue routine monitoring.
COW00900,12,675.6,27.9,64.35011737294207,38.00484138519597,74.33324367004474,21.577831,21.48203,-0.44595596,No Alert,Low,Conditions are within expected range; continue routine monitoring.
COW00901,16,470.2,26.9,63.23046576519444,42.0,47.93647016374797,18.5221,18.615377,0.50107485,No Alert,Low,Conditions are within expected range; continue routine monitoring.
COW00902,35,521.8,22.0,57.15239236376375,35.069808801089,61.42555765790936,20.782873,20.440504,-1.6749542,No Alert,Low,Conditions are within expected range; continue routine monitoring.
COW00903,107,588.4,31.7,57.01418181897685,34.187603738869534,67.03236532792525,21.394072,21.193497,-0.9463982,No Alert,Low,Conditions are within expected range; continue routine monitoring.
COW00904,61,752.6,26.8,48.3962880303892,28.05614929772444,69.94188759931924,23.604637,23.510712,-0.3995008,No Alert,Low,Conditions are within expected range; continue routine monitoring.
COW00905,88,668.4,21.6,65.31284207953018,35.40721465142145,98.0,22.996399,22.852427,-0.63000923,No Alert,Low,Conditions are within expected range; continue routine monitoring.
COW00906,56,639.6,31.3,66.6784887115436,37.996118258864094,84.25790160202986,22.712824,22.532944,-0.7982985,No Alert,Low,Conditions are within expected range; continue routine monitoring.
COW00907,30,519.0,30.1,70.97958199427589,40.9720850206577,82.0481868878579,20.333054,19.917377,-2.0870023,Heat Stress Alert,Medium,Moderate heat stress detected. Monitor cattle closely and provide ventilation and water access.
COW00908,52,479.3,27.3,60.9297557050205,41.73495244356931,40.76024559825498,20.432104,20.029926,-2.0078847,No Alert,Low,Conditions are within expected range; continue routine monitoring.
COW00909,21,613.1,27.8,64.02681863288838,42.0,50.82180664089992,21.021967,21.174734,0.72145975,No Alert,Low,Conditions are within expected range; continue routine monitoring.
COW00910,95,461.9,21.6,47.52618379132426,25.998074153861687,89.04689115818596,20.104374,19.688457,-2.1124887,No Alert,Low,Conditions are within expected range; continue routine monitoring.
COW00911,31,530.9,23.1,56.8016027334683,30.903772990553318,95.0,20.297165,20.100197,-0.9799311,No Alert,Low,Conditions are within expected range; continue routine monitoring.
COW00912,52,540.8,17.4,71.708,39.0,98.0,21.33676,21.049051,-1.3668468,Heat Stress Alert,Medium,Moderate heat stress detected. Monitor cattle closely and provide ventilation and water access.
COW00913,117,677.4,24.7,50.79377445079689,29.8725340496925,67.83470100847173,22.425114,22.318123,-0.47938985,No Alert,Low,Conditions are within expected range; continue routine monitoring.
COW00914,75,521.6,20.7,59.8353149246067,38.22439021823227,53.96067908668918,21.146948,20.879147,-1.2826257,No Alert,Low,Conditions are within expected range; continue routine monitoring.
COW00915,61,354.9,20.3,49.95085720850013,30.65585180172964,55.525701619376434,19.581444,19.255562,-1.6924043,No Alert,Low,Conditions are within expected range; continue routine monitoring.
COW00916,70,590.4,31.1,55.68515923521706,33.47732534597691,65.54010445218033,22.237707,22.053482,-0.835356,No Alert,Low,Conditions are within expected range; continue routine monitoring.
COW00917,96,494.1,17.0,64.935949930276,41.198626273805104,58.126296296232304,20.837595,20.59648,-1.170664,No Alert,Low,Conditions are within expected range; continue routine monitoring.
COW00918,39,553.4,28.9,62.09649452375262,39.147677459645344,58.09980584837638,21.413214,21.078642,-1.5872552,No Alert,Low,Conditions are within expected range; continue routine monitoring.
COW00919,80,543.1,19.1,55.90222772634948,30.614712456667316,92.57307399764274,21.483963,21.156858,-1.5460924,No Alert,Low,Conditions are within expected range; continue routine monitoring.
COW00920,106,528.1,14.5,55.81223302035882,36.33592852049743,47.153190685754105,20.80696,20.583797,-1.084162,No Alert,Low,Conditions are within expected range; continue routine monitoring.
COW00921,73,613.2,14.7,67.38726111547302,36.572618604198325,98.0,22.579231,22.375141,-0.91212887,No Alert,Low,Conditions are within expected range; continue routine monitoring.
COW00922,60,427.4,21.7,34.33470678258848,18.35241009989769,82.29861326269072,20.28283,19.76359,-2.6272526,No Alert,Low,Conditions are within expected range; continue routine monitoring.
COW00923,27,508.6,22.2,43.39774967103487,24.911569542101148,67.24489629301387,20.048704,19.9538,-0.4756184,No Alert,Low,Conditions are within expected range; continue routine monitoring.
COW00924,38,604.7,19.8,94.848,52.0,98.0,21.90084,21.828104,-0.3332252,Health Risk Alert,Critical,"Critical heat stress or productivity decline detected. Consider emergency cooling, veterinary assessment, and hydration."
COW00925,114,500.9,26.0,80.29647383757208,47.773221208339095,76.94161948168363,21.082382,20.427624,-3.20526,Heat Stress Alert,High,"High heat stress detected. Consider active cooling, shading, and improved hydration measures."
COW00926,70,421.3,22.7,63.64915904742244,41.51450321465571,51.7713946833826,20.10404,19.527023,-2.9549656,No Alert,Low,Conditions are within expected range; continue routine monitoring.
COW00927,44,603.5,15.3,35.34235851010418,18.896360364501028,85.074814036349,22.00571,21.754318,-1.1555976,No Alert,Low,Conditions are within expected range; continue routine monitoring.
COW00928,57,639.8,20.3,62.5144838648958,34.88985807343515,88.83710829479644,22.827074,22.709534,-0.5175816,No Alert,Low,Conditions are within expected range; continue routine monitoring.
COW00929,74,546.4,15.8,34.22,18.0,95.0,21.826717,21.341614,-2.2730408,No Alert,Low,Conditions are within expected range; continue routine monitoring.
COW00930,70,393.1,15.1,91.79174291802588,52.0,89.87165669687732,19.951046,19.640554,-1.5808697,Health Risk Alert,Critical,"Critical heat stress or productivity decline detected. Consider emergency cooling, veterinary assessment, and hydration."
COW00931,87,606.5,17.7,53.1974645213869,33.86715524153822,49.84673008335023,22.421085,22.314777,-0.47640172,No Alert,Low,Conditions are within expected range; continue routine monitoring.
COW00932,39,417.2,26.6,54.9702540177362,34.00097517747014,58.00463381448721,19.38185,18.911087,-2.4893453,No Alert,Low,Conditions are within expected range; continue routine monitoring.
COW00933,82,574.7,26.5,52.89860326907884,28.673487582330768,95.0,22.092112,21.803017,-1.32594,No Alert,Low,Conditions are within expected range; continue routine monitoring.
COW00934,59,479.0,29.5,46.80664526475924,25.499043179139974,90.16462554407948,20.585772,20.155344,-2.1355505,No Alert,Low,Conditions are within expected range; continue routine monitoring.
COW00935,113,457.2,27.6,61.04,42.0,40.0,20.128454,19.64607,-2.45537,No Alert,Low,Conditions are within expected range; continue routine monitoring.
COW00936,29,514.6,23.6,51.57713503206684,29.01010423235672,81.92310921145811,20.074095,20.005352,-0.34362182,No Alert,Low,Conditions are within expected range; continue routine monitoring.
COW00937,28,535.3,19.6,74.75816203944186,45.67807402874119,69.74758994560409,20.013035,20.037422,0.12170906,Heat Stress Alert,Medium,Moderate heat stress detected. Monitor cattle closely and provide ventilation and water access.
COW00938,61,498.5,14.1,52.70303978940895,28.5617370225194,95.0,21.253536,20.93793,-1.5073462,No Alert,Low,Conditions are within expected range; continue routine monitoring.
COW00939,66,597.1,25.6,56.849096710329285,36.09936643505234,53.31770214082523,22.289137,22.139194,-0.67727125,No Alert,Low,Conditions are within expected range; continue routine monitoring.
COW00940,86,514.3,19.2,57.76511493988024,38.31923389165672,44.77454367922096,20.991278,20.714216,-1.3375425,No Alert,Low,Conditions are within expected range; continue routine monitoring.
COW00941,55,628.4,18.5,34.391841059375764,18.48817896815154,78.30620698834015,22.673027,22.374794,-1.3328973,No Alert,Low,Conditions are within expected range; continue routine monitoring.
COW00942,110,572.5,31.5,64.40232648695326,42.0,52.18234234403354,21.546463,21.055971,-2.3294668,No Alert,Low,Conditions are within expected range; continue routine monitoring.
COW00943,63,494.2,17.1,52.80155840172905,33.41153475884862,50.87611661729895,21.098015,20.891151,-0.9901963,No Alert,Low,Conditions are within expected range; continue routine monitoring.
COW00944,25,480.7,14.6,71.69783425966841,42.50512463819072,75.76459746483667,19.322037,19.396076,0.3817239,Heat Stress Alert,Medium,Moderate heat stress detected. Monitor cattle closely and provide ventilation and water access.
COW00945,24,418.2,31.1,57.65442473250672,38.08974030134896,45.516043461285086,18.45989,18.317625,-0.7766581,No Alert,Low,Conditions are within expected range; continue routine monitoring.
COW00946,117,573.3,19.5,40.168452036549056,21.624325392754937,89.54457849908958,21.384066,21.091043,-1.3893204,No Alert,Low,Conditions are within expected range; continue routine monitoring.
COW00947,26,521.6,21.1,51.52823656899724,28.05010939500508,92.95272796594648,19.933702,19.943808,0.050668024,No Alert,Low,Conditions are within expected range; continue routine monitoring.
COW00948,114,360.2,15.5,63.55478533383597,34.762734476477696,95.0,19.599354,19.162415,-2.2801888,No Alert,Low,Conditions are within expected range; continue routine monitoring.
COW00949,42,507.1,21.3,63.89013721512922,41.31446251976997,53.646128689017736,20.946928,20.683504,-1.2735943,No Alert,Low,Conditions are within expected range; continue routine monitoring.
COW00950,22,477.9,31.5,55.46238904297052,32.82697538138246,69.46776925093059,18.945456,18.886469,-0.31232235,No Alert,Low,Conditions are within expected range; continue routine monitoring.
COW00951,44,676.1,26.5,59.37100876791914,39.73251846549435,44.15271229648503,22.632055,22.619846,-0.053974453,No Alert,Low,Conditions are within expected range; continue routine monitoring.
COW00952,78,413.8,22.5,91.64680876491052,52.0,89.4861935236982,19.97796,19.519388,-2.3493173,Health Risk Alert,Critical,"Critical heat stress or productivity decline detected. Consider emergency cooling, veterinary assessment, and hydration."
COW00953,58,434.7,19.5,57.40427778060056,37.42079473839446,48.076715489870544,20.175913,19.841497,-1.6854345,No Alert,Low,Conditions are within expected range; continue routine monitoring.
COW00954,96,638.8,20.6,59.03313885856895,32.98463858278468,87.41320375952674,22.929249,22.79815,-0.57504535,No Alert,Low,Conditions are within expected range; continue routine monitoring.
COW00955,77,658.5,25.0,55.96358370970818,30.424904976976105,95.0,22.854753,22.766466,-0.3877956,No Alert,Low,Conditions are within expected range; continue routine monitoring.
COW00956,55,490.4,18.6,59.92724878272141,32.38160043973113,98.0,20.981516,20.778461,-0.97723514,No Alert,Low,Conditions are within expected range; continue routine monitoring.
COW00957,80,499.4,16.7,45.09442510606405,26.35746709091157,63.629290179002055,21.086,20.76649,-1.5385821,No Alert,Low,Conditions are within expected range; continue routine monitoring.
COW00958,116,599.3,26.5,46.91697036466013,27.59641002013789,63.955593496037984,21.79559,21.633984,-0.7469999,No Alert,Low,Conditions are within expected range; continue routine monitoring.
COW00959,56,363.8,29.7,39.059981326579695,22.173993019583406,63.2980618649522,19.070412,19.073294,0.015110153,No Alert,Low,Conditions are within expected range; continue routine monitoring.
COW00960,28,401.1,30.2,45.58836958079223,25.57128925212744,78.15873335682801,18.799694,18.592018,-1.1170167,No Alert,Low,Conditions are within expected range; continue routine monitoring.
COW00961,56,527.5,29.1,74.76420035410052,44.39887264482688,76.15320251769035,21.278992,20.681316,-2.8899288,Heat Stress Alert,Medium,Moderate heat stress detected. Monitor cattle closely and provide ventilation and water access.
COW00962,102,674.0,23.6,66.79304951053975,41.3584013513174,64.19641952782229,22.984003,22.800291,-0.8057441,No Alert,Low,Conditions are within expected range; continue routine monitoring.
COW00963,35,515.1,28.2,54.88878048027944,34.7641719153413,52.43249267583808,20.652979,20.313236,-1.6725186,No Alert,Low,Conditions are within expected range; continue routine monitoring.
COW00964,114,558.1,30.7,55.78012935499153,33.38083105823335,66.78034523101977,21.335632,20.932144,-1.9276007,No Alert,Low,Conditions are within expected range; continue routine monitoring.
COW00965,75,640.7,14.4,50.280201789076735,30.507286823071496,58.82041112627851,22.771036,22.679861,-0.40200898,No Alert,Low,Conditions are within expected range; continue routine monitoring.
COW00966,76,718.6,21.4,49.1550750984077,29.03329291497661,65.11480923527763,23.190487,23.062727,-0.5539672,No Alert,Low,Conditions are within expected range; continue routine monitoring.
COW00967,46,503.9,17.7,76.45130712648808,49.0,60.26389342915627,21.09361,20.741909,-1.6956093,Heat Stress Alert,Medium,Moderate heat stress detected. Monitor cattle closely and provide ventilation and water access.
COW00968,111,548.7,31.9,92.29634250935774,50.56648455581895,98.0,21.271626,20.618929,-3.1655214,Health Risk Alert,Critical,"Critical heat stress or productivity decline detected. Consider emergency cooling, veterinary assessment, and hydration."
COW00969,15,695.8,30.7,81.75510607308689,51.05415786012282,66.87312222130127,21.705853,21.580215,-0.5821863,Heat Stress Alert,High,"High heat stress detected. Consider active cooling, shading, and improved hydration measures."
COW00970,44,428.2,28.4,77.52311104137343,48.30465898634117,66.30175475693923,19.683949,19.148872,-2.7942958,Heat Stress Alert,Medium,Moderate heat stress detected. Monitor cattle closely and provide ventilation and water access.
COW00971,57,632.2,19.3,47.25152911596141,28.37267429595932,58.35239200810529,22.48615,22.424137,-0.27654856,No Alert,Low,Conditions are within expected range; continue routine monitoring.
COW00972,63,468.5,31.1,65.76041726735752,42.0,57.10296111361421,20.512466,19.933363,-2.9051971,No Alert,Low,Conditions are within expected range; continue routine monitoring.
COW00973,63,558.2,14.5,38.012927311784125,21.026058115542927,72.32174447895156,21.793581,21.53214,-1.2141862,No Alert,Low,Conditions are within expected range; continue routine monitoring.
COW00974,27,530.6,17.4,57.8327168699327,37.78386661887912,47.92031941279751,20.05591,20.116564,0.30151117,No Alert,Low,Conditions are within expected range; continue routine monitoring.
COW00975,36,473.4,25.1,52.23153781389664,28.29230732222665,95.0,20.021523,19.633501,-1.9763234,No Alert,Low,Conditions are within expected range; continue routine monitoring.
COW00976,22,471.4,28.3,65.7622179123932,36.06502968863212,94.66958714692836,18.890291,18.744537,-0.77758044,No Alert,Low,Conditions are within expected range; continue routine monitoring.
COW00977,73,572.1,29.9,81.37979667396601,48.58106423995768,76.40179105796092,22.219858,21.729605,-2.2561545,Heat Stress Alert,High,"High heat stress detected. Consider active cooling, shading, and improved hydration measures."
COW00978,49,629.6,19.4,76.01672294252046,43.318050411038186,86.32076595371609,22.28746,22.116577,-0.7726475,Heat Stress Alert,Medium,Moderate heat stress detected. Monitor cattle closely and provide ventilation and water access.
COW00979,73,539.6,21.0,76.20898717125456,46.743859012831344,69.29878080441028,21.464193,21.129248,-1.585223,Heat Stress Alert,Medium,Moderate heat stress detected. Monitor cattle closely and provide ventilation and water access.
COW00980,75,555.6,22.2,61.28562246343581,33.46606997910618,95.0,21.821959,21.4885,-1.5517972,No Alert,Low,Conditions are within expected range; continue routine monitoring.
COW00981,87,595.7,14.5,46.47,25.0,95.0,22.341158,22.13308,-0.940124,No Alert,Low,Conditions are within expected range; continue routine monitoring.
COW00982,71,472.3,29.6,49.41465542103926,26.68266024059386,95.0,20.512785,20.013626,-2.494095,No Alert,Low,Conditions are within expected range; continue routine monitoring.
COW00983,81,609.2,20.1,53.381220329925206,32.357260446383535,61.7878880018857,22.556814,22.372715,-0.8228738,No Alert,Low,Conditions are within expected range; continue routine monitoring.
COW00984,75,615.5,17.6,72.42064160880051,45.09681865426529,64.96825260625886,22.572927,22.442724,-0.58015794,Heat Stress Alert,Medium,Moderate heat stress detected. Monitor cattle closely and provide ventilation and water access.
COW00985,82,758.3,21.4,47.11190853181499,26.700826610056847,76.02129141568562,23.384132,23.240622,-0.6174999,No Alert,Low,Conditions are within expected range; continue routine monitoring.
COW00986,78,519.9,26.8,60.70958542092928,41.45348110366528,41.2028326235874,21.207418,20.843811,-1.7444382,No Alert,Low,Conditions are within expected range; continue routine monitoring.
COW00987,46,513.4,29.7,74.90087612765117,42.51351801430231,87.11133805363808,21.25211,20.588766,-3.2218707,Heat Stress Alert,Medium,Moderate heat stress detected. Monitor cattle closely and provide ventilation and water access.
COW00988,38,611.5,17.9,57.91996598999088,39.28193183197886,40.56927971900556,22.094767,21.941809,-0.69710714,No Alert,Low,Conditions are within expected range; continue routine monitoring.
COW00989,97,615.5,17.1,33.948056030273975,18.0,87.44600084094375,22.580698,22.287733,-1.3144672,No Alert,Low,Conditions are within expected range; continue routine monitoring.
COW00990,49,507.2,31.0,46.98071534529521,25.67147522605061,89.10577331742806,20.961771,20.55155,-1.9960592,No Alert,Low,Conditions are within expected range; continue routine monitoring.
COW00991,71,517.7,23.9,50.73595958900923,27.43769119371956,95.0,21.235075,20.865002,-1.7736558,No Alert,Low,Conditions are within expected range; continue routine monitoring.
COW00992,33,593.3,20.6,42.68360900341452,23.468447542737543,82.80194524847792,21.720737,21.55883,-0.7510018,No Alert,Low,Conditions are within expected range; continue routine monitoring.
COW00993,58,483.8,17.6,61.04,42.0,40.0,20.733213,20.551176,-0.88577586,No Alert,Low,Conditions are within expected range; continue routine monitoring.
COW00994,69,517.2,31.9,39.73023849080506,21.95819690069139,76.25735404861848,20.899906,20.662052,-1.1511635,No Alert,Low,Conditions are within expected range; continue routine monitoring.
COW00995,79,557.2,26.9,63.93330931628251,37.999600269493605,72.6013530103545,21.885448,21.519655,-1.6998099,No Alert,Low,Conditions are within expected range; continue routine monitoring.
COW00996,68,629.7,17.9,51.11565243659545,27.6546585351974,95.0,22.570354,22.479195,-0.40552974,No Alert,Low,Conditions are within expected range; continue routine monitoring.
COW00997,50,501.6,15.6,73.4287921662652,42.18786789708117,83.77216249486142,21.070263,20.755226,-1.5178672,Heat Stress Alert,Medium,Moderate heat stress detected. Monitor cattle closely and provide ventilation and water access.
COW00998,115,402.6,17.6,71.79862902739035,40.015882431494376,91.29462217332078,20.043987,19.470924,-2.9431725,Heat Stress Alert,Medium,Moderate heat stress detected. Monitor cattle closely and provide ventilation and water access.
COW00999,67,396.7,18.5,77.95386221805288,49.0,64.60653820246495,20.063028,19.644323,-2.13143,Heat Stress Alert,Medium,Moderate heat stress detected. Monitor cattle closely and provide ventilation and water access.
COW01000,99,449.2,16.0,61.87113276795007,38.60312735684074,60.27580926790507,19.885052,19.556025,-1.682485,No Alert,Low,Conditions are within expected range; continue routine monitoring.
COW01001,91,444.9,18.1,88.95550312488072,49.189378763866216,95.44292336796453,19.929344,19.636084,-1.493478,Heat Stress Alert,High,"High heat stress detected. Consider active cooling, shading, and improved hydration measures."
COW01002,72,537.6,16.1,75.3095795726355,46.65360795086243,66.9279952953863,21.282785,21.015247,-1.2730665,Heat Stress Alert,Medium,Moderate heat stress detected. Monitor cattle closely and provide ventilation and water access.
COW01003,107,454.9,20.8,77.4532182489035,49.0,63.15959031474998,19.96659,19.599335,-1.8738196,Heat Stress Alert,Medium,Moderate heat stress detected. Monitor cattle closely and provide ventilation and water access.
COW01004,25,493.8,22.8,44.33733092030611,24.631092459892702,80.4650821470367,19.706747,19.682093,-0.12526305,No Alert,Low,Conditions are within expected range; continue routine monitoring.
COW01005,111,488.1,22.2,59.40009878508046,38.1342651309772,52.63565824076704,20.742008,20.310013,-2.127007,No Alert,Low,Conditions are within expected range; continue routine monitoring.
COW01006,103,514.8,28.9,53.32673011313481,30.54892488240453,77.3276877448192,20.948547,20.488758,-2.244105,No Alert,Low,Conditions are within expected range; continue routine monitoring.
COW01007,66,655.8,18.6,60.9400714322112,41.34190860782483,42.56025329482807,22.808481,22.733656,-0.32913882,No Alert,Low,Conditions are within expected range; continue routine monitoring.
COW01008,91,603.0,30.0,49.28349239486292,26.60770993992167,95.0,22.353884,22.158703,-0.8808318,No Alert,Low,Conditions are within expected range; continue routine monitoring.
COW01009,68,551.3,30.3,65.39781554093233,38.30005579499696,76.81057760868339,21.673794,21.214876,-2.1631877,No Alert,Low,Conditions are within expected range; continue routine monitoring.
COW01010,41,513.1,31.3,44.3933146673082,24.19210591653247,88.23056049154383,20.638254,20.334442,-1.494076,No Alert,Low,Conditions are within expected range; continue routine monitoring.
COW01011,98,515.3,17.3,64.98466226689672,35.57980700965527,95.0,21.101961,20.746239,-1.7146357,No Alert,Low,Conditions are within expected range; continue routine monitoring.
COW01012,38,576.2,18.4,55.82540544006431,32.88608613802843,70.95356167717424,21.722376,21.458773,-1.228417,No Alert,Low,Conditions are within expected range; continue routine monitoring.
COW01013,45,596.7,25.2,56.79195384537845,31.79030645233791,86.02326085804528,21.922049,21.770245,-0.69730026,No Alert,Low,Conditions are within expected range; continue routine monitoring.
COW01014,68,477.4,16.5,68.73632960070178,41.30870684249079,71.68447090236921,20.653831,20.371984,-1.383503,No Alert,Low,Conditions are within expected range; continue routine monitoring.
COW01015,102,552.9,15.5,88.4765406466654,52.0,81.05462937942924,21.477081,21.107542,-1.750745,Heat Stress Alert,High,"High heat stress detected. Consider active cooling, shading, and improved hydration measures."
COW01016,53,387.5,15.3,77.69476337675896,42.363350211662336,98.0,19.996407,19.712036,-1.4426233,Heat Stress Alert,Medium,Moderate heat stress detected. Monitor cattle closely and provide ventilation and water access.
COW01017,65,566.9,24.9,37.93902283050001,20.12515590314286,95.0,21.850613,21.567995,-1.3103563,No Alert,Low,Conditions are within expected range; continue routine monitoring.
COW01018,16,611.0,28.5,68.72743353778611,41.05410791423908,73.09997869403871,21.073114,20.95507,-0.563319,No Alert,Low,Conditions are within expected range; continue routine monitoring.
COW01019,24,527.6,18.7,57.13718713737866,34.362501983578184,66.36034682132373,19.765152,19.800123,0.17662132,No Alert,Low,Conditions are within expected range; continue routine monitoring.
COW01020,18,695.3,30.8,55.61118638662161,30.22353507806949,95.0,21.406557,21.559345,0.7086865,No Alert,Low,Conditions are within expected range; continue routine monitoring.
COW01021,19,479.5,28.3,38.14722301534864,20.477917348144533,88.26854380424909,18.696146,18.750278,0.28870216,No Alert,Low,Conditions are within expected range; continue routine monitoring.
COW01022,105,567.4,15.4,43.10841088354037,24.635888976461928,68.38389629339551,21.506626,21.230206,-1.3020157,No Alert,Low,Conditions are within expected range; continue routine monitoring.
COW01023,102,547.1,21.3,46.49738283805871,26.802519461737063,69.78716941643734,21.363623,21.050117,-1.4893274,No Alert,Low,Conditions are within expected range; continue routine monitoring.
COW01024,100,542.0,15.2,45.97192138476469,25.03113398210077,89.80240692251662,21.305426,20.92037,-1.8405771,No Alert,Low,Conditions are within expected range; continue routine monitoring.
COW01025,18,540.9,30.5,73.02053207568012,46.53131916292015,60.36315112678776,19.81414,19.610247,-1.0397302,Heat Stress Alert,Medium,Moderate heat stress detected. Monitor cattle closely and provide ventilation and water access.
COW01026,20,558.6,27.4,44.52191905922518,25.21735197541387,73.47489012984619,20.280521,20.412186,0.6450278,No Alert,Low,Conditions are within expected range; continue routine monitoring.
COW01027,42,617.8,26.4,75.668,49.0,58.0,22.385447,22.114159,-1.2267612,Heat Stress Alert,Medium,Moderate heat stress detected. Monitor cattle closely and provide ventilation and water access.
COW01028,73,660.2,26.3,45.50556098913155,24.44889199378946,95.0,22.956398,22.85788,-0.431004,No Alert,Low,Conditions are within expected range; continue routine monitoring.
COW01029,48,549.8,19.1,75.71241485352346,45.925434928268906,71.59954164714131,21.44099,21.11806,-1.5291712,Heat Stress Alert,Medium,Moderate heat stress detected. Monitor cattle closely and provide ventilation and water access.
COW01030,64,615.2,30.8,60.0227051618521,32.74440294962977,95.0,22.609627,22.417904,-0.8552221,No Alert,Low,Conditions are within expected range; continue routine monitoring.
COW01031,30,493.9,30.6,37.50240421673762,19.8756595524215,95.0,20.230623,19.877623,-1.7758695,No Alert,Low,Conditions are within expected range; continue routine monitoring.
COW01032,90,611.3,27.3,62.944513021643566,35.18161120942364,88.53608061804825,22.547249,22.374102,-0.7738733,No Alert,Low,Conditions are within expected range; continue routine monitoring.
COW01033,45,489.0,22.4,41.152475059042295,22.26279215282216,88.2923165442293,20.944418,20.645126,-1.4496962,No Alert,Low,Conditions are within expected range; continue routine monitoring.
COW01034,19,637.3,14.8,66.10441793134606,40.3112064921876,67.3664221033433,21.209047,21.183939,-0.11852535,No Alert,Low,Conditions are within expected range; continue routine monitoring.
COW01035,92,726.9,14.5,38.99176030116145,20.726720172092257,95.0,23.144892,23.009003,-0.5905908,No Alert,Low,Conditions are within expected range; continue routine monitoring.
COW01036,109,540.2,16.5,58.74429234540208,37.12767831702877,55.62446597243017,20.943419,20.66018,-1.3709434,No Alert,Low,Conditions are within expected range; continue routine monitoring.
COW01037,13,374.6,24.7,52.536900710012574,32.40103675674563,56.75268287415579,17.68415,17.617334,-0.3792647,No Alert,Low,Conditions are within expected range; continue routine monitoring.
COW01038,59,506.2,28.4,75.10322307367738,42.83079149517194,85.95817630223186,21.308376,20.674814,-3.064415,Heat Stress Alert,Medium,Moderate heat stress detected. Monitor cattle closely and provide ventilation and water access.
COW01039,101,648.6,31.1,73.88895428203614,46.57916490699635,62.85316109008666,22.801264,22.556002,-1.0873476,Heat Stress Alert,Medium,Moderate heat stress detected. Monitor cattle closely and provide ventilation and water access.
COW01040,88,594.2,17.2,80.43575658456936,49.0,71.7796433080039,22.219755,22.065899,-0.6972582,Heat Stress Alert,High,"High heat stress detected. Consider active cooling, shading, and improved hydration measures."
COW01041,104,569.9,19.0,49.64468086604148,26.8141033520237,95.0,21.586246,21.299406,-1.3467063,No Alert,Low,Conditions are within expected range; continue routine monitoring.
COW01042,56,630.7,15.0,41.42025303563777,23.13613124756358,74.53354182840218,22.46353,22.38194,-0.36452937,No Alert,Low,Conditions are within expected range; continue routine monitoring.
COW01043,52,588.8,31.8,55.07147347225384,29.91512769843077,95.0,21.675978,21.557703,-0.54864234,No Alert,Low,Conditions are within expected range; continue routine monitoring.
COW01044,88,647.4,28.1,94.848,52.0,98.0,22.954636,22.810009,-0.63404894,Health Risk Alert,Critical,"Critical heat stress or productivity decline detected. Consider emergency cooling, veterinary assessment, and hydration."
COW01045,28,623.6,22.7,82.52267796181974,49.0,77.81120798213794,21.806152,21.75281,-0.24522266,Heat Stress Alert,High,"High heat stress detected. Consider active cooling, shading, and improved hydration measures."
COW01046,37,671.7,24.4,61.04,42.0,40.0,22.463224,22.442636,-0.09173575,No Alert,Low,Conditions are within expected range; continue routine monitoring.
COW01047,76,578.7,24.1,52.68379797148096,28.55074169798912,95.0,22.09676,21.852297,-1.1187061,No Alert,Low,Conditions are within expected range; continue routine monitoring.
COW01048,84,622.4,18.6,53.71302392241056,29.138870812806037,95.0,22.557001,22.438622,-0.5275707,No Alert,Low,Conditions are within expected range; continue routine monitoring.
COW01049,24,525.4,17.3,60.498803067844015,40.92506050013779,42.82272859537788,19.8023,19.846235,0.2213809,No Alert,Low,Conditions are within expected range; continue routine monitoring.
COW01050,66,501.9,19.3,46.47,25.0,95.0,21.151602,20.88631,-1.270168,No Alert,Low,Conditions are within expected range; continue routine monitoring.
COW01051,51,686.5,18.4,55.70091821258436,36.625445595168905,44.99600106385737,22.627913,22.554955,-0.3234677,No Alert,Low,Conditions are within expected range; continue routine monitoring.
COW01052,66,567.3,24.0,75.57877193893572,46.99938748935765,66.19529877515133,21.88817,21.557674,-1.5330774,Heat Stress Alert,Medium,Moderate heat stress detected. Monitor cattle closely and provide ventilation and water access.
COW01053,115,614.4,19.5,54.81567502231322,36.09113186464623,43.993875424037824,22.061201,21.931816,-0.589942,No Alert,Low,Conditions are within expected range; continue routine monitoring.
COW01054,20,559.9,27.1,86.36087553807005,52.0,75.42786047359058,20.474287,20.429197,-0.22071216,Heat Stress Alert,High,"High heat stress detected. Consider active cooling, shading, and improved hydration measures."
COW01055,119,503.1,24.2,45.4950965690516,25.17514252991185,83.10778739365203,20.75965,20.392906,-1.7983856,No Alert,Low,Conditions are within expected range; continue routine monitoring.
COW01056,60,550.9,23.6,40.545249018800334,22.707625746909464,71.97180763104403,21.46457,21.204817,-1.2249682,No Alert,Low,Conditions are within expected range; continue routine monitoring.
COW01057,95,664.9,31.1,83.68260037438822,52.0,68.3047882297559,23.067614,22.785917,-1.2362738,Heat Stress Alert,High,"High heat stress detected. Consider active cooling, shading, and improved hydration measures."
COW01058,57,594.4,19.8,44.806159481873415,25.27540114032909,75.2693023823711,22.12378,21.984962,-0.6314172,No Alert,Low,Conditions are within expected range; continue routine monitoring.
COW01059,45,413.1,25.4,37.23684660370895,19.98504527608461,86.81774530287258,19.440632,19.199715,-1.2547958,No Alert,Low,Conditions are within expected range; continue routine monitoring.
COW01060,95,532.8,14.0,45.768114026367705,25.98078761427751,74.11830888223398,21.173355,20.823687,-1.6791863,No Alert,Low,Conditions are within expected range; continue routine monitoring.
COW01061,86,692.6,27.3,47.33812111239166,26.118345957761612,85.70701345039332,23.118853,23.00672,-0.48739251,No Alert,Low,Conditions are within expected range; continue routine monitoring.
COW01062,27,532.9,23.0,61.65815635854906,39.95807597228888,52.00585362970734,20.057005,20.03454,-0.11213011,No Alert,Low,Conditions are within expected range; continue routine monitoring.
COW01063,88,406.0,17.8,61.4768083126126,33.57531903577863,95.0,20.037142,19.53869,-2.5510983,No Alert,Low,Conditions are within expected range; continue routine monitoring.
COW01064,93,701.4,14.0,73.65814389600503,47.2207323464456,59.35747506547746,23.142813,22.899263,-1.0635685,Heat Stress Alert,Medium,Moderate heat stress detected. Monitor cattle closely and provide ventilation and water access.
COW01065,53,604.6,26.7,47.940720379506935,27.63736655238344,71.243982708193,22.22277,22.06369,-0.7210059,No Alert,Low,Conditions are within expected range; continue routine monitoring.
COW01066,111,544.4,25.9,68.94331271188295,40.80593150836359,75.35643080377443,21.303286,20.88073,-2.0236645,No Alert,Low,Conditions are within expected range; continue routine monitoring.
COW01067,81,520.3,26.0,40.05798777899499,22.036372382646643,78.9496579105819,21.148237,20.83733,-1.4920691,No Alert,Low,Conditions are within expected range; continue routine monitoring.
COW01068,48,636.6,21.9,71.95624808665482,42.45625245724852,76.9569854482749,22.542025,22.318207,-1.0028486,Heat Stress Alert,Medium,Moderate heat stress detected. Monitor cattle closely and provide ventilation and water access.
COW01069,13,506.6,25.5,59.13649404595014,38.3646707145781,50.2604755881775,19.54581,19.652048,0.5405921,No Alert,Low,Conditions are within expected range; continue routine monitoring.
COW01070,84,641.9,24.3,53.62160405375975,30.28490713239958,81.79889400384081,22.939554,22.822605,-0.5124265,No Alert,Low,Conditions are within expected range; continue routine monitoring.
COW01071,34,593.4,18.3,50.20082893410768,28.59329818837186,76.98133470035657,21.80263,21.60422,-0.91838557,No Alert,Low,Conditions are within expected range; continue routine monitoring.
COW01072,93,569.6,23.3,56.17853745460371,34.003198228873664,64.15268939627181,21.687384,21.406332,-1.3129369,No Alert,Low,Conditions are within expected range; continue routine monitoring.
COW01073,68,561.6,23.3,58.53961946132974,33.015179546147195,84.4873711017583,21.855717,21.547806,-1.4289665,No Alert,Low,Conditions are within expected range; continue routine monitoring.
COW01074,62,536.0,28.8,56.77732911664293,31.033349360797835,93.4907894416928,21.228022,20.772638,-2.1922266,No Alert,Low,Conditions are within expected range; continue routine monitoring.
COW01075,29,633.7,21.8,58.08481372108148,38.39311294685277,45.72280132177787,21.717897,21.852348,0.61526984,No Alert,Low,Conditions are within expected range; continue routine monitoring.
COW01076,88,480.8,21.8,54.32982280624216,31.71520099132025,72.52391710313296,20.548094,20.18289,-1.8094726,No Alert,Low,Conditions are within expected range; continue routine monitoring.
COW01077,29,420.2,31.7,53.4356090542091,32.974840928553554,57.366501023360485,18.654816,18.45581,-1.078279,No Alert,Low,Conditions are within expected range; continue routine monitoring.
COW01078,57,599.2,30.1,43.28188710125953,23.99496154113077,80.10368603779852,22.172743,22.015112,-0.71601236,No Alert,Low,Conditions are within expected range; continue routine monitoring.
COW01079,102,600.5,18.4,62.7222676121801,42.0,46.09517250789893,21.76278,21.58829,-0.80826217,No Alert,Low,Conditions are within expected range; continue routine monitoring.
COW01080,111,588.4,30.4,61.91072317716928,42.0,43.154794120178565,21.802256,21.544882,-1.1945938,No Alert,Low,Conditions are within expected range; continue routine monitoring.
COW01081,118,582.6,16.5,46.59440800955589,26.07982702610988,79.88599803584297,21.30798,21.110657,-0.9347073,No Alert,Low,Conditions are within expected range; continue routine monitoring.
COW01082,115,524.4,29.4,45.57492960331588,25.88985433266821,73.656687823439,20.95711,20.523672,-2.1118898,No Alert,Low,Conditions are within expected range; continue routine monitoring.
COW01083,72,613.0,17.3,61.7478800294814,33.730217159703656,95.0,22.526068,22.420475,-0.47096562,No Alert,Low,Conditions are within expected range; continue routine monitoring.
COW01084,33,546.4,21.7,71.16946327168802,39.628257354893805,91.4326228057858,21.069021,20.843866,-1.0801973,Heat Stress Alert,Medium,Moderate heat stress detected. Monitor cattle closely and provide ventilation and water access.
COW01085,102,511.0,31.7,36.22214408950459,19.442407704864703,84.64642637871233,20.51708,20.245794,-1.3399622,No Alert,Low,Conditions are within expected range; continue routine monitoring.
COW01086,98,525.0,15.7,38.22276717366543,20.461388540682176,89.97371319321353,21.04239,20.734018,-1.487278,No Alert,Low,Conditions are within expected range; continue routine monitoring.
COW01087,118,711.7,29.1,39.18546300558039,21.019916927867182,90.17529265597462,23.134365,22.912867,-0.9666992,No Alert,Low,Conditions are within expected range; continue routine monitoring.
COW01088,82,411.2,22.9,72.48676151124441,40.59812025976025,90.11434816450551,20.098858,19.434607,-3.4178789,Heat Stress Alert,Medium,Moderate heat stress detected. Monitor cattle closely and provide ventilation and water access.
COW01089,27,590.0,16.0,63.24107433711038,37.04854948359658,75.95292035232538,21.285284,21.28646,0.005528557,No Alert,Low,Conditions are within expected range; continue routine monitoring.
COW01090,66,415.7,31.1,57.79124048597205,37.35218808161164,50.14550237980873,19.903233,19.43515,-2.4084322,No Alert,Low,Conditions are within expected range; continue routine monitoring.
COW01091,60,541.3,23.9,49.99044205348394,27.0116811734194,95.0,21.390823,21.05186,-1.6101311,No Alert,Low,Conditions are within expected range; continue routine monitoring.
COW01092,103,515.3,29.9,60.858729534730216,38.77786051347323,55.11739275284449,20.957355,20.504671,-2.2077136,No Alert,Low,Conditions are within expected range; continue routine monitoring.
COW01093,54,383.2,29.6,77.31861865281027,47.05553250081163,71.27182094361042,19.798527,19.283142,-2.6727214,Heat Stress Alert,Medium,Moderate heat stress detected. Monitor cattle closely and provide ventilation and water access.
COW01094,47,581.1,14.3,48.96003054659892,27.55043278136749,79.99496667828295,21.881834,21.597967,-1.3143222,No Alert,Low,Conditions are within expected range; continue routine monitoring.
COW01095,20,519.6,18.8,57.538785736847615,36.48115094348949,54.13605935962572,19.46685,19.662615,0.99561805,No Alert,Low,Conditions are within expected range; continue routine monitoring.
COW01096,102,382.1,20.1,78.76798325402066,49.0,66.95948917347009,19.807877,19.384592,-2.1836133,Heat Stress Alert,Medium,Moderate heat stress detected. Monitor cattle closely and provide ventilation and water access.
COW01097,93,617.2,23.6,46.47,25.0,95.0,22.524511,22.368984,-0.6952802,No Alert,Low,Conditions are within expected range; continue routine monitoring.
COW01098,16,664.8,15.3,52.62691174939434,28.5182352853682,95.0,21.040203,21.253647,1.0042689,No Alert,Low,Conditions are within expected range; continue routine monitoring.
COW01099,58,669.2,21.0,78.72915805278069,49.0,66.84727760919272,22.880053,22.70814,-0.75705516,Heat Stress Alert,Medium,Moderate heat stress detected. Monitor cattle closely and provide ventilation and water access.
COW01100,63,578.7,28.7,70.1999389132927,40.494083746472434,82.02883122504107,22.169226,21.798613,-1.7001683,Heat Stress Alert,Medium,Moderate heat stress detected. Monitor cattle closely and provide ventilation and water access.
COW01101,62,553.7,17.1,57.98537961026536,38.28302623767612,45.88597153084567,21.58791,21.34851,-1.1213849,No Alert,Low,Conditions are within expected range; continue routine monitoring.
COW01102,111,656.3,26.6,52.3546179502796,28.362638828731203,95.0,22.421564,22.372597,-0.21887206,No Alert,Low,Conditions are within expected range; continue routine monitoring.
COW01103,28,684.6,22.3,52.06667793849368,28.647886434268504,89.47550817373836,22.148628,22.228268,0.35828,No Alert,Low,Conditions are within expected range; continue routine monitoring.
COW01104,45,640.7,15.3,73.92284895176942,46.39601659077547,63.776800531576654,22.6624,22.405083,-1.1484742,Heat Stress Alert,Medium,Moderate heat stress detected. Monitor cattle closely and provide ventilation and water access.
COW01105,31,474.7,17.2,35.00128451782517,18.446448295900097,95.0,20.237625,19.704052,-2.7079363,No Alert,Low,Conditions are within expected range; continue routine monitoring.
COW01106,38,566.1,16.5,57.26911976172247,37.85665401327575,45.12065763988232,21.459017,21.257952,-0.9458346,No Alert,Low,Conditions are within expected range; continue routine monitoring.
COW01107,109,585.2,25.2,87.79679242431851,52.0,79.24678836254924,21.741909,21.471539,-1.259204,Heat Stress Alert,High,"High heat stress detected. Consider active cooling, shading, and improved hydration measures."
COW01108,113,405.2,15.6,53.04475963519977,30.652139969934986,74.59354695245271,19.776165,19.432308,-1.7695109,No Alert,Low,Conditions are within expected range; continue routine monitoring.
COW01109,16,587.5,28.8,74.57905344493662,48.21090829343234,58.0,20.647049,20.544945,-0.49697962,Heat Stress Alert,Medium,Moderate heat stress detected. Monitor cattle closely and provide ventilation and water access.
COW01110,80,731.8,28.5,58.14668422886911,35.76240957980536,61.49473221149855,23.311712,23.235695,-0.32715777,No Alert,Low,Conditions are within expected range; continue routine monitoring.
COW01111,37,601.2,15.4,94.7316433153971,52.0,97.69054073243908,21.625538,21.610167,-0.07113005,Health Risk Alert,Critical,"Critical heat stress or productivity decline detected. Consider emergency cooling, veterinary assessment, and hydration."
COW01112,32,667.9,30.0,42.58323007443248,23.37529847580848,83.37317487496308,22.537659,22.450365,-0.3888294,No Alert,Low,Conditions are within expected range; continue routine monitoring.
COW01113,43,564.6,31.3,46.9272851438266,26.2846420193893,79.93149068198275,21.35933,21.089685,-1.2785577,No Alert,Low,Conditions are within expected range; continue routine monitoring.
COW01114,32,544.1,14.8,77.40957721200019,42.203133265168645,98.0,20.822615,20.64004,-0.8845682,Heat Stress Alert,Medium,Moderate heat stress detected. Monitor cattle closely and provide ventilation and water access.
COW01115,64,580.5,31.1,57.06613255737473,35.24529893189549,59.82113018671128,21.955315,21.702387,-1.1654376,No Alert,Low,Conditions are within expected range; continue routine monitoring.
COW01116,119,484.7,19.0,62.39479119815445,39.617314675421646,56.71079431687352,20.682587,20.412802,-1.3216457,No Alert,Low,Conditions are within expected range; continue routine monitoring.
COW01117,75,472.9,26.0,43.42535501049623,23.420108462633664,91.89765593981588,20.43643,20.02403,-2.059522,No Alert,Low,Conditions are within expected range; continue routine monitoring.
COW01118,90,651.3,17.1,80.69157456190027,48.611742662923525,74.24988747822744,22.969595,22.806547,-0.7149166,Heat Stress Alert,High,"High heat stress detected. Consider active cooling, shading, and improved hydration measures."
COW01119,65,659.8,28.7,59.15305781826271,32.247461610435835,95.0,22.831053,22.725864,-0.4628575,No Alert,Low,Conditions are within expected range; continue routine monitoring.
COW01120,13,470.7,29.2,50.55284115042446,27.33305208595684,95.0,18.78805,18.547422,-1.2973624,No Alert,Low,Conditions are within expected range; continue routine monitoring.
COW01121,21,627.4,31.6,63.28042787247552,39.896458599927016,58.68760531541719,21.261883,21.148865,-0.5343929,No Alert,Low,Conditions are within expected range; continue routine monitoring.
COW01122,41,543.0,31.9,41.23388169833029,22.946955285109937,75.77338659446421,20.83183,20.611757,-1.0677003,No Alert,Low,Conditions are within expected range; continue routine monitoring.
COW01123,38,577.2,15.4,83.7921027000823,49.0,81.48006560717421,21.688393,21.478125,-0.97898686,Heat Stress Alert,High,"High heat stress detected. Consider active cooling, shading, and improved hydration measures."
COW01124,102,586.8,25.8,59.96345383202609,38.33423019514531,53.881280370260704,21.819098,21.599604,-1.016194,No Alert,Low,Conditions are within expected range; continue routine monitoring.
COW01125,103,629.5,18.9,66.57423297737952,36.48813312993115,95.0,22.180082,22.10874,-0.322689,No Alert,Low,Conditions are within expected range; continue routine monitoring.
COW01126,104,556.6,16.3,52.23169229027186,30.85275832306241,67.76666509586602,21.420988,21.16209,-1.2234036,No Alert,Low,Conditions are within expected range; continue routine monitoring.
COW01127,80,662.8,16.7,41.1392106668241,21.99199222570267,94.12044525112252,22.922895,22.819492,-0.45313492,No Alert,Low,Conditions are within expected range; continue routine monitoring.
COW01128,72,574.8,30.9,45.90976163423421,25.54722972457752,81.38325017712889,21.97754,21.703827,-1.2611239,No Alert,Low,Conditions are within expected range; continue routine monitoring.
COW01129,82,599.9,26.3,49.71269871710575,28.703984502082758,72.354043126463,22.30396,22.142065,-0.73116827,No Alert,Low,Conditions are within expected range; continue routine monitoring.
COW01130,55,483.3,14.9,63.80919234644807,36.27554843430448,84.06076608423619,20.707014,20.48352,-1.0910897,No Alert,Low,Conditions are within expected range; continue routine monitoring.
COW01131,84,722.7,31.7,68.57140677901418,37.62937530229382,95.0,22.794962,22.866419,0.31249717,No Alert,Low,Conditions are within expected range; continue routine monitoring.
COW01132,97,587.6,28.5,61.15405606070629,38.527508428637695,57.74342327556601,21.859758,21.663982,-0.90369344,No Alert,Low,Conditions are within expected range; continue routine monitoring.
COW01133,94,607.0,19.6,34.27276305885613,18.03216747978241,94.90281200460224,22.538216,22.259424,-1.2524647,No Alert,Low,Conditions are within expected range; continue routine monitoring.
COW01134,78,421.3,22.5,62.17717735963896,36.3978418377047,75.72971936238548,20.10695,19.516068,-3.0276759,No Alert,Low,Conditions are within expected range; continue routine monitoring.
COW01135,18,484.2,27.1,61.364710920532495,40.7379498489616,46.98296986791131,18.838903,18.994131,0.8172401,No Alert,Low,Conditions are within expected range; continue routine monitoring.
COW01136,90,649.0,26.2,46.3785599259551,27.160477879407527,64.65414305323917,22.969046,22.860233,-0.4759896,No Alert,Low,Conditions are within expected range; continue routine monitoring.
COW01137,51,573.0,22.3,85.35394050863482,49.45779824270322,83.82643345432815,21.813972,21.482267,-1.5440879,Heat Stress Alert,High,"High heat stress detected. Consider active cooling, shading, and improved hydration measures."
COW01138,92,396.9,23.2,56.82081964616752,34.15688437666762,66.28227353650283,19.97197,19.357132,-3.1762848,No Alert,Low,Conditions are within expected range; continue routine monitoring.
COW01139,70,633.1,14.8,39.09204091195485,21.181942826977284,84.73216004585866,22.617697,22.493454,-0.5523508,No Alert,Low,Conditions are within expected range; continue routine monitoring.
COW01140,107,506.5,23.0,79.22122242256734,49.0,68.26942896695765,20.902021,20.424961,-2.335673,Heat Stress Alert,High,"High heat stress detected. Consider active cooling, shading, and improved hydration measures."
COW01141,48,662.9,20.1,46.47,25.0,95.0,22.577696,22.396679,-0.8082311,No Alert,Low,Conditions are within expected range; continue routine monitoring.
COW01142,112,543.0,19.1,35.46442362058346,19.332165210120543,72.96372483838745,20.731295,20.707787,-0.113522865,No Alert,Low,Conditions are within expected range; continue routine monitoring.
COW01143,103,566.4,18.9,34.07129354342399,18.0,90.869265095111,21.516205,21.181818,-1.5786502,No Alert,Low,Conditions are within expected range; continue routine monitoring.
COW01144,47,644.3,25.7,55.837850637300285,35.157289294686755,54.496611002316286,22.78434,22.64008,-0.63719034,No Alert,Low,Conditions are within expected range; continue routine monitoring.
COW01145,64,478.2,21.7,73.26461341350934,46.74008242356173,60.21180533687512,20.802118,20.382603,-2.0582044,Heat Stress Alert,Medium,Moderate heat stress detected. Monitor cattle closely and provide ventilation and water access.
COW01146,69,470.6,21.7,47.99313859976757,25.870364914152898,95.0,20.482744,20.144304,-1.6800776,No Alert,Low,Conditions are within expected range; continue routine monitoring.
COW01147,95,534.3,16.9,45.21200948319967,24.28114827611409,95.0,21.099697,20.759045,-1.6409833,No Alert,Low,Conditions are within expected range; continue routine monitoring.
COW01148,86,616.2,31.3,58.38697576877048,34.37480997266163,72.52698679220916,22.460926,22.282698,-0.799851,No Alert,Low,Conditions are within expected range; continue routine monitoring.
COW01149,104,443.5,18.0,58.21094101944062,31.709109153966068,95.0,19.923693,19.538137,-1.9733471,No Alert,Low,Conditions are within expected range; continue routine monitoring.
COW01150,51,416.6,21.3,94.848,52.0,98.0,19.69527,19.550852,-0.73868245,Health Risk Alert,Critical,"Critical heat stress or productivity decline detected. Consider emergency cooling, veterinary assessment, and hydration."
COW01151,66,615.9,17.4,48.80123414858664,26.83952272599433,87.8620201798582,22.494335,22.377441,-0.52237326,No Alert,Low,Conditions are within expected range; continue routine monitoring.
COW01152,58,501.8,26.7,58.68015529005473,37.27255193580174,54.48501669770726,21.031143,20.67051,-1.7446781,No Alert,Low,Conditions are within expected range; continue routine monitoring.
COW01153,110,518.6,21.9,57.006924150399456,37.621037903268224,45.261085536170825,20.878208,20.517149,-1.7597922,No Alert,Low,Conditions are within expected range; continue routine monitoring.
COW01154,44,401.5,21.4,41.8218730674192,23.77218799156716,68.33113761618658,19.682392,19.403982,-1.4348084,No Alert,Low,Conditions are within expected range; continue routine monitoring.
COW01155,75,495.7,29.8,56.50174828813882,34.32155449378066,63.471476069107936,21.064348,20.630419,-2.1033478,No Alert,Low,Conditions are within expected range; continue routine monitoring.
COW01156,24,549.4,27.7,74.68337676879867,43.98194830400907,78.0807872700565,20.690186,20.52031,-0.8278437,Heat Stress Alert,Medium,Moderate heat stress detected. Monitor cattle closely and provide ventilation and water access.
COW01157,103,624.4,23.4,61.3231735741132,38.06481715608052,61.1512007627343,22.119099,22.007269,-0.5081492,No Alert,Low,Conditions are within expected range; continue routine monitoring.
COW01158,53,488.3,22.4,55.21957603622061,35.59188432630622,48.82089962303494,21.003866,20.707176,-1.4327883,No Alert,Low,Conditions are within expected range; continue routine monitoring.
COW01159,48,682.6,31.3,34.598056483873734,18.232936518888007,94.22820469281196,22.70434,22.45429,-1.1135938,No Alert,Low,Conditions are within expected range; continue routine monitoring.
COW01160,74,495.2,31.2,49.65948697621242,29.990345053360024,59.44198734412961,20.96055,20.602911,-1.7358679,No Alert,Low,Conditions are within expected range; continue routine monitoring.
COW01161,65,495.4,26.7,44.04547712332903,24.02931592288904,87.46233327954799,21.031319,20.721899,-1.4932011,No Alert,Low,Conditions are within expected range; continue routine monitoring.
COW01162,103,673.0,27.7,34.20763564865996,18.0,94.65654579610998,23.100462,22.847343,-1.1078684,No Alert,Low,Conditions are within expected range; continue routine monitoring.
COW01163,69,566.9,30.2,75.84181404804173,49.0,58.50235274000495,22.001171,21.480404,-2.4243827,Heat Stress Alert,Medium,Moderate heat stress detected. Monitor cattle closely and provide ventilation and water access.
COW01164,67,505.8,31.4,63.71418089865993,42.0,49.689061227028745,21.184076,20.615437,-2.7583203,No Alert,Low,Conditions are within expected range; continue routine monitoring.
COW01165,23,537.6,15.5,57.358581105474016,31.222046345985152,95.0,19.908302,19.963043,0.27421123,No Alert,Low,Conditions are within expected range; continue routine monitoring.
COW01166,14,658.2,32.0,51.47681762670859,27.86103864383348,95.0,20.960243,21.236032,1.2986854,No Alert,Low,Conditions are within expected range; continue routine monitoring.
COW01167,55,667.3,26.7,53.36770688916273,30.27858404238278,80.26433352771416,22.949705,22.844475,-0.460638,No Alert,Low,Conditions are within expected range; continue routine monitoring.
COW01168,119,484.7,24.7,66.22148621393367,35.917688884232405,98.0,20.802673,20.389437,-2.026719,No Alert,Low,Conditions are within expected range; continue routine monitoring.
COW01169,111,546.6,21.4,56.25069942970079,34.809591055786484,58.81071576722518,21.168587,20.854395,-1.5065976,No Alert,Low,Conditions are within expected range; continue routine monitoring.
COW01170,79,557.2,20.1,66.60102156448986,42.0,60.14862885684728,21.782387,21.492311,-1.34967,No Alert,Low,Conditions are within expected range; continue routine monitoring.
COW01171,80,471.1,28.5,36.29661941313522,19.37668925368192,88.31710774262076,20.103888,19.812887,-1.4687428,No Alert,Low,Conditions are within expected range; continue routine monitoring.
COW01172,54,545.5,25.8,77.2940024258296,49.0,62.699428976386095,21.712425,21.223845,-2.3020368,Heat Stress Alert,Medium,Moderate heat stress detected. Monitor cattle closely and provide ventilation and water access.
COW01173,31,550.4,17.6,34.1123002718259,18.0,92.00834088405284,21.159306,20.764395,-1.9018652,No Alert,Low,Conditions are within expected range; continue routine monitoring.
COW01174,12,641.2,25.0,58.46863323927448,34.745891810130225,70.14644491554951,21.05236,21.184233,0.62250155,No Alert,Low,Conditions are within expected range; continue routine monitoring.
COW01175,48,646.6,16.5,71.36322524355151,38.806306316601976,98.0,22.6972,22.492647,-0.9094243,Heat Stress Alert,Medium,Moderate heat stress detected. Monitor cattle closely and provide ventilation and water access.
COW01176,46,523.7,22.9,56.05420173458645,33.66665929229096,66.02532441025518,21.071985,20.702068,-1.7868598,No Alert,Low,Conditions are within expected range; continue routine monitoring.
COW01177,32,532.9,24.5,84.4606054069927,52.0,70.37395055051248,20.719423,20.223335,-2.4530475,Heat Stress Alert,High,"High heat stress detected. Consider active cooling, shading, and improved hydration measures."
COW01178,39,603.1,25.4,79.76898593028017,49.0,69.85256049213923,22.169031,21.882072,-1.3113872,Heat Stress Alert,High,"High heat stress detected. Consider active cooling, shading, and improved hydration measures."
COW01179,14,503.2,16.6,61.63785479823987,39.704455821544805,53.24868567033833,19.191395,19.448534,1.3221521,No Alert,Low,Conditions are within expected range; continue routine monitoring.
COW01180,77,597.1,15.7,53.54322125392323,29.04184071652756,95.0,22.317701,22.163357,-0.6963952,No Alert,Low,Conditions are within expected range; continue routine monitoring.
COW01181,112,543.0,18.7,68.57355617961042,43.113143054862206,61.58518314046524,21.062521,20.71955,-1.6553054,No Alert,Low,Conditions are within expected range; continue routine monitoring.
COW01182,86,472.4,24.9,70.17536098191988,41.92864910585031,73.49594823721257,20.558382,20.016106,-2.7092001,Heat Stress Alert,Medium,Moderate heat stress detected. Monitor cattle closely and provide ventilation and water access.
COW01183,60,473.5,30.8,78.77642873404022,49.0,66.98389807526075,20.755077,20.042604,-3.5547922,Heat Stress Alert,Medium,Moderate heat stress detected. Monitor cattle closely and provide ventilation and water access.
COW01184,57,665.8,28.0,82.81921710931093,52.0,66.0085561417844,23.089231,22.83069,-1.1324279,Heat Stress Alert,High,"High heat stress detected. Consider active cooling, shading, and improved hydration measures."
COW01185,45,537.5,27.4,36.17357132100435,19.4003860229241,85.05868313298491,21.035938,20.746298,-1.3961066,No Alert,Low,Conditions are within expected range; continue routine monitoring.
COW01186,27,681.2,19.9,54.40526974512331,35.42905531931586,45.94607481390639,22.095655,22.190256,0.4263163,No Alert,Low,Conditions are within expected range; continue routine monitoring.
COW01187,76,508.9,16.0,49.58831543734371,28.611382655344624,72.47155018512348,21.096823,20.891333,-0.9836142,No Alert,Low,Conditions are within expected range; continue routine monitoring.
COW01188,73,573.3,30.1,63.76441818654347,41.59756460439427,51.79274949034272,22.125214,21.770859,-1.6276568,No Alert,Low,Conditions are within expected range; continue routine monitoring.
COW01189,12,741.4,23.0,48.63218861278539,26.323644689060245,93.7068585395579,21.458418,21.701056,1.1180913,No Alert,Low,Conditions are within expected range; continue routine monitoring.
COW01190,56,465.4,15.8,73.3651263547967,42.68940826588422,80.6436088293919,20.3823,20.12412,-1.2829317,Heat Stress Alert,Medium,Moderate heat stress detected. Monitor cattle closely and provide ventilation and water access.
COW01191,42,398.2,23.6,62.31158630932915,40.17099171767828,53.45076777056023,19.738335,19.169218,-2.9689088,No Alert,Low,Conditions are within expected range; continue routine monitoring.
COW01192,30,652.9,26.2,42.71128707177967,23.302551615450948,86.14660280215,22.461243,22.49967,0.17079075,No Alert,Low,Conditions are within expected range; continue routine monitoring.
COW01193,87,483.9,19.8,54.92024233911879,32.58063254870172,68.51101724206441,20.631956,20.351381,-1.3786523,No Alert,Low,Conditions are within expected range; continue routine monitoring.
COW01194,68,548.3,14.2,54.429483853810304,29.5482764878916,95.0,21.649437,21.38357,-1.2433249,No Alert,Low,Conditions are within expected range; continue routine monitoring.
COW01195,80,503.1,25.2,83.30664942824939,52.0,67.30491869215265,21.32778,20.71828,-2.9418414,Heat Stress Alert,High,"High heat stress detected. Consider active cooling, shading, and improved hydration measures."
COW01196,89,571.5,14.7,57.95089200604883,38.88697613162205,42.640263316414426,21.906477,21.654903,-1.1617395,No Alert,Low,Conditions are within expected range; continue routine monitoring.
COW01197,118,474.0,21.8,45.96621086839092,25.27830550395977,85.89174538095097,20.22306,19.898378,-1.631702,No Alert,Low,Conditions are within expected range; continue routine monitoring.
COW01198,98,535.6,28.8,91.85796207724232,52.0,90.04777148202741,21.523933,20.604635,-4.4616084,Health Risk Alert,Critical,"Critical heat stress or productivity decline detected. Consider emergency cooling, veterinary assessment, and hydration."
COW01199,78,586.0,32.0,65.47625131996705,35.49901759548711,98.0,22.004448,21.689829,-1.4505373,No Alert,Low,Conditions are within expected range; continue routine monitoring.
COW01200,106,469.3,20.7,46.70617975008224,26.608552244957885,73.8772114264482,20.04946,19.731981,-1.6089524,No Alert,Low,Conditions are within expected range; continue routine monitoring.
COW01201,63,494.0,14.4,43.52511368815281,24.645672644531164,72.30931369335087,21.201141,20.92636,-1.3130912,No Alert,Low,Conditions are within expected range; continue routine monitoring.
COW01202,118,522.2,22.9,37.47757424284272,19.86147099591013,95.0,20.70303,20.390135,-1.5345402,No Alert,Low,Conditions are within expected range; continue routine monitoring.
COW01203,94,435.7,19.0,45.12677572665793,24.878986308691,84.20267399707431,19.966692,19.562115,-2.0681672,No Alert,Low,Conditions are within expected range; continue routine monitoring.
COW01204,82,516.2,30.1,54.895289416880594,33.600126568659775,60.49537288421922,21.094065,20.65896,-2.1061292,No Alert,Low,Conditions are within expected range; continue routine monitoring.
COW01205,109,559.5,26.8,55.33151605948663,31.475007550562967,80.53589422033882,21.39771,20.989775,-1.9434992,No Alert,Low,Conditions are within expected range; continue routine monitoring.
COW01206,67,518.0,21.3,59.91464272283938,32.682652984479645,95.0,21.289354,20.972288,-1.511834,No Alert,Low,Conditions are within expected range; continue routine monitoring.
COW01207,89,528.3,27.7,51.67181543365703,31.697466589832462,57.31383905443392,21.029587,20.643536,-1.8700826,No Alert,Low,Conditions are within expected range; continue routine monitoring.
COW01208,42,548.4,20.1,63.9659181450068,42.0,50.60115269929998,21.265297,21.039959,-1.0710001,No Alert,Low,Conditions are within expected range; continue routine monitoring.
COW01209,116,497.5,23.4,58.03277818569058,37.33804022490813,51.27877486670155,20.825108,20.34656,-2.3519852,No Alert,Low,Conditions are within expected range; continue routine monitoring.
COW01210,79,605.3,30.6,36.44151262228027,19.271462271683145,94.92720146503343,22.634172,22.40418,-1.026558,No Alert,Low,Conditions are within expected range; continue routine monitoring.
COW01211,96,664.9,17.6,46.95847334807516,25.88735083184035,85.73423783057788,22.958458,22.83821,-0.5265246,No Alert,Low,Conditions are within expected range; continue routine monitoring.
COW01212,61,512.8,19.6,38.98131502685807,21.624097282170545,73.11691682444507,21.10628,20.867939,-1.1421367,No Alert,Low,Conditions are within expected range; continue routine monitoring.
COW01213,105,588.8,29.9,62.44895373696106,38.606302315407824,62.644478644648856,21.836054,21.564316,-1.2601284,No Alert,Low,Conditions are within expected range; continue routine monitoring.
COW01214,20,530.8,22.3,63.54722956187985,42.0,49.08416507927482,19.48845,19.675627,0.95131737,No Alert,Low,Conditions are within expected range; continue routine monitoring.
COW01215,24,579.2,19.7,51.32485723668477,29.36874687417848,76.35816032842948,20.772877,20.80677,0.1628969,No Alert,Low,Conditions are within expected range; continue routine monitoring.
COW01216,66,675.3,14.7,55.87375648247518,35.91858229004603,49.9051959171395,22.81081,22.685347,-0.5530596,No Alert,Low,Conditions are within expected range; continue routine monitoring.
COW01217,91,590.7,21.5,73.09545728277628,39.77947038358218,98.0,22.223219,21.976002,-1.1249416,Heat Stress Alert,Medium,Moderate heat stress detected. Monitor cattle closely and provide ventilation and water access.
COW01218,99,408.1,23.0,60.2780217382763,32.89029813615789,95.0,20.039463,19.353857,-3.5424774,No Alert,Low,Conditions are within expected range; continue routine monitoring.
COW01219,59,586.3,21.3,60.42895034177005,36.68451729249242,65.88133058965654,22.089672,21.899704,-0.867446,No Alert,Low,Conditions are within expected range; continue routine monitoring.
COW01220,82,648.6,19.0,63.40509616516941,35.75586759827811,86.16087359536972,22.93787,22.813448,-0.5453892,No Alert,Low,Conditions are within expected range; continue routine monitoring.
COW01221,71,532.3,20.6,77.87140099696504,46.64232602956244,74.92492989235781,21.29,20.924412,-1.7471895,Heat Stress Alert,Medium,Moderate heat stress detected. Monitor cattle closely and provide ventilation and water access.
COW01222,115,629.7,25.6,42.000946647020086,22.875341392834702,86.14017057678079,22.247137,22.098377,-0.67317086,No Alert,Low,Conditions are within expected range; continue routine monitoring.
COW01223,82,494.8,30.0,43.3767688915173,23.696516756443245,86.26408897509378,20.990192,20.582815,-1.9792105,No Alert,Low,Conditions are within expected range; continue routine monitoring.
COW01224,57,431.2,25.7,63.68990153703646,42.0,49.60109252549442,20.079239,19.525768,-2.8345652,No Alert,Low,Conditions are within expected range; continue routine monitoring.
COW01225,116,561.3,25.6,49.16247651881263,27.486900865196244,82.31861720069722,21.370235,21.007563,-1.7263917,No Alert,Low,Conditions are within expected range; continue routine monitoring.
COW01226,23,409.5,28.7,94.848,52.0,98.0,18.549723,18.290516,-1.4171649,Health Risk Alert,Critical,"Critical heat stress or productivity decline detected. Consider emergency cooling, veterinary assessment, and hydration."
COW01227,118,530.8,17.0,62.55127830442914,35.821346010990545,81.66714400981635,20.79678,20.448963,-1.7009003,No Alert,Low,Conditions are within expected range; continue routine monitoring.
COW01228,28,652.9,19.4,80.53818995413295,43.9607808731084,98.0,22.092163,22.219122,0.5713945,Heat Stress Alert,High,"High heat stress detected. Consider active cooling, shading, and improved hydration measures."
COW01229,43,397.2,14.9,73.39321729453184,43.74309440603856,74.97076301936934,19.857574,19.49234,-1.8737328,Heat Stress Alert,Medium,Moderate heat stress detected. Monitor cattle closely and provide ventilation and water access.
COW01230,100,447.6,20.3,57.76361056884036,37.706120095274585,48.05053113448633,19.9384,19.572166,-1.8711972,No Alert,Low,Conditions are within expected range; continue routine monitoring.
COW01231,91,467.4,32.0,44.73462220560173,24.980664380225456,78.91839681662253,19.993328,19.600845,-2.0023768,No Alert,Low,Conditions are within expected range; continue routine monitoring.
COW01232,116,544.9,19.9,64.19194510565143,42.0,51.4200909625052,21.075743,20.805347,-1.2996432,No Alert,Low,Conditions are within expected range; continue routine monitoring.
COW01233,92,520.7,29.5,46.520391186055306,25.02879496346017,95.0,20.998312,20.56722,-2.0960114,No Alert,Low,Conditions are within expected range; continue routine monitoring.
COW01234,80,661.9,15.5,58.73661894044913,38.65350597304404,47.0604710704485,22.924833,22.800575,-0.54497766,No Alert,Low,Conditions are within expected range; continue routine monitoring.
COW01235,49,626.3,22.3,70.99700099204807,44.219347559043406,64.45990445214811,22.254206,22.020117,-1.0630684,Heat Stress Alert,Medium,Moderate heat stress detected. Monitor cattle closely and provide ventilation and water access.
COW01236,12,589.6,20.3,65.74385782121483,42.0,57.04296312034359,20.10158,20.160282,0.2911788,No Alert,Low,Conditions are within expected range; continue routine monitoring.
COW01237,25,561.7,17.6,62.048646690011,39.42415759527369,56.38279954109971,20.638777,20.652073,0.06438156,No Alert,Low,Conditions are within expected range; continue routine monitoring.
COW01238,44,581.5,20.7,78.20819553160015,49.0,65.34160558265937,21.76873,21.499493,-1.252297,Heat Stress Alert,Medium,Moderate heat stress detected. Monitor cattle closely and provide ventilation and water access.
COW01239,16,481.0,25.7,85.8129513298685,52.0,73.97061523901192,19.103283,19.002306,-0.5313931,Heat Stress Alert,High,"High heat stress detected. Consider active cooling, shading, and improved hydration measures."
COW01240,66,618.6,22.8,38.01685424935264,20.652078631107543,81.49595750627982,22.49756,22.37191,-0.5616436,No Alert,Low,Conditions are within expected range; continue routine monitoring.
COW01241,95,461.0,29.2,74.92331780481314,44.74790447279676,74.8815927206636,20.322624,19.671808,-3.3083687,Heat Stress Alert,Medium,Moderate heat stress detected. Monitor cattle closely and provide ventilation and water access.
COW01242,116,616.8,30.3,60.64682654621792,37.95600067083683,58.93201568267443,22.09462,21.944885,-0.6823207,No Alert,Low,Conditions are within expected range; continue routine monitoring.
COW01243,64,644.9,22.7,58.88909173298424,36.10543574974076,62.67896802465312,22.931152,22.789738,-0.620519,No Alert,Low,Conditions are within expected range; continue routine monitoring.
COW01244,106,566.9,31.7,77.01290490783802,47.64404830023732,67.67426778009933,21.445002,20.882439,-2.6939523,Heat Stress Alert,Medium,Moderate heat stress detected. Monitor cattle closely and provide ventilation and water access.
COW01245,118,535.9,15.3,69.54031693103485,42.65358674240712,67.30985241093299,20.711334,20.460903,-1.2239492,No Alert,Low,Conditions are within expected range; continue routine monitoring.
COW01246,104,582.0,19.0,40.12553875287762,21.933459705850787,82.01770805780396,21.621407,21.43751,-0.85782826,No Alert,Low,Conditions are within expected range; continue routine monitoring.
COW01247,62,321.1,21.5,62.47995082411872,42.0,45.21721313086493,19.67184,19.16408,-2.6495454,No Alert,Low,Conditions are within expected range; continue routine monitoring.
COW01248,47,574.2,24.5,44.40446544040311,24.468367022797743,83.72531318214196,21.78471,21.515451,-1.2514657,No Alert,Low,Conditions are within expected range; continue routine monitoring.
COW01249,117,540.9,23.8,40.15311705463846,22.33009750034989,74.26187451161486,20.983643,20.69175,-1.4106734,No Alert,Low,Conditions are within expected range; continue routine monitoring.
COW01250,38,545.9,24.2,88.49405506250159,52.0,81.10121027261057,21.521954,20.960424,-2.678997,Heat Stress Alert,High,"High heat stress detected. Consider active cooling, shading, and improved hydration measures."
COW01251,56,606.5,30.1,59.58729961472033,37.86065492192901,54.980458644913824,22.520634,22.288841,-1.0399485,No Alert,Low,Conditions are within expected range; continue routine monitoring.
COW01252,19,544.0,19.0,77.54390560911332,46.51177112524465,74.5349380311867,19.75007,19.954855,1.0262384,Heat Stress Alert,Medium,Moderate heat stress detected. Monitor cattle closely and provide ventilation and water access.
COW01253,97,458.8,28.7,44.79554497775639,25.026800020182623,78.80175542690202,20.108118,19.642569,-2.3701048,No Alert,Low,Conditions are within expected range; continue routine monitoring.
COW01254,82,538.7,24.0,59.57128256818697,37.58715216288685,56.50353586262193,21.283833,20.89041,-1.8832712,No Alert,Low,Conditions are within expected range; continue routine monitoring.
COW01255,21,555.4,22.8,37.46140567339764,20.375892218224934,79.66495587552285,20.709873,20.487677,-1.0845377,No Alert,Low,Conditions are within expected range; continue routine monitoring.
COW01256,35,559.2,19.4,48.45940829816069,26.76891443290092,86.05667708013662,21.442228,21.13856,-1.4365642,No Alert,Low,Conditions are within expected range; continue routine monitoring.
COW01257,71,563.0,19.5,57.72594730573653,31.431969888992302,95.0,21.869894,21.576881,-1.3579934,No Alert,Low,Conditions are within expected range; continue routine monitoring.
COW01258,70,633.1,21.0,53.24207785465294,31.905277772874705,64.65396198334396,22.612331,22.477022,-0.6019891,No Alert,Low,Conditions are within expected range; continue routine monitoring.
COW01259,98,463.1,27.7,56.11698995214957,32.70340484080873,74.05324964064823,20.22017,19.674936,-2.7712047,No Alert,Low,Conditions are within expected range; continue routine monitoring.
COW01260,40,564.1,22.6,94.848,52.0,98.0,21.605696,21.22209,-1.8075786,Health Risk Alert,Critical,"Critical heat stress or productivity decline detected. Consider emergency cooling, veterinary assessment, and hydration."
COW01261,111,653.2,16.8,78.28367180802076,48.3110267628815,68.51709492662155,22.304825,22.25261,-0.23464923,Heat Stress Alert,Medium,Moderate heat stress detected. Monitor cattle closely and provide ventilation and water access.
COW01262,60,411.2,27.7,60.30721442841034,38.326015589365866,55.36401122636203,20.026304,19.431961,-3.0585856,No Alert,Low,Conditions are within expected range; continue routine monitoring.
COW01263,100,564.4,25.9,49.40752289136328,28.625183086801176,71.052698304463,21.547625,21.240395,-1.446442,No Alert,Low,Conditions are within expected range; continue routine monitoring.
COW01264,37,503.2,31.1,38.67215997010266,21.2665528324759,76.58744980814075,20.513239,20.21497,-1.4754871,No Alert,Low,Conditions are within expected range; continue routine monitoring.
COW01265,15,520.3,23.5,46.47,25.0,95.0,19.431149,19.526821,0.48995486,No Alert,Low,Conditions are within expected range; continue routine monitoring.
COW01266,17,477.6,25.8,64.1895051409058,41.63011796983218,53.19628354562477,18.690197,18.833591,0.76137614,No Alert,Low,Conditions are within expected range; continue routine monitoring.
COW01267,52,536.4,22.6,62.49866600658137,34.32720028633459,93.5249583971626,21.214567,20.798788,-1.9990546,No Alert,Low,Conditions are within expected range; continue routine monitoring.
COW01268,114,697.3,26.3,58.34658761822072,32.3248143359031,89.74562217515846,22.641134,22.56084,-0.35589832,No Alert,Low,Conditions are within expected range; continue routine monitoring.
COW01269,17,448.8,21.9,56.168532542319646,33.25111817101947,69.85070002768947,18.475077,18.61623,0.7582273,No Alert,Low,Conditions are within expected range; continue routine monitoring.
COW01270,51,456.4,16.5,75.83653204368812,42.59552793721338,89.94373061710368,20.147497,19.892305,-1.282867,Heat Stress Alert,Medium,Moderate heat stress detected. Monitor cattle closely and provide ventilation and water access.
COW01271,23,445.8,31.8,63.625474025796855,42.0,49.367659513756735,18.552847,18.426315,-0.6866897,No Alert,Low,Conditions are within expected range; continue routine monitoring.
COW01272,112,688.2,27.0,57.05036156550589,36.91122673202442,49.40370559221945,22.76989,22.606401,-0.7231951,No Alert,Low,Conditions are within expected range; continue routine monitoring.
COW01273,84,513.0,25.0,60.02084419192965,32.743339538245515,95.0,21.228836,20.74898,-2.3126752,No Alert,Low,Conditions are within expected range; continue routine monitoring.
COW01274,94,547.9,22.7,80.73835041560221,48.64493220330557,74.23698345212024,21.41496,21.024076,-1.8592227,Heat Stress Alert,High,"High heat stress detected. Consider active cooling, shading, and improved hydration measures."
COW01275,89,517.8,26.8,62.00554106149711,42.0,43.49833717933735,21.077116,20.668266,-1.9781519,No Alert,Low,Conditions are within expected range; continue routine monitoring.
COW01276,82,474.4,16.3,75.65021450846763,47.28907825743833,65.1248166180296,20.494904,20.149332,-1.715052,Heat Stress Alert,Medium,Moderate heat stress detected. Monitor cattle closely and provide ventilation and water access.
COW01277,95,531.2,19.9,73.68708207461391,44.82950858429046,70.40361873685214,21.112312,20.713987,-1.9229758,Heat Stress Alert,Medium,Moderate heat stress detected. Monitor cattle closely and provide ventilation and water access.
COW01278,12,746.7,16.2,43.086350042536885,24.05221878503865,77.12812131906264,21.481153,21.673323,0.88666236,No Alert,Low,Conditions are within expected range; continue routine monitoring.
COW01279,105,661.4,16.3,62.41787464622537,34.1130712264145,95.0,22.743935,22.607801,-0.6021514,No Alert,Low,Conditions are within expected range; continue routine monitoring.
COW01280,91,481.8,14.4,59.62265639862429,39.17943152560228,47.93940153900987,20.54426,20.32901,-1.0588318,No Alert,Low,Conditions are within expected range; continue routine monitoring.
COW01281,91,601.8,27.6,56.87821665595592,36.702708196050985,49.84170532744267,22.312447,22.131765,-0.81638867,No Alert,Low,Conditions are within expected range; continue routine monitoring.
COW01282,54,483.5,18.1,75.75882865483177,46.84443831311493,67.44847234878472,20.7852,20.474064,-1.5196605,Heat Stress Alert,Medium,Moderate heat stress detected. Monitor cattle closely and provide ventilation and water access.
COW01283,98,407.9,29.0,47.08865114705608,26.81096495620464,74.44932134364825,20.012745,19.495342,-2.6539807,No Alert,Low,Conditions are within expected range; continue routine monitoring.
COW01284,53,631.6,30.3,48.751913798426,27.836416560709367,75.0406963367188,22.447632,22.299923,-0.662374,No Alert,Low,Conditions are within expected range; continue routine monitoring.
COW01285,17,642.8,17.0,55.26854061198609,31.930272448013387,76.00750469274854,21.23766,21.358486,0.5657083,No Alert,Low,Conditions are within expected range; continue routine monitoring.
COW01286,110,633.7,26.8,71.0251246995899,43.84653112110083,66.38438912317778,22.271563,22.09803,-0.7852849,Heat Stress Alert,Medium,Moderate heat stress detected. Monitor cattle closely and provide ventilation and water access.
COW01287,37,512.4,22.3,64.37319179602704,42.0,52.07678186966319,20.725534,20.394875,-1.621289,No Alert,Low,Conditions are within expected range; continue routine monitoring.
COW01288,23,536.7,30.5,73.38977597611745,43.09732004507728,78.44607059019538,19.923225,19.679407,-1.2389513,Heat Stress Alert,Medium,Moderate heat stress detected. Monitor cattle closely and provide ventilation and water access.
COW01289,79,610.0,22.7,63.36235914868555,36.54188429322775,80.06929979092082,22.559958,22.391144,-0.7539307,No Alert,Low,Conditions are within expected range; continue routine monitoring.
COW01290,37,581.3,20.8,64.1940125646251,37.18874742609022,79.17510465316744,21.646633,21.398605,-1.159084,No Alert,Low,Conditions are within expected range; continue routine monitoring.
COW01291,104,518.5,19.3,37.04540441814628,20.058828350644,81.25960804426546,20.865255,20.57252,-1.422947,No Alert,Low,Conditions are within expected range; continue routine monitoring.
COW01292,59,420.5,30.3,65.12477771773709,35.83642028906341,93.5587248992244,20.081764,19.545092,-2.7458177,No Alert,Low,Conditions are within expected range; continue routine monitoring.
COW01293,12,559.1,18.1,61.05658005887667,42.0,40.06007267708939,19.934093,20.063978,0.64735276,No Alert,Low,Conditions are within expected range; continue routine monitoring.
COW01294,114,636.3,28.9,64.51700146762278,42.0,52.59783140443032,22.413153,22.215137,-0.89135265,No Alert,Low,Conditions are within expected range; continue routine monitoring.
COW01295,67,454.2,17.5,56.11463251513123,36.65730488261823,46.67586063912766,20.34227,20.056866,-1.4229751,No Alert,Low,Conditions are within expected range; continue routine monitoring.
COW01296,40,601.1,25.6,79.59573364407174,46.965022726142685,78.68477684981711,22.114317,21.805712,-1.4152493,Heat Stress Alert,High,"High heat stress detected. Consider active cooling, shading, and improved hydration measures."
COW01297,85,576.5,22.1,62.82257128323203,42.0,46.45859160591315,22.022766,21.752085,-1.2443929,No Alert,Low,Conditions are within expected range; continue routine monitoring.
COW01298,69,610.0,15.9,42.38844137500261,22.66768078571578,95.0,22.52717,22.38674,-0.627293,No Alert,Low,Conditions are within expected range; continue routine monitoring.
COW01299,15,619.8,16.3,54.32332976093313,35.24830809279991,46.64495192322908,20.910446,20.918734,0.039617263,No Alert,Low,Conditions are within expected range; continue routine monitoring.
COW01300,94,494.4,19.1,61.58570855048768,42.0,41.9772048930713,20.946276,20.644575,-1.4614037,No Alert,Low,Conditions are within expected range; continue routine monitoring.
COW01301,55,420.6,27.8,68.77232763054292,37.74418721745309,95.0,19.897923,19.389137,-2.6240737,No Alert,Low,Conditions are within expected range; continue routine monitoring.
COW01302,87,507.3,27.1,41.57926582935188,22.20529475962965,95.0,20.846972,20.514975,-1.618315,No Alert,Low,Conditions are within expected range; continue routine monitoring.
COW01303,108,621.1,17.7,81.03915635336412,49.0,73.52357327561887,22.042868,21.936127,-0.4865989,Heat Stress Alert,High,"High heat stress detected. Consider active cooling, shading, and improved hydration measures."
COW01304,77,506.6,22.6,54.014603410113445,29.311201948636253,95.0,21.157799,20.779856,-1.8187953,No Alert,Low,Conditions are within expected range; continue routine monitoring.
COW01305,84,494.5,15.7,86.326687400044,47.21274573036179,98.0,20.980078,20.726961,-1.221195,Heat Stress Alert,High,"High heat stress detected. Consider active cooling, shading, and improved hydration measures."
COW01306,39,404.3,26.9,47.7487832100894,26.918155613754312,78.40019745642515,19.358215,18.926033,-2.2835336,No Alert,Low,Conditions are within expected range; continue routine monitoring.
COW01307,37,690.2,28.3,40.85500440826233,21.86390116073622,93.30085339697152,22.841616,22.712156,-0.5700004,No Alert,Low,Conditions are within expected range; continue routine monitoring.
COW01308,56,616.1,30.1,51.84141922217285,32.15761135812202,54.71079380972948,22.509172,22.371037,-0.6174766,No Alert,Low,Conditions are within expected range; continue routine monitoring.
COW01309,104,611.6,29.9,57.72086951438048,31.429068293931703,95.0,22.035444,21.943619,-0.418461,No Alert,Low,Conditions are within expected range; continue routine monitoring.
COW01310,68,627.4,20.1,53.47678442096078,35.69732035080065,40.0,22.605427,22.426315,-0.79866654,No Alert,Low,Conditions are within expected range; continue routine monitoring.
COW01311,49,596.1,18.6,46.77705103770016,26.89693259316602,70.89343642624898,21.96452,21.760532,-0.93741786,No Alert,Low,Conditions are within expected range; continue routine monitoring.
COW01312,96,530.5,30.1,46.53303430423017,25.97710101801745,80.77456934393759,21.030706,20.577257,-2.2036428,No Alert,Low,Conditions are within expected range; continue routine monitoring.
COW01313,104,536.9,16.6,66.78905753068437,39.15941169264632,76.98699958298562,21.00675,20.707157,-1.4468088,No Alert,Low,Conditions are within expected range; continue routine monitoring.
COW01314,109,515.8,15.1,58.16918775284521,35.29234953379429,64.7859548008989,20.801321,20.545362,-1.2458216,No Alert,Low,Conditions are within expected range; continue routine monitoring.
COW01315,44,760.8,19.7,36.794842132805286,19.533838475413894,92.8695239499094,23.262926,23.120018,-0.6181141,No Alert,Low,Conditions are within expected range; continue routine monitoring.
COW01316,88,594.5,27.7,83.17423335928333,45.45346845122881,97.93256636070508,22.325209,22.091616,-1.057383,Heat Stress Alert,High,"High heat stress detected. Consider active cooling, shading, and improved hydration measures."
COW01317,75,512.9,26.5,52.47514845345011,32.18898830373397,58.03566585231772,21.155472,20.817284,-1.6245548,No Alert,Low,Conditions are within expected range; continue routine monitoring.
COW01318,60,587.2,31.8,48.41046311942873,26.108836068244987,95.0,21.746706,21.673075,-0.33973622,No Alert,Low,Conditions are within expected range; continue routine monitoring.
COW01319,54,469.1,20.5,43.20929071764712,23.99613562699261,79.32758051731196,20.430775,20.135338,-1.4672556,No Alert,Low,Conditions are within expected range; continue routine monitoring.
COW01320,24,670.4,19.0,58.388706471747554,32.93355277831586,84.39754879267268,21.791172,21.846767,0.25447884,No Alert,Low,Conditions are within expected range; continue routine monitoring.
COW01321,41,497.1,20.8,79.68112173510855,45.134156322120624,88.41562590040567,20.9682,20.617926,-1.6988859,Heat Stress Alert,High,"High heat stress detected. Consider active cooling, shading, and improved hydration measures."
COW01322,71,590.1,28.1,57.06748745968137,34.514541615605154,64.9075401105254,22.290236,22.079975,-0.95226735,No Alert,Low,Conditions are within expected range; continue routine monitoring.
COW01323,107,635.3,17.9,46.47,25.0,95.0,22.109169,22.05557,-0.24301527,No Alert,Low,Conditions are within expected range; continue routine monitoring.
COW01324,105,580.8,31.1,62.13094796259649,42.0,43.95271000940756,21.536844,21.251904,-1.3407774,No Alert,Low,Conditions are within expected range; continue routine monitoring.
COW01325,32,557.6,23.2,64.45888886741137,35.279365067092215,95.0,21.303755,21.06241,-1.1458539,No Alert,Low,Conditions are within expected range; continue routine monitoring.
COW01326,85,550.9,28.1,71.5763344743122,44.8208770232368,63.507810248092426,21.691828,21.17402,-2.4454827,Heat Stress Alert,Medium,Moderate heat stress detected. Monitor cattle closely and provide ventilation and water access.
COW01327,21,545.5,28.9,48.8864698490136,27.781389529012657,76.68380180963615,20.298962,20.36903,0.3439946,No Alert,Low,Conditions are within expected range; continue routine monitoring.
COW01328,84,503.9,22.6,87.24455836871462,52.0,77.77808076785806,21.253012,20.644037,-2.9498806,Heat Stress Alert,High,"High heat stress detected. Consider active cooling, shading, and improved hydration measures."
COW01329,48,514.0,27.3,61.21288755824408,38.93970293498352,55.66948078569494,20.976986,20.64722,-1.5971415,No Alert,Low,Conditions are within expected range; continue routine monitoring.
COW01330,60,668.4,20.6,42.48261000715199,23.135316627346267,86.7095839613088,22.825514,22.701561,-0.5460103,No Alert,Low,Conditions are within expected range; continue routine monitoring.
COW01331,89,541.3,28.6,64.9891515732119,36.41790057306416,88.35915599764698,21.423574,20.911617,-2.448195,No Alert,Low,Conditions are within expected range; continue routine monitoring.
COW01332,57,487.1,28.8,47.93831404958648,27.312814017047018,75.02673563763126,20.990759,20.61484,-1.8235376,No Alert,Low,Conditions are within expected range; continue routine monitoring.
COW01333,99,508.7,24.2,45.91006966888637,26.47359778096884,69.00338735189148,20.783688,20.428013,-1.7411128,No Alert,Low,Conditions are within expected range; continue routine monitoring.
COW01334,69,638.0,17.9,66.89947353260806,36.778045513238425,94.18622868359324,22.83112,22.710957,-0.5290969,No Alert,Low,Conditions are within expected range; continue routine monitoring.
COW01335,119,604.0,31.5,48.51226543658975,26.16700882090843,95.0,21.521347,21.430101,-0.42578265,No Alert,Low,Conditions are within expected range; continue routine monitoring.
COW01336,80,594.8,31.0,62.016672816997215,40.62839594770064,49.99907765989922,22.319323,22.090431,-1.0361562,No Alert,Low,Conditions are within expected range; continue routine monitoring.
COW01337,44,529.4,25.2,52.34411099344916,28.35663485339952,95.0,21.089424,20.721926,-1.7734761,No Alert,Low,Conditions are within expected range; continue routine monitoring.
COW01338,95,595.9,31.7,38.03951444166587,20.46763301578088,86.77861721937933,21.60359,21.55639,-0.21895711,No Alert,Low,Conditions are within expected range; continue routine monitoring.
COW01339,56,498.5,23.1,59.49704469077811,40.04623014419902,43.12548282235778,21.080397,20.744057,-1.6213799,No Alert,Low,Conditions are within expected range; continue routine monitoring.
COW01340,69,529.2,20.8,81.6215122291178,49.0,75.20668274311505,21.324543,20.972763,-1.6773181,Heat Stress Alert,High,"High heat stress detected. Consider active cooling, shading, and improved hydration measures."
COW01341,26,627.6,22.3,40.80588118895804,22.363826211123428,81.80515304263872,21.69453,21.749651,0.2534315,No Alert,Low,Conditions are within expected range; continue routine monitoring.
COW01342,24,619.9,14.8,65.98614667331003,38.27410047358392,79.44536513712535,21.427505,21.432003,0.020985104,No Alert,Low,Conditions are within expected range; continue routine monitoring.
COW01343,74,471.4,23.9,66.15261414444035,36.24720808253734,95.0,20.616295,20.08275,-2.6567304,No Alert,Low,Conditions are within expected range; continue routine monitoring.
COW01344,32,481.6,26.0,49.997081258599366,29.27238479742103,68.44345112982604,19.804916,19.606613,-1.0114099,No Alert,Low,Conditions are within expected range; continue routine monitoring.
COW01345,119,558.7,16.0,41.91731193643101,23.32781703373869,76.78314064383753,21.202606,20.94057,-1.2513287,No Alert,Low,Conditions are within expected range; continue routine monitoring.
COW01346,104,688.1,18.6,69.87274149982721,40.22896642856275,82.42516562116133,22.986254,22.835108,-0.66190153,No Alert,Low,Conditions are within expected range; continue routine monitoring.
COW01347,87,396.8,27.0,62.63394114182703,42.0,45.77514906459069,20.004316,19.40746,-3.0754004,No Alert,Low,Conditions are within expected range; continue routine monitoring.
COW01348,91,572.3,28.3,47.37502876633712,28.92629678439312,53.9297210782543,21.926037,21.640223,-1.3207549,No Alert,Low,Conditions are within expected range; continue routine monitoring.
COW01349,76,439.9,31.7,65.0555107171968,40.90712167871115,60.09635284928612,20.098959,19.44575,-3.3591387,No Alert,Low,Conditions are within expected range; continue routine monitoring.
COW01350,18,499.3,18.6,36.42017120159672,19.432883720342957,88.89266023053457,19.763252,19.500957,-1.3450353,No Alert,Low,Conditions are within expected range; continue routine monitoring.
COW01351,54,520.8,29.1,37.90991458547869,20.76816148231064,76.87282135084818,20.937569,20.673214,-1.2787305,No Alert,Low,Conditions are within expected range; continue routine monitoring.
COW01352,65,516.4,17.1,78.87740749965187,49.0,67.27574421864702,21.30267,20.981941,-1.5285921,Heat Stress Alert,Medium,Moderate heat stress detected. Monitor cattle closely and provide ventilation and water access.
COW01353,110,507.3,16.4,58.820603290933775,39.24648948668536,44.36607315288011,20.733318,20.473866,-1.2672391,No Alert,Low,Conditions are within expected range; continue routine monitoring.
COW01354,35,550.6,27.1,40.14235430119295,21.491161737220175,92.36039388355935,21.273186,20.971645,-1.437848,No Alert,Low,Conditions are within expected range; continue routine monitoring.
COW01355,65,507.2,22.0,53.2622892058438,32.429264819583096,60.56196666609176,21.173597,20.856596,-1.5199093,No Alert,Low,Conditions are within expected range; continue routine monitoring.
COW01356,49,433.0,28.3,54.009666025234615,31.057152236408992,76.62740938518981,19.712452,19.279594,-2.245159,No Alert,Low,Conditions are within expected range; continue routine monitoring.
COW01357,26,612.4,19.1,70.57376908240275,39.31799676351539,91.17655759894728,21.679787,21.785547,0.4854621,Heat Stress Alert,Medium,Moderate heat stress detected. Monitor cattle closely and provide ventilation and water access.
COW01358,23,610.2,17.8,46.47,25.0,95.0,21.315065,21.39814,0.38823268,No Alert,Low,Conditions are within expected range; continue routine monitoring.
COW01359,51,617.5,23.9,57.81402945104716,37.84289058444524,47.51852994989606,22.139498,22.045792,-0.42505223,No Alert,Low,Conditions are within expected range; continue routine monitoring.
COW01360,20,426.7,16.1,46.90692083573263,25.634978773030287,88.99827956338447,18.058598,18.089788,0.17242254,No Alert,Low,Conditions are within expected range; continue routine monitoring.
COW01361,19,573.9,19.0,59.12595752348823,38.97742886661206,46.96998409740446,20.372648,20.42666,0.2644206,No Alert,Low,Conditions are within expected range; continue routine monitoring.
COW01362,49,604.1,17.0,45.67691724618295,25.22396908096413,84.05181050832488,22.013521,21.883896,-0.592332,No Alert,Low,Conditions are within expected range; continue routine monitoring.
COW01363,33,467.5,19.8,68.7097370784059,40.10783134778093,78.66658111527876,19.829107,19.555601,-1.3986079,No Alert,Low,Conditions are within expected range; continue routine monitoring.
COW01364,71,550.7,27.8,66.65471930736388,38.79367912900239,78.78998449770943,21.706665,21.344503,-1.6967442,No Alert,Low,Conditions are within expected range; continue routine monitoring.
COW01365,13,540.7,16.2,58.58625718729859,34.727712198489755,70.85936325671187,19.709438,19.753712,0.22412688,No Alert,Low,Conditions are within expected range; continue routine monitoring.
COW01366,44,697.4,25.0,61.77214494789425,41.16525993024561,46.47792338321446,22.645163,22.582531,-0.2773454,No Alert,Low,Conditions are within expected range; continue routine monitoring.
COW01367,60,704.0,24.5,59.19979946475214,38.17513145557747,51.56520090413265,23.083605,22.938368,-0.6331617,No Alert,Low,Conditions are within expected range; continue routine monitoring.
COW01368,116,416.9,23.7,76.88956488602619,49.0,61.53053435267688,19.972687,19.424095,-2.824284,Heat Stress Alert,Medium,Moderate heat stress detected. Monitor cattle closely and provide ventilation and water access.
COW01369,80,749.5,22.7,57.631494518601066,37.998019956127,45.90672680945319,23.322382,23.21376,-0.46791902,No Alert,Low,Conditions are within expected range; continue routine monitoring.
COW01370,107,476.8,25.9,56.35714279099824,35.58751711509068,54.21649472435855,20.416975,19.93148,-2.4358182,No Alert,Low,Conditions are within expected range; continue routine monitoring.
COW01371,49,628.5,29.3,62.94935098653931,34.72086509508803,92.38119943528696,22.471796,22.210499,-1.1764581,No Alert,Low,Conditions are within expected range; continue routine monitoring.
COW01372,60,627.6,16.9,72.87694106104604,44.27164408362114,70.50039072237168,22.544445,22.417494,-0.56630427,Heat Stress Alert,Medium,Moderate heat stress detected. Monitor cattle closely and provide ventilation and water access.
COW01373,57,470.3,28.7,40.68622073373585,21.91171893820475,89.95072417854459,20.214962,19.86681,-1.7524312,No Alert,Low,Conditions are within expected range; continue routine monitoring.
COW01374,107,589.5,15.1,57.83333784123476,35.746460333545315,60.13254363406967,21.75347,21.56518,-0.8731188,No Alert,Low,Conditions are within expected range; continue routine monitoring.
COW01375,115,541.4,22.7,58.45212636861996,37.455351996020525,52.42966914532454,21.067514,20.677147,-1.8879176,No Alert,Low,Conditions are within expected range; continue routine monitoring.
COW01376,115,594.3,23.2,33.81512487878072,18.0,83.75346885502006,21.788967,21.577303,-0.9809576,No Alert,Low,Conditions are within expected range; continue routine monitoring.
COW01377,93,568.5,17.6,43.70203234993412,24.37179863661024,78.26665705013653,21.622246,21.29958,-1.5148945,No Alert,Low,Conditions are within expected range; continue routine monitoring.
COW01378,66,645.7,15.6,55.65205615324201,30.246889230424006,95.0,22.894424,22.768625,-0.5525111,No Alert,Low,Conditions are within expected range; continue routine monitoring.
COW01379,70,556.0,15.3,57.73895229995496,35.988476222900005,58.124395589923424,21.843586,21.58911,-1.1787264,No Alert,Low,Conditions are within expected range; continue routine monitoring.
COW01380,117,536.6,14.7,58.66984910859982,36.47006513595015,59.32831153502615,20.795347,20.550234,-1.1927522,No Alert,Low,Conditions are within expected range; continue routine monitoring.
COW01381,42,637.7,24.3,54.64000276072365,33.52940221514602,59.68028096334158,22.508068,22.350033,-0.7070919,No Alert,Low,Conditions are within expected range; continue routine monitoring.
COW01382,49,596.4,16.8,49.69680468685146,28.712664005836327,72.15060367497938,21.919111,21.730679,-0.86712754,No Alert,Low,Conditions are within expected range; continue routine monitoring.
COW01383,108,608.5,28.6,53.60188240508612,32.601090904253624,61.10078643189584,22.104765,21.924496,-0.82222754,No Alert,Low,Conditions are within expected range; continue routine monitoring.
COW01384,53,496.8,30.2,60.92945984535147,33.80304652338002,90.12513888257794,21.01446,20.545107,-2.2844987,No Alert,Low,Conditions are within expected range; continue routine monitoring.
COW01385,37,466.4,19.3,50.64876947982006,31.069023213407768,56.3533374981332,19.94276,19.675035,-1.3607345,No Alert,Low,Conditions are within expected range; continue routine monitoring.
COW01386,72,504.6,17.0,53.77914747051518,29.885213870318232,86.99251096609976,21.1468,20.893364,-1.2129935,No Alert,Low,Conditions are within expected range; continue routine monitoring.
COW01387,47,500.3,21.4,89.208,52.0,83.0,21.173277,20.711521,-2.2294633,Heat Stress Alert,High,"High heat stress detected. Consider active cooling, shading, and improved hydration measures."
COW01388,108,612.9,29.9,58.61756434897385,32.3175582838994,91.32671685828127,22.05166,21.945534,-0.48359174,No Alert,Low,Conditions are within expected range; continue routine monitoring.
COW01389,110,628.1,21.2,50.94041360114835,29.73359969759665,70.13052417663225,22.051338,21.92903,-0.557748,No Alert,Low,Conditions are within expected range; continue routine monitoring.
COW01390,45,537.6,16.0,62.77074111489132,34.31470920850933,95.0,21.119572,20.834156,-1.369941,No Alert,Low,Conditions are within expected range; continue routine monitoring.
COW01391,69,664.5,31.7,48.554161893805066,26.190949653602896,95.0,22.525408,22.525105,-0.0013463575,No Alert,Low,Conditions are within expected range; continue routine monitoring.
COW01392,118,659.5,23.0,59.98974240462402,37.14133626066314,61.01960428814687,22.32081,22.21925,-0.45708382,No Alert,Low,Conditions are within expected range; continue routine monitoring.
COW01393,92,569.5,20.2,62.20715210249316,38.29985363565962,63.46176602242969,21.741745,21.466621,-1.2816343,No Alert,Low,Conditions are within expected range; continue routine monitoring.
COW01394,35,484.2,30.1,42.50909223087325,23.309932426580826,83.739650677371,20.08589,19.766499,-1.6158211,No Alert,Low,Conditions are within expected range; continue routine monitoring.
COW01395,75,676.0,30.7,61.70984977336615,41.86649659428196,43.022059465715074,22.902761,22.814281,-0.38782722,No Alert,Low,Conditions are within expected range; continue routine monitoring.
COW01396,78,545.1,22.9,42.463278711647725,23.537183692398145,79.16587869134429,21.57918,21.272491,-1.4417132,No Alert,Low,Conditions are within expected range; continue routine monitoring.
COW01397,82,560.1,19.5,54.72159184527181,31.256604357781143,78.99757315535487,21.778809,21.49976,-1.2979164,No Alert,Low,Conditions are within expected range; continue routine monitoring.
COW01398,14,522.8,22.7,55.54061788317088,30.183210218954784,95.0,19.416965,19.509682,0.47523183,No Alert,Low,Conditions are within expected range; continue routine monitoring.
COW01399,44,478.8,17.9,64.37151451527845,42.0,52.07070476550165,20.42826,20.167587,-1.292537,No Alert,Low,Conditions are within expected range; continue routine monitoring.
COW01400,104,432.5,22.6,79.77293937487349,44.92197606910032,89.88722898373575,19.966848,19.435766,-2.7324991,Heat Stress Alert,High,"High heat stress detected. Consider active cooling, shading, and improved hydration measures."
COW01401,38,600.6,18.1,59.26497732699257,37.10364039907733,58.06145964268544,21.817593,21.654848,-0.7515385,No Alert,Low,Conditions are within expected range; continue routine monitoring.
COW01402,44,487.3,25.2,47.301868919465946,26.52822467683444,79.80796395111602,20.941628,20.622934,-1.5453337,No Alert,Low,Conditions are within expected range; continue routine monitoring.
COW01403,46,794.8,27.7,65.36402936385828,41.679929033216034,57.2585292222221,23.84851,23.701176,-0.62163603,No Alert,Low,Conditions are within expected range; continue routine monitoring.
COW01404,31,463.1,31.4,58.65423202157744,39.81284135685004,40.93977052783594,19.412405,19.147163,-1.3852789,No Alert,Low,Conditions are within expected range; continue routine monitoring.
COW01405,28,449.4,29.2,61.67751935452391,41.81128860537757,43.151887678499484,19.207783,18.97062,-1.2501624,No Alert,Low,Conditions are within expected range; continue routine monitoring.
COW01406,49,590.8,15.6,47.878666152475176,28.05294495752587,66.18579518606658,21.914604,21.765053,-0.68711704,No Alert,Low,Conditions are within expected range; continue routine monitoring.
COW01407,106,672.3,17.8,62.50439243233829,38.114538222456055,65.83624655861621,22.85845,22.662971,-0.8625455,No Alert,Low,Conditions are within expected range; continue routine monitoring.
COW01408,12,555.2,23.6,74.49965889521144,40.56834769393902,98.0,19.86007,19.990965,0.6547739,Heat Stress Alert,Medium,Moderate heat stress detected. Monitor cattle closely and provide ventilation and water access.
COW01409,42,595.8,18.6,50.9033186795028,27.533324959715884,95.0,21.923903,21.70704,-0.99903864,No Alert,Low,Conditions are within expected range; continue routine monitoring.
COW01410,18,402.5,14.3,37.748521889934565,20.282113712278584,87.09166756531891,18.179197,18.152115,-0.14919718,No Alert,Low,Conditions are within expected range; continue routine monitoring.
COW01411,72,495.8,27.6,48.71524880074694,27.889708430397118,74.15639936210809,21.003325,20.65439,-1.6893947,No Alert,Low,Conditions are within expected range; continue routine monitoring.
COW01412,39,464.1,20.4,41.595155160614304,23.235814397999334,74.76960633884211,19.956451,19.713253,-1.2336797,No Alert,Low,Conditions are within expected range; continue routine monitoring.
COW01413,97,398.4,15.2,58.2952237499688,31.75727071426789,95.0,19.85614,19.400892,-2.3465307,No Alert,Low,Conditions are within expected range; continue routine monitoring.
COW01414,75,559.4,23.2,50.95237144008681,32.16351940206854,49.66108189914617,21.767174,21.517548,-1.1601051,No Alert,Low,Conditions are within expected range; continue routine monitoring.
COW01415,96,370.6,31.6,41.08818922172276,22.06527387358869,91.79019874416744,19.453415,19.065556,-2.0343459,No Alert,Low,Conditions are within expected range; continue routine monitoring.
COW01416,80,444.2,26.2,92.53435851028073,50.70020141027007,98.0,19.961239,19.57983,-1.9479673,Health Risk Alert,Critical,"Critical heat stress or productivity decline detected. Consider emergency cooling, veterinary assessment, and hydration."
COW01417,59,507.0,16.9,76.48937683690471,41.686166762306016,98.0,21.147093,20.892462,-1.2187699,Heat Stress Alert,Medium,Moderate heat stress detected. Monitor cattle closely and provide ventilation and water access.
COW01418,104,483.5,23.3,39.03325443821197,21.34915288276322,79.9224340822526,20.353985,20.08747,-1.326776,No Alert,Low,Conditions are within expected range; continue routine monitoring.
COW01419,63,581.7,30.2,62.63580701896485,36.56345196019842,76.63537918780978,22.088636,21.783638,-1.4001261,No Alert,Low,Conditions are within expected range; continue routine monitoring.
COW01420,114,574.4,15.0,34.00266730881196,18.0,88.96298080033218,21.48848,21.153357,-1.5842547,No Alert,Low,Conditions are within expected range; continue routine monitoring.
COW01421,119,621.5,25.5,49.68795103116101,29.273865554474227,66.35032803972716,22.165775,22.042742,-0.5581589,No Alert,Low,Conditions are within expected range; continue routine monitoring.
COW01422,75,610.2,27.0,65.44218526299181,38.86941311754106,73.34321703079098,22.600437,22.414452,-0.8297574,No Alert,Low,Conditions are within expected range; continue routine monitoring.
COW01423,84,641.3,26.7,63.2968847553616,40.80545050471174,53.9756909242999,23.120283,22.966122,-0.67125595,No Alert,Low,Conditions are within expected range; continue routine monitoring.
COW01424,39,549.8,16.7,73.28998236716512,45.36412599918882,66.52434358506905,21.216518,20.950937,-1.2676337,Heat Stress Alert,Medium,Moderate heat stress detected. Monitor cattle closely and provide ventilation and water access.
COW01425,99,574.3,30.3,55.876255926043,36.6614860710777,45.5812654949572,21.569353,21.32694,-1.1366495,No Alert,Low,Conditions are within expected range; continue routine monitoring.
COW01426,84,590.9,19.8,66.49639147384502,42.0,59.76953432552543,22.221437,22.06504,-0.70879936,No Alert,Low,Conditions are within expected range; continue routine monitoring.
COW01427,109,561.3,14.9,86.54006930970448,51.307196052263386,78.83100202652624,21.328331,21.073122,-1.2110639,Heat Stress Alert,High,"High heat stress detected. Consider active cooling, shading, and improved hydration measures."
COW01428,40,518.2,15.5,39.93167961578058,21.606629784466183,86.67540827019634,20.873892,20.608177,-1.289365,No Alert,Low,Conditions are within expected range; continue routine monitoring.
COW01429,97,523.4,22.2,54.41397344388559,33.6806840628025,57.4119992713299,21.038206,20.665773,-1.8021716,No Alert,Low,Conditions are within expected range; continue routine monitoring.
COW01430,62,484.6,14.7,45.08575852478589,24.85453872300886,84.1943176986532,21.188541,20.880737,-1.4741056,No Alert,Low,Conditions are within expected range; continue routine monitoring.
COW01431,31,583.7,28.0,33.734468471481975,18.0,81.51301309672165,21.687737,21.4015,-1.3374567,No Alert,Low,Conditions are within expected range; continue routine monitoring.
COW01432,30,542.5,29.6,59.51905292255211,36.47382143105029,63.15171036992757,20.65209,20.423136,-1.1210537,No Alert,Low,Conditions are within expected range; continue routine monitoring.
COW01433,72,496.9,14.2,62.28417336716228,41.57251812267355,46.466649914524496,21.10374,20.898659,-0.98131627,No Alert,Low,Conditions are within expected range; continue routine monitoring.
COW01434,46,497.0,28.6,77.42429155967508,48.0490564054622,67.11940496387629,21.176388,20.535446,-3.1211479,Heat Stress Alert,Medium,Moderate heat stress detected. Monitor cattle closely and provide ventilation and water access.
COW01435,23,453.2,31.7,65.97930815701346,36.14817608972197,95.0,18.897785,18.664995,-1.247201,No Alert,Low,Conditions are within expected range; continue routine monitoring.
COW01436,58,628.3,14.5,63.7478702316818,42.0,49.81112402783261,22.384182,22.248241,-0.61101705,No Alert,Low,Conditions are within expected range; continue routine monitoring.
COW01437,82,556.3,27.0,44.94279980259616,25.468460238374533,73.795554539536,21.823654,21.519655,-1.4126571,No Alert,Low,Conditions are within expected range; continue routine monitoring.
COW01438,46,481.0,32.0,45.19358423162335,25.214571591133243,79.72509022720584,20.146088,19.913439,-1.1683007,No Alert,Low,Conditions are within expected range; continue routine monitoring.
COW01439,115,614.7,28.3,44.787884358548624,26.248718113736388,62.3604156722527,22.077059,21.934637,-0.6493006,No Alert,Low,Conditions are within expected range; continue routine monitoring.
COW01440,96,505.2,23.1,61.12943139673948,42.0,40.32402679978072,21.051107,20.625439,-2.0638044,No Alert,Low,Conditions are within expected range; continue routine monitoring.
COW01441,67,437.5,29.9,59.61669735643276,37.10735435819853,59.5878042700673,20.111052,19.591896,-2.6498482,No Alert,Low,Conditions are within expected range; continue routine monitoring.
COW01442,112,631.7,26.7,51.769532004369935,33.47071926965211,45.05837701844061,22.150606,22.071703,-0.35748577,No Alert,Low,Conditions are within expected range; continue routine monitoring.
COW01443,58,507.0,19.3,49.72222234818913,30.84357976475782,52.5880535752686,21.036802,20.83333,-0.9766664,No Alert,Low,Conditions are within expected range; continue routine monitoring.
COW01444,27,517.3,18.0,74.24291266831804,47.96732802052033,58.0,19.939829,20.052696,0.56285375,Heat Stress Alert,Medium,Moderate heat stress detected. Monitor cattle closely and provide ventilation and water access.
COW01445,15,553.3,23.2,44.077135098721726,25.272267204252383,68.60870134246068,19.84436,19.996737,0.7620052,No Alert,Low,Conditions are within expected range; continue routine monitoring.
COW01446,113,641.4,20.7,78.08201371972837,42.580906584117066,98.0,22.427042,22.29745,-0.58120054,Heat Stress Alert,Medium,Moderate heat stress detected. Monitor cattle closely and provide ventilation and water access.
COW01447,115,551.6,19.9,58.55660538634147,34.531629735382445,72.18144675339397,21.133146,20.829147,-1.4594882,No Alert,Low,Conditions are within expected range; continue routine monitoring.
COW01448,91,454.1,17.2,43.844237119094174,24.453532388566657,78.39444787788172,20.146107,19.731562,-2.1009238,No Alert,Low,Conditions are within expected range; continue routine monitoring.
COW01449,23,593.5,29.2,62.9642690351761,42.0,46.97198925788443,21.282925,21.278528,-0.020661386,No Alert,Low,Conditions are within expected range; continue routine monitoring.
COW01450,43,511.2,26.7,35.32250899225579,18.864851982851484,85.79517127750728,20.9523,20.60472,-1.6868949,No Alert,Low,Conditions are within expected range; continue routine monitoring.
COW01451,16,701.0,20.0,47.65150965470816,26.083798908229973,88.87923020319576,21.394154,21.57678,0.84640396,No Alert,Low,Conditions are within expected range; continue routine monitoring.
COW01452,17,549.9,18.3,53.32805088545453,28.918886220259733,95.0,19.853855,19.954994,0.5068359,No Alert,Low,Conditions are within expected range; continue routine monitoring.
COW01453,38,371.2,16.3,47.80883320929942,26.93801316168167,78.62826871232774,19.359924,19.055735,-1.5963157,No Alert,Low,Conditions are within expected range; continue routine monitoring.
COW01454,73,578.6,16.0,79.1700233676282,48.85335698524295,68.75190069164985,22.143162,21.895555,-1.1308517,Heat Stress Alert,High,"High heat stress detected. Consider active cooling, shading, and improved hydration measures."
COW01455,19,705.6,25.3,50.482125056003625,32.13307532540679,47.2318796485237,21.54772,21.815088,1.2256119,No Alert,Low,Conditions are within expected range; continue routine monitoring.
COW01456,118,676.1,16.0,62.47718443071185,42.0,45.20718996634729,22.393412,22.267063,-0.5674233,No Alert,Low,Conditions are within expected range; continue routine monitoring.
COW01457,61,696.5,31.3,83.48767354397239,49.85872543940023,76.7108598952289,22.813665,22.666422,-0.6496107,Heat Stress Alert,High,"High heat stress detected. Consider active cooling, shading, and improved hydration measures."
COW01458,40,468.4,19.0,54.18063838723989,31.42878504860796,74.21322374015523,20.187275,19.895529,-1.4663905,No Alert,Low,Conditions are within expected range; continue routine monitoring.
COW01459,67,623.0,14.5,54.82189013121808,35.45003843430417,47.799719773325705,22.390167,22.332886,-0.25648946,No Alert,Low,Conditions are within expected range; continue routine monitoring.
COW01460,97,492.2,29.4,34.09776733926109,18.0,91.60464831280812,20.85917,20.39375,-2.2821782,No Alert,Low,Conditions are within expected range; continue routine monitoring.
COW01461,45,567.9,20.6,56.59995095178952,31.997129337622248,82.98084989619566,21.612581,21.320868,-1.3682076,No Alert,Low,Conditions are within expected range; continue routine monitoring.
COW01462,17,448.2,20.2,85.26744954444342,52.0,72.51981261820055,18.33903,18.58945,1.3471164,Heat Stress Alert,High,"High heat stress detected. Consider active cooling, shading, and improved hydration measures."
COW01463,17,498.4,16.1,62.98006882416779,41.14876751103051,51.071716892039625,19.249807,19.559683,1.5842562,No Alert,Low,Conditions are within expected range; continue routine monitoring.
COW01464,104,495.9,25.9,39.10993680620582,20.943834554578224,90.9996900575226,20.795033,20.476902,-1.5536065,No Alert,Low,Conditions are within expected range; continue routine monitoring.
COW01465,24,621.9,20.5,34.74311436676597,18.601925824467283,82.38064763151793,21.726675,21.48736,-1.113748,No Alert,Low,Conditions are within expected range; continue routine monitoring.
COW01466,80,614.1,28.8,66.03867170917096,38.70436585183457,76.83878337559526,22.713202,22.481335,-1.0313748,No Alert,Low,Conditions are within expected range; continue routine monitoring.
COW01467,53,572.1,25.4,77.67052914518536,48.75748020440404,64.80261314043685,21.968739,21.609125,-1.6641738,Heat Stress Alert,Medium,Moderate heat stress detected. Monitor cattle closely and provide ventilation and water access.
COW01468,95,442.0,29.8,36.26934420585965,19.171053831919803,95.0,20.012451,19.591288,-2.1497493,No Alert,Low,Conditions are within expected range; continue routine monitoring.
COW01469,18,525.1,25.2,70.93489363731169,45.57021278066064,58.0,19.51117,19.629946,0.60507715,Heat Stress Alert,Medium,Moderate heat stress detected. Monitor cattle closely and provide ventilation and water access.
COW01470,108,490.3,28.0,53.90078318925544,31.65628937026614,70.55834213131733,20.871572,20.390875,-2.3574154,No Alert,Low,Conditions are within expected range; continue routine monitoring.
COW01471,87,619.6,26.5,66.13430231697657,40.94137008175886,63.9801419416558,22.590462,22.44477,-0.6491085,No Alert,Low,Conditions are within expected range; continue routine monitoring.
COW01472,60,644.3,22.3,79.49260938678927,48.75280776794614,70.12632951333472,22.926493,22.736557,-0.8353757,Heat Stress Alert,High,"High heat stress detected. Consider active cooling, shading, and improved hydration measures."
COW01473,34,634.5,26.4,48.78312853359642,29.75986079741466,55.82889069611919,22.321983,22.22886,-0.41892603,No Alert,Low,Conditions are within expected range; continue routine monitoring.
COW01474,117,489.6,25.9,79.79246222152524,44.61105785817278,91.70025116314343,21.184748,20.485464,-3.41356,Heat Stress Alert,High,"High heat stress detected. Consider active cooling, shading, and improved hydration measures."
COW01475,44,330.8,14.1,49.14579181855095,30.47785936264028,52.018767796120834,19.494947,19.178719,-1.648853,No Alert,Low,Conditions are within expected range; continue routine monitoring.
COW01476,64,408.6,26.6,50.23594285283391,30.29224994186061,60.420286205373074,19.913265,19.407295,-2.6071124,No Alert,Low,Conditions are within expected range; continue routine monitoring.
COW01477,54,663.7,18.7,59.65744900314861,35.13322407450124,73.0753195407796,22.746534,22.589174,-0.69661725,No Alert,Low,Conditions are within expected range; continue routine monitoring.
COW01478,36,517.9,23.8,52.19765827124355,31.72436233305608,60.13594154008255,20.73798,20.422245,-1.5460341,No Alert,Low,Conditions are within expected range; continue routine monitoring.
COW01479,56,489.9,16.0,56.99945533521824,34.9309800831834,61.6369565281336,21.087473,20.84176,-1.1789421,No Alert,Low,Conditions are within expected range; continue routine monitoring.
COW01480,28,681.4,14.4,84.32266698144113,48.041516832643,87.657918821046,22.013397,22.093573,0.36289015,Heat Stress Alert,High,"High heat stress detected. Consider active cooling, shading, and improved hydration measures."
COW01481,12,651.2,14.3,54.43264422827557,35.10808254748692,48.03041598601833,20.908619,21.0026,0.44747218,No Alert,Low,Conditions are within expected range; continue routine monitoring.
COW01482,43,552.0,16.8,53.789547215369225,29.6441223821024,89.70178123039585,21.302214,21.010492,-1.3884555,No Alert,Low,Conditions are within expected range; continue routine monitoring.
COW01483,24,526.5,14.4,77.17025305176865,49.0,62.34177182592095,19.910334,19.918495,0.040974706,Heat Stress Alert,Medium,Moderate heat stress detected. Monitor cattle closely and provide ventilation and water access.
COW01484,56,539.4,16.4,43.12106811426028,23.9170427256586,79.72470180550052,21.333523,21.053595,-1.3295982,No Alert,Low,Conditions are within expected range; continue routine monitoring.
COW01485,105,568.2,24.1,57.47985852675147,35.692287390712465,58.82894770453481,21.467724,21.185074,-1.3341941,No Alert,Low,Conditions are within expected range; continue routine monitoring.
COW01486,29,678.0,21.2,70.63196743945312,41.014388003050136,80.48449971706324,22.223791,22.274952,0.22967866,Heat Stress Alert,Medium,Moderate heat stress detected. Monitor cattle closely and provide ventilation and water access.
COW01487,12,583.8,31.7,75.6367693781373,43.759020008124565,82.52848141706562,20.112972,19.994844,-0.5907914,Heat Stress Alert,Medium,Moderate heat stress detected. Monitor cattle closely and provide ventilation and water access.
COW01488,23,608.1,28.6,48.020772123766136,26.971152793574912,79.896013148767,21.438478,21.531473,0.4319012,No Alert,Low,Conditions are within expected range; continue routine monitoring.
COW01489,66,643.5,16.6,48.83546600605451,28.586688270538744,67.43022196018293,22.92902,22.833887,-0.41663003,No Alert,Low,Conditions are within expected range; continue routine monitoring.
COW01490,41,456.4,21.5,54.21839021416446,33.10957159128006,60.561156549524135,20.040108,19.703575,-1.7079773,No Alert,Low,Conditions are within expected range; continue routine monitoring.
COW01491,64,610.4,21.8,47.3119281782329,25.48110181613309,95.0,22.488705,22.319937,-0.7561309,No Alert,Low,Conditions are within expected range; continue routine monitoring.
COW01492,15,526.4,20.5,71.2064475723412,38.71822897322539,98.0,19.351143,19.469584,0.60833675,Heat Stress Alert,Medium,Moderate heat stress detected. Monitor cattle closely and provide ventilation and water access.
COW01493,47,348.7,22.9,39.49041551987243,21.126241099348107,92.01904227004007,18.959667,18.718777,-1.2868923,No Alert,Low,Conditions are within expected range; continue routine monitoring.
COW01494,56,379.7,26.1,51.48698375708789,31.73894314808617,55.9193784523664,19.674278,19.212564,-2.4031868,No Alert,Low,Conditions are within expected range; continue routine monitoring.
COW01495,58,468.6,25.5,54.17379109069709,29.4021663375412,95.0,20.44573,19.99898,-2.2338672,No Alert,Low,Conditions are within expected range; continue routine monitoring.
COW01496,71,592.5,20.4,34.48108410599086,18.23535814739745,91.06835538795752,22.345049,22.086302,-1.1715275,No Alert,Low,Conditions are within expected range; continue routine monitoring.
COW01497,96,559.1,26.7,41.81018202746052,23.118353896092295,79.32115388991394,21.511658,21.194214,-1.4977854,No Alert,Low,Conditions are within expected range; continue routine monitoring.
COW01498,62,564.7,19.2,56.356920101949655,35.06311913234625,57.62162391753439,21.74257,21.495804,-1.1479777,No Alert,Low,Conditions are within expected range; continue routine monitoring.
COW01499,102,706.1,29.0,43.97291675140632,23.576919568933302,94.92707254131744,23.37226,23.238525,-0.57548296,No Alert,Low,Conditions are within expected range; continue routine monitoring.
COW01500,69,448.5,31.4,42.33588575136592,22.80980402394618,91.41761817894852,19.977966,19.620049,-1.8242452,No Alert,Low,Conditions are within expected range; continue routine monitoring.
COW01501,40,547.8,19.3,72.26874946297909,41.27659187076094,85.00882878392821,21.337849,21.029133,-1.4680388,Heat Stress Alert,Medium,Moderate heat stress detected. Monitor cattle closely and provide ventilation and water access.
COW01502,36,574.4,28.1,60.52876702510789,41.57397252092324,40.0,21.600676,21.443535,-0.7328117,No Alert,Low,Conditions are within expected range; continue routine monitoring.
COW01503,46,491.1,28.6,57.33738849143598,34.82941013265644,63.99529061493678,20.915552,20.52093,-1.923026,No Alert,Low,Conditions are within expected range; continue routine monitoring.
COW01504,76,552.3,22.8,56.38645949882806,30.666548285044605,95.0,21.633842,21.310476,-1.5174047,No Alert,Low,Conditions are within expected range; continue routine monitoring.
COW01505,38,422.0,15.6,59.01644099243629,33.616072313785224,81.82516637454745,19.696371,19.348114,-1.7999536,No Alert,Low,Conditions are within expected range; continue routine monitoring.
COW01506,110,662.8,28.2,34.22,18.0,95.0,22.544054,22.367815,-0.7879134,No Alert,Low,Conditions are within expected range; continue routine monitoring.
COW01507,63,495.5,21.3,55.97419751342935,34.90436977782679,56.82057930776721,21.119339,20.859858,-1.2439271,No Alert,Low,Conditions are within expected range; continue routine monitoring.
COW01508,105,712.5,17.7,53.69120524317546,35.27243053320172,43.47007312915127,23.181633,23.080261,-0.4392141,No Alert,Low,Conditions are within expected range; continue routine monitoring.
COW01509,85,547.4,25.3,50.48348702923592,27.293421159563383,95.0,21.59388,21.22486,-1.7386239,No Alert,Low,Conditions are within expected range; continue routine monitoring.
COW01510,48,632.2,21.9,68.81773005274971,43.065523689383056,62.67218870973269,22.367222,22.147337,-0.9928276,No Alert,Low,Conditions are within expected range; continue routine monitoring.
COW01511,36,545.7,15.6,77.37066723108941,48.74522549394912,63.98119831765712,21.22528,20.952938,-1.2997828,Heat Stress Alert,Medium,Moderate heat stress detected. Monitor cattle closely and provide ventilation and water access.
COW01512,92,547.5,31.7,37.83952957387805,20.242973266365997,89.76852574318653,20.946432,20.744968,-0.97114486,No Alert,Low,Conditions are within expected range; continue routine monitoring.
COW01513,47,503.3,18.4,40.341901115303976,21.67433344095133,90.76342755164468,21.013649,20.741909,-1.310101,No Alert,Low,Conditions are within expected range; continue routine monitoring.
COW01514,38,559.5,23.2,45.1441038508364,24.621863743978423,88.50257724265713,21.548756,21.223623,-1.5319362,No Alert,Low,Conditions are within expected range; continue routine monitoring.
COW01515,112,575.4,26.0,64.49628771792453,42.0,52.5227815866831,21.420393,21.180439,-1.1329038,No Alert,Low,Conditions are within expected range; continue routine monitoring.
COW01516,64,487.3,16.1,74.4778347869622,45.14217971881767,71.44610828770735,21.205406,20.915133,-1.3878644,Heat Stress Alert,Medium,Moderate heat stress detected. Monitor cattle closely and provide ventilation and water access.
COW01517,17,540.0,27.3,44.02867793436833,25.94923681925191,59.4782892278743,19.702791,19.834578,0.6644273,No Alert,Low,Conditions are within expected range; continue routine monitoring.
COW01518,65,501.2,25.7,58.56151240443393,39.36974937635605,42.71453726903837,21.206806,20.849401,-1.7142205,No Alert,Low,Conditions are within expected range; continue routine monitoring.
COW01519,61,734.0,22.9,58.09463029284291,37.3886774163646,51.25866158512864,23.240532,23.077934,-0.70455897,No Alert,Low,Conditions are within expected range; continue routine monitoring.
COW01520,105,542.8,23.5,75.668,49.0,58.0,21.226109,20.86287,-1.7410802,Heat Stress Alert,Medium,Moderate heat stress detected. Monitor cattle closely and provide ventilation and water access.
COW01521,88,673.6,31.2,52.72989027306814,30.986417416057893,69.57956049658333,23.001066,22.83716,-0.71771663,No Alert,Low,Conditions are within expected range; continue routine monitoring.
COW01522,32,534.4,30.4,69.84196466362354,38.35540837921346,95.0,20.715322,20.106808,-3.0264118,No Alert,Low,Conditions are within expected range; continue routine monitoring.
COW01523,28,570.7,16.0,47.44683830746112,25.558193318549208,95.0,20.955523,20.962564,0.03359289,No Alert,Low,Conditions are within expected range; continue routine monitoring.
COW01524,77,444.3,20.6,49.913494145704114,26.967710940402352,95.0,20.156736,19.780413,-1.9025068,No Alert,Low,Conditions are within expected range; continue routine monitoring.
COW01525,17,514.2,23.3,72.94375414078118,46.10115146001876,62.02561127019244,19.47473,19.573298,0.50358385,Heat Stress Alert,Medium,Moderate heat stress detected. Monitor cattle closely and provide ventilation and water access.
COW01526,46,566.8,30.6,76.55910820466826,47.25723527066194,68.03165209733238,21.879519,21.266792,-2.8811407,Heat Stress Alert,Medium,Moderate heat stress detected. Monitor cattle closely and provide ventilation and water access.
COW01527,26,676.9,28.7,56.3749086607736,33.80598641637244,66.62954023695885,22.242254,22.30917,0.29994622,No Alert,Low,Conditions are within expected range; continue routine monitoring.
COW01528,14,567.8,21.0,75.3579737220224,46.673451925412216,66.98760402716505,19.923304,20.056553,0.6643678,Heat Stress Alert,Medium,Moderate heat stress detected. Monitor cattle closely and provide ventilation and water access.
COW01529,111,660.7,30.0,64.36126497205768,42.0,52.033568739339415,22.52683,22.3113,-0.9660145,No Alert,Low,Conditions are within expected range; continue routine monitoring.
COW01530,21,601.3,20.8,58.50035764851996,39.43173324121258,42.16636120974658,20.568468,20.660803,0.44690785,No Alert,Low,Conditions are within expected range; continue routine monitoring.
COW01531,13,680.2,18.9,64.34693954853225,41.90370979013344,52.44373150563086,21.200613,21.309807,0.51241106,No Alert,Low,Conditions are within expected range; continue routine monitoring.
COW01532,112,545.3,25.0,51.56852603042152,29.46264477374645,77.00115342054596,21.22459,20.86759,-1.7107886,No Alert,Low,Conditions are within expected range; continue routine monitoring.
COW01533,32,741.2,20.4,38.54551599554596,20.79220478424861,86.22615129178709,22.883793,22.817556,-0.29028744,No Alert,Low,Conditions are within expected range; continue routine monitoring.
COW01534,100,511.2,25.2,72.16286473629012,41.84940816714566,81.17966721499162,20.981688,20.451883,-2.590491,Heat Stress Alert,Medium,Moderate heat stress detected. Monitor cattle closely and provide ventilation and water access.
COW01535,15,488.7,21.4,92.13723167028768,52.0,90.7905097614034,19.399014,19.416922,0.09222933,Health Risk Alert,Critical,"Critical heat stress or productivity decline detected. Consider emergency cooling, veterinary assessment, and hydration."
COW01536,28,453.2,28.3,34.47063443233919,18.169410916615853,93.78403621275385,19.56498,19.001778,-2.9639432,No Alert,Low,Conditions are within expected range; continue routine monitoring.
COW01537,23,736.5,31.2,39.6866258425679,21.294660691429023,90.66287043241122,22.258553,22.292217,0.1510155,No Alert,Low,Conditions are within expected range; continue routine monitoring.
COW01538,88,615.6,18.9,61.0984235768057,33.03956380719421,98.0,22.488462,22.398432,-0.40195078,No Alert,Low,Conditions are within expected range; continue routine monitoring.
COW01539,78,523.3,23.2,62.91952441241072,40.00758412444656,56.676401187717005,21.2196,20.840376,-1.8196638,No Alert,Low,Conditions are within expected range; continue routine monitoring.
COW01540,63,649.9,27.0,43.795464806866256,24.10450227254055,83.58865566745037,22.913828,22.795961,-0.51704997,No Alert,Low,Conditions are within expected range; continue routine monitoring.
COW01541,38,605.0,16.9,61.86738518668357,39.94672709175149,52.88350035901263,21.929428,21.789865,-0.6404932,No Alert,Low,Conditions are within expected range; continue routine monitoring.
COW01542,21,707.3,28.3,63.71176592741326,41.02415974526623,54.43341036810387,21.912703,21.918234,0.025236117,No Alert,Low,Conditions are within expected range; continue routine monitoring.
COW01543,73,426.2,24.5,61.06126210809177,41.637369413417694,41.67570812387517,20.094883,19.47285,-3.194356,No Alert,Low,Conditions are within expected range; continue routine monitoring.
COW01544,36,528.8,16.7,53.05664614490672,31.841255825285987,64.12176735842672,20.743832,20.494778,-1.2152069,No Alert,Low,Conditions are within expected range; continue routine monitoring.
COW01545,75,513.0,29.6,58.94046581008916,40.2503881750743,40.0,21.057775,20.70552,-1.7012606,No Alert,Low,Conditions are within expected range; continue routine monitoring.
COW01546,86,392.1,21.7,83.22662833137389,52.0,67.0920966259944,19.858133,19.437208,-2.1655638,Heat Stress Alert,High,"High heat stress detected. Consider active cooling, shading, and improved hydration measures."
COW01547,103,634.8,17.2,39.55360121600424,21.047772123430995,95.0,22.398663,22.275484,-0.5529778,No Alert,Low,Conditions are within expected range; continue routine monitoring.
COW01548,65,528.4,17.5,76.49485974416812,48.01680963610344,64.4957456403007,21.286182,20.976131,-1.4781132,Heat Stress Alert,Medium,Moderate heat stress detected. Monitor cattle closely and provide ventilation and water access.
COW01549,12,609.2,28.1,77.89379126705451,49.0,64.43292273715176,21.05012,20.873333,-0.8469487,Heat Stress Alert,Medium,Moderate heat stress detected. Monitor cattle closely and provide ventilation and water access.
COW01550,42,738.8,30.8,58.40271037904202,39.80225864920168,40.0,23.342026,23.265362,-0.32951978,No Alert,Low,Conditions are within expected range; continue routine monitoring.
COW01551,104,521.7,20.8,71.33324823352442,42.42725807167895,74.89652295810109,20.923107,20.532093,-1.9044045,Heat Stress Alert,Medium,Moderate heat stress detected. Monitor cattle closely and provide ventilation and water access.
COW01552,69,516.3,15.4,60.21283865227603,39.48441781854383,48.73664792970924,21.172266,20.983257,-0.90075964,No Alert,Low,Conditions are within expected range; continue routine monitoring.
COW01553,78,559.5,15.8,64.95527795361814,42.0,54.18578968702224,21.750853,21.497465,-1.1786853,No Alert,Low,Conditions are within expected range; continue routine monitoring.
COW01554,61,629.0,25.8,59.98080323130164,38.80696682838124,51.35922811195144,22.637598,22.54075,-0.4296553,No Alert,Low,Conditions are within expected range; continue routine monitoring.
COW01555,29,504.7,20.7,65.86921312938384,35.71978265695721,98.0,19.98128,19.974594,-0.0334688,No Alert,Low,Conditions are within expected range; continue routine monitoring.
COW01556,108,499.5,21.7,45.4417647833242,25.641066953182065,75.87279086852362,20.782494,20.462322,-1.5646873,No Alert,Low,Conditions are within expected range; continue routine monitoring.
COW01557,95,634.6,20.1,58.85357884214378,36.61897902218627,59.22142332127749,22.608316,22.487879,-0.53556687,No Alert,Low,Conditions are within expected range; continue routine monitoring.
COW01558,119,580.3,22.4,50.03964696604794,27.03979826631311,95.0,21.39588,21.13265,-1.2456051,No Alert,Low,Conditions are within expected range; continue routine monitoring.
COW01559,104,386.4,25.6,38.21769137506502,20.991244353500395,76.23288749105853,19.43605,19.297699,-0.7169323,No Alert,Low,Conditions are within expected range; continue routine monitoring.
COW01560,43,452.0,23.7,60.08870830354632,35.211127586482924,74.57455714432447,19.940264,19.496231,-2.277531,No Alert,Low,Conditions are within expected range; continue routine monitoring.
COW01561,39,670.1,17.0,44.552308189524005,25.10404909672204,75.38333241219351,22.637293,22.512989,-0.5521427,No Alert,Low,Conditions are within expected range; continue routine monitoring.
COW01562,38,582.2,22.8,63.13755770293222,34.18514477692821,98.0,21.794651,21.469942,-1.5123885,No Alert,Low,Conditions are within expected range; continue routine monitoring.
COW01563,111,489.0,22.3,42.91033807242796,23.89796724841208,77.82680315026495,20.646338,20.29825,-1.7148637,No Alert,Low,Conditions are within expected range; continue routine monitoring.
COW01564,72,536.4,23.8,34.04278320661993,18.0,90.07731129499795,21.35024,20.878576,-2.2590833,No Alert,Low,Conditions are within expected range; continue routine monitoring.
COW01565,61,551.1,16.0,55.9373682774924,34.54585212211422,59.072639408176585,21.49356,21.265406,-1.0728934,No Alert,Low,Conditions are within expected range; continue routine monitoring.
COW01566,116,608.9,16.8,53.84301044769951,34.97078010367261,46.01860657229688,22.019386,21.890345,-0.58949125,No Alert,Low,Conditions are within expected range; continue routine monitoring.
COW01567,77,441.3,23.5,48.15532523442432,27.80660740575297,70.93546504346087,20.020376,19.6076,-2.1051886,No Alert,Low,Conditions are within expected range; continue routine monitoring.
COW01568,110,482.7,19.0,56.284674790841535,35.998670691943616,51.32602091767464,20.240461,20.00462,-1.1789365,No Alert,Low,Conditions are within expected range; continue routine monitoring.
COW01569,118,571.8,25.3,60.62110005593557,34.662723919151944,81.38550861381034,21.357271,21.102047,-1.2094761,No Alert,Low,Conditions are within expected range; continue routine monitoring.
COW01570,20,542.0,20.7,61.86248662487784,39.52808017288139,55.07791439438774,19.743782,19.937803,0.97313243,No Alert,Low,Conditions are within expected range; continue routine monitoring.
COW01571,51,595.7,18.0,58.03975468588188,31.611288391932508,95.0,21.949066,21.731623,-1.0005856,No Alert,Low,Conditions are within expected range; continue routine monitoring.
COW01572,91,451.6,25.8,55.15257125861911,32.52806825099818,70.22323880052475,20.146767,19.581331,-2.887625,No Alert,Low,Conditions are within expected range; continue routine monitoring.
COW01573,99,578.6,21.1,43.15253742008337,24.208833057187142,75.29408372305983,21.645388,21.3559,-1.3555404,No Alert,Low,Conditions are within expected range; continue routine monitoring.
COW01574,28,637.3,16.8,68.4252618222209,41.98957682822586,66.81363934796379,22.118664,22.129543,0.04916286,No Alert,Low,Conditions are within expected range; continue routine monitoring.
COW01575,46,588.9,28.6,57.89622070012777,39.1176657705464,41.27448027818009,21.829893,21.712809,-0.5392416,No Alert,Low,Conditions are within expected range; continue routine monitoring.
COW01576,71,561.1,21.8,54.53478762577583,29.6084500718719,95.0,21.864983,21.570839,-1.3636172,No Alert,Low,Conditions are within expected range; continue routine monitoring.
COW01577,98,542.3,30.5,52.7525221261764,28.590012643529374,95.0,21.287802,20.804644,-2.3223572,No Alert,Low,Conditions are within expected range; continue routine monitoring.
COW01578,24,483.2,17.5,64.380685681583,37.34081379361032,78.93370657905058,19.332657,19.428669,0.49417752,No Alert,Low,Conditions are within expected range; continue routine monitoring.
COW01579,76,544.2,29.8,62.71076195787372,34.28043540449927,95.0,21.51492,21.05071,-2.205192,No Alert,Low,Conditions are within expected range; continue routine monitoring.
COW01580,44,650.8,28.7,40.37353540983253,22.064475181261248,82.483863739033,22.586184,22.461706,-0.55417603,No Alert,Low,Conditions are within expected range; continue routine monitoring.
COW01581,35,540.5,15.9,63.84400736577405,41.40312086796033,53.03650174894601,20.94626,20.723904,-1.0729485,No Alert,Low,Conditions are within expected range; continue routine monitoring.
COW01582,67,478.8,23.6,62.64204707516308,40.32039841185694,53.95645592885615,20.749384,20.289812,-2.2650375,No Alert,Low,Conditions are within expected range; continue routine monitoring.
COW01583,56,510.6,25.8,63.90727229750052,42.0,50.38866774456708,21.165823,20.809746,-1.7111079,No Alert,Low,Conditions are within expected range; continue routine monitoring.
COW01584,80,566.1,22.9,69.98552109149223,38.032315219939456,98.0,21.89254,21.53389,-1.6655152,No Alert,Low,Conditions are within expected range; continue routine monitoring.
COW01585,46,520.1,21.0,46.736582683691374,26.28227593659486,78.35840527604933,21.035732,20.767368,-1.2922386,No Alert,Low,Conditions are within expected range; continue routine monitoring.
COW01586,100,588.8,31.0,52.60875358401902,34.92969839953306,40.25872520650648,21.512377,21.526932,0.06761287,No Alert,Low,Conditions are within expected range; continue routine monitoring.
COW01587,20,591.8,26.6,54.4316511601882,31.245381120659736,77.38231726721473,20.75868,20.936405,0.84887946,No Alert,Low,Conditions are within expected range; continue routine monitoring.
COW01588,105,621.1,31.4,63.43834175426267,42.0,48.68964403718359,22.130457,21.848473,-1.2906363,No Alert,Low,Conditions are within expected range; continue routine monitoring.
COW01589,15,663.9,29.2,61.72945096208229,40.24391904061807,50.821687333662695,21.549898,21.53478,-0.07020106,No Alert,Low,Conditions are within expected range; continue routine monitoring.
COW01590,91,629.7,28.7,78.40062708448187,48.59055126327036,67.64496394274676,22.709143,22.50081,-0.9258869,Heat Stress Alert,Medium,Moderate heat stress detected. Monitor cattle closely and provide ventilation and water access.
COW01591,49,475.3,27.1,60.36113496107472,38.16354362277251,56.51640292395832,20.330963,19.893316,-2.1999693,No Alert,Low,Conditions are within expected range; continue routine monitoring.
COW01592,53,477.7,25.6,44.01626456647962,24.255086134233743,83.32951683259071,20.474699,20.122383,-1.7508657,No Alert,Low,Conditions are within expected range; continue routine monitoring.
COW01593,14,543.9,30.0,57.35992147877242,36.6804229399254,52.1335845291229,19.712694,19.69409,-0.094466306,No Alert,Low,Conditions are within expected range; continue routine monitoring.
COW01594,87,513.9,25.0,41.50928381130042,22.43989416790628,89.02316781166405,21.004377,20.676682,-1.5848571,No Alert,Low,Conditions are within expected range; continue routine monitoring.
COW01595,29,458.9,15.4,36.2627275973478,19.277317347052023,91.05156387640756,19.817526,19.46705,-1.8003514,No Alert,Low,Conditions are within expected range; continue routine monitoring.
COW01596,83,514.7,24.5,65.80406108134949,42.0,57.26109087445465,21.175459,20.740744,-2.0959482,No Alert,Low,Conditions are within expected range; continue routine monitoring.
COW01597,90,512.0,15.9,62.68682386016637,42.0,45.96675311654482,20.974861,20.708904,-1.2842634,No Alert,Low,Conditions are within expected range; continue routine monitoring.
COW01598,103,496.3,31.1,53.60870869888532,29.079262113648756,95.0,21.029465,20.468073,-2.7427683,No Alert,Low,Conditions are within expected range; continue routine monitoring.
COW01599,88,524.7,25.6,61.04,42.0,40.0,21.112387,20.720148,-1.89303,No Alert,Low,Conditions are within expected range; continue routine monitoring.
COW01600,44,644.3,24.0,39.20030829795675,21.105827935603184,88.21648879575824,22.630575,22.441347,-0.84321165,No Alert,Low,Conditions are within expected range; continue routine monitoring.
COW01601,91,565.9,17.6,61.32215722222059,39.50076018056632,53.07229335660289,21.629286,21.363365,-1.2447507,No Alert,Low,Conditions are within expected range; continue routine monitoring.
COW01602,101,747.7,23.3,41.84894644760726,22.59409353608045,89.98764276091008,23.414244,23.28379,-0.56027436,No Alert,Low,Conditions are within expected range; continue routine monitoring.
COW01603,46,563.6,20.2,35.14830524228991,18.53046013845137,95.0,21.71374,21.315369,-1.8689367,No Alert,Low,Conditions are within expected range; continue routine monitoring.
COW01604,25,526.8,26.2,63.12230915637806,42.0,47.54459839267412,19.875076,19.84175,-0.16796453,No Alert,Low,Conditions are within expected range; continue routine monitoring.
COW01605,108,550.3,24.9,70.88514514295292,45.53416314706734,58.0,21.19196,20.846848,-1.655463,Heat Stress Alert,Medium,Moderate heat stress detected. Monitor cattle closely and provide ventilation and water access.
COW01606,27,570.5,23.0,67.65204081820525,37.883874403583775,89.1886105988623,21.003315,20.95338,-0.23831184,No Alert,Low,Conditions are within expected range; continue routine monitoring.
COW01607,76,584.8,18.5,75.668,49.0,58.0,22.161247,21.939274,-1.0117629,Heat Stress Alert,Medium,Moderate heat stress detected. Monitor cattle closely and provide ventilation and water access.
COW01608,37,716.1,23.5,58.08151281229798,36.61805352598593,55.752273604982925,22.88337,22.734377,-0.6553623,No Alert,Low,Conditions are within expected range; continue routine monitoring.
COW01609,25,482.4,22.3,62.86240695574428,37.08499722098479,74.03311102643977,19.418951,19.393305,-0.13224259,No Alert,Low,Conditions are within expected range; continue routine monitoring.
COW01610,95,618.7,29.3,58.04665859671972,39.09765613880108,41.98185296372901,22.468168,22.37908,-0.39808804,No Alert,Low,Conditions are within expected range; continue routine monitoring.
COW01611,27,566.6,30.1,40.52376588026397,22.235625361000363,80.85207369657694,20.801523,20.759119,-0.2042677,No Alert,Low,Conditions are within expected range; continue routine monitoring.
COW01612,84,424.3,27.7,38.70911513838921,20.56520865050812,95.0,19.70309,19.363804,-1.7521702,No Alert,Low,Conditions are within expected range; continue routine monitoring.
COW01613,86,611.7,19.8,49.630241339896166,30.5938886817092,54.06441014021311,22.48716,22.367441,-0.5352358,No Alert,Low,Conditions are within expected range; continue routine monitoring.
COW01614,18,651.4,14.7,46.46914842398327,25.63682533121694,85.0746352036996,20.86916,21.076786,0.9850949,No Alert,Low,Conditions are within expected range; continue routine monitoring.
COW01615,30,481.4,30.7,63.97533609085452,42.0,50.635275691501874,19.630203,19.418396,-1.0907557,No Alert,Low,Conditions are within expected range; continue routine monitoring.
COW01616,97,549.3,31.9,64.20853582953993,36.03492342019671,87.73128855017684,21.304026,20.723114,-2.8032062,No Alert,Low,Conditions are within expected range; continue routine monitoring.
COW01617,66,412.0,16.3,51.90236261218458,29.51489861298032,78.6670425403257,20.102638,19.73976,-1.8383142,No Alert,Low,Conditions are within expected range; continue routine monitoring.
COW01618,25,449.3,26.3,64.33305619530043,35.76559980130045,90.42842950322456,19.06901,18.760433,-1.6448265,No Alert,Low,Conditions are within expected range; continue routine monitoring.
COW01619,119,633.8,21.7,52.70619952515701,31.73129329100467,63.014136965887054,22.124542,21.97982,-0.6584312,No Alert,Low,Conditions are within expected range; continue routine monitoring.
COW01620,40,512.7,16.7,63.87810859169248,42.0,50.2830021438133,20.749205,20.547052,-0.98385036,No Alert,Low,Conditions are within expected range; continue routine monitoring.
COW01621,12,461.3,32.0,76.01842698463616,42.26261723222807,92.62709595350498,18.231787,18.326647,0.5176074,Heat Stress Alert,Medium,Moderate heat stress detected. Monitor cattle closely and provide ventilation and water access.
COW01622,111,568.4,30.8,60.518467577454174,33.02769575854524,95.0,21.432049,20.95434,-2.2797608,No Alert,Low,Conditions are within expected range; continue routine monitoring.
COW01623,13,508.2,31.7,59.67723691887873,38.01107130649678,54.501465463536434,19.21338,19.21895,0.028978992,No Alert,Low,Conditions are within expected range; continue routine monitoring.
COW01624,71,512.3,16.6,63.4309260298646,39.19396414685934,63.22407590624344,21.152763,20.917845,-1.1230536,No Alert,Low,Conditions are within expected range; continue routine monitoring.
COW01625,119,609.1,22.9,41.877367433445386,22.77631966432392,86.62887751158831,21.857986,21.64409,-0.9882411,No Alert,Low,Conditions are within expected range; continue routine monitoring.
COW01626,74,457.1,30.1,70.20951100700613,42.229855645680914,71.95734949336432,20.364946,19.717218,-3.285088,Heat Stress Alert,Medium,Moderate heat stress detected. Monitor cattle closely and provide ventilation and water access.
COW01627,75,477.6,26.2,78.98549079549178,49.0,67.58812368639246,20.701622,20.10703,-2.9571304,Heat Stress Alert,Medium,Moderate heat stress detected. Monitor cattle closely and provide ventilation and water access.
COW01628,53,562.3,21.8,58.417651298827536,39.17063976478795,43.12015994912117,21.555223,21.375042,-0.8429527,No Alert,Low,Conditions are within expected range; continue routine monitoring.
COW01629,25,627.6,23.3,58.72636709841389,37.93956808055536,50.87057074705295,21.394798,21.536598,0.65841377,No Alert,Low,Conditions are within expected range; continue routine monitoring.
COW01630,73,649.1,14.7,67.26895650393477,38.91043133073917,80.5396329953044,22.86362,22.639174,-0.991411,No Alert,Low,Conditions are within expected range; continue routine monitoring.
COW01631,108,496.8,25.0,57.77693005006429,31.461102885751025,95.0,20.96621,20.44181,-2.5653245,No Alert,Low,Conditions are within expected range; continue routine monitoring.
COW01632,21,625.0,29.5,41.53963523300199,23.13617656658409,75.89926702142388,21.060783,21.16929,0.5125687,No Alert,Low,Conditions are within expected range; continue routine monitoring.
COW01633,107,487.3,14.1,33.82639402694298,18.0,84.06650074841623,20.82769,20.431593,-1.9386505,No Alert,Low,Conditions are within expected range; continue routine monitoring.
COW01634,56,696.1,16.9,52.43040498249395,30.584409114889866,71.44454646752635,22.955076,22.813286,-0.6215255,No Alert,Low,Conditions are within expected range; continue routine monitoring.
COW01635,69,459.3,23.3,62.95030802484977,38.80738298733265,63.52340864659837,20.430437,19.93732,-2.4733331,No Alert,Low,Conditions are within expected range; continue routine monitoring.
COW01636,29,656.3,24.1,61.52078798892979,38.70031746683468,58.27304122585429,22.12283,22.199203,0.34403962,No Alert,Low,Conditions are within expected range; continue routine monitoring.
COW01637,79,497.5,20.2,44.24579841248563,25.889464923148196,62.093635532090936,21.013336,20.74814,-1.2781668,No Alert,Low,Conditions are within expected range; continue routine monitoring.
COW01638,31,711.1,14.5,78.90490232150682,49.0,67.35520902169601,22.66595,22.53114,-0.5983337,Heat Stress Alert,Medium,Moderate heat stress detected. Monitor cattle closely and provide ventilation and water access.
COW01639,41,597.3,27.4,77.79712928044796,42.420859146319074,98.0,22.105247,21.776411,-1.510058,Heat Stress Alert,Medium,Moderate heat stress detected. Monitor cattle closely and provide ventilation and water access.
COW01640,89,468.7,18.4,40.521384936312735,21.717478025882528,92.2093990817682,20.45506,20.049969,-2.0204039,No Alert,Low,Conditions are within expected range; continue routine monitoring.
COW01641,17,508.2,25.6,63.165369710493046,40.55951136601936,54.73252316278361,19.524355,19.688381,0.83311194,No Alert,Low,Conditions are within expected range; continue routine monitoring.
COW01642,60,612.5,24.1,56.35786144471677,34.42925802631532,61.981602150982624,22.411364,22.288082,-0.55312735,No Alert,Low,Conditions are within expected range; continue routine monitoring.
COW01643,76,634.2,21.8,73.10127908627737,45.78908763227755,63.93944677709349,22.705557,22.533442,-0.7638217,Heat Stress Alert,Medium,Moderate heat stress detected. Monitor cattle closely and provide ventilation and water access.
COW01644,26,544.3,24.6,66.25064189533146,40.80682368818151,65.15430688654354,20.602278,20.55491,-0.23044175,No Alert,Low,Conditions are within expected range; continue routine monitoring.
COW01645,43,553.6,26.5,69.7386981176036,39.20212712420664,88.60932091904706,21.541647,21.17941,-1.7103215,No Alert,Low,Conditions are within expected range; continue routine monitoring.
COW01646,49,610.7,24.3,62.710832670155085,42.0,46.05374155853291,22.07369,22.001167,-0.32963303,No Alert,Low,Conditions are within expected range; continue routine monitoring.
COW01647,83,560.5,24.0,37.35222970475715,19.789845545575517,95.0,21.754313,21.46791,-1.3340924,No Alert,Low,Conditions are within expected range; continue routine monitoring.
COW01648,117,446.5,21.8,49.85939688404668,27.68003904769565,85.20581607667485,19.9569,19.620981,-1.7120368,No Alert,Low,Conditions are within expected range; continue routine monitoring.
COW01649,102,485.0,21.7,40.03885275146087,21.43332148498865,92.3062535578156,20.748093,20.412184,-1.6456294,No Alert,Low,Conditions are within expected range; continue routine monitoring.
COW01650,32,568.8,22.8,75.668,49.0,58.0,21.423271,21.219433,-0.9606211,Heat Stress Alert,Medium,Moderate heat stress detected. Monitor cattle closely and provide ventilation and water access.
COW01651,13,647.2,22.1,63.13960443319666,40.99041489677582,52.45225608520745,21.007875,21.116503,0.5144191,No Alert,Low,Conditions are within expected range; continue routine monitoring.
COW01652,17,679.3,21.9,90.24662497218232,52.0,85.76230045793169,21.358957,21.48036,0.5651802,Health Risk Alert,Critical,"Critical heat stress or productivity decline detected. Consider emergency cooling, veterinary assessment, and hydration."
COW01653,76,612.4,17.8,79.14986072151265,47.82056409560215,73.28843814534551,22.57436,22.434101,-0.6252035,Heat Stress Alert,High,"High heat stress detected. Consider active cooling, shading, and improved hydration measures."
COW01654,28,573.0,27.0,54.1470172235878,31.96982088892667,69.27310522623085,21.105776,21.06129,-0.21121731,No Alert,Low,Conditions are within expected range; continue routine monitoring.
COW01655,36,609.9,16.4,50.79565554128353,32.315225195003194,47.68835050794598,22.072813,21.899935,-0.7894008,No Alert,Low,Conditions are within expected range; continue routine monitoring.
COW01656,103,496.7,30.4,79.41758817298924,47.488492603868046,75.63594506861632,21.335938,20.498453,-4.085598,Heat Stress Alert,High,"High heat stress detected. Consider active cooling, shading, and improved hydration measures."
COW01657,106,537.7,25.2,58.50528661480664,31.877306637032365,95.0,21.05595,20.521307,-2.6053076,No Alert,Low,Conditions are within expected range; continue routine monitoring.
COW01658,102,484.1,14.9,66.93412911230558,42.0,61.35554026197674,20.44354,20.182673,-1.2925348,No Alert,Low,Conditions are within expected range; continue routine monitoring.
COW01659,39,450.1,25.9,71.30943001936802,41.283896626366,81.39561397068628,19.884666,19.416584,-2.4107351,Heat Stress Alert,Medium,Moderate heat stress detected. Monitor cattle closely and provide ventilation and water access.
COW01660,78,576.7,20.5,59.62498693818292,39.51054499993774,46.26164401553819,22.041426,21.796118,-1.1254661,No Alert,Low,Conditions are within expected range; continue routine monitoring.
COW01661,77,564.8,30.7,72.03254826236946,39.18233048447723,98.0,22.042961,21.474047,-2.6493115,Heat Stress Alert,Medium,Moderate heat stress detected. Monitor cattle closely and provide ventilation and water access.
COW01662,32,605.0,30.8,81.02828088689537,44.23611285780639,98.0,22.10586,21.749224,-1.6397645,Heat Stress Alert,High,"High heat stress detected. Consider active cooling, shading, and improved hydration measures."
COW01663,71,593.7,29.2,75.74963934309469,47.5973011931318,64.07689066299815,22.435093,22.169264,-1.1990885,Heat Stress Alert,Medium,Moderate heat stress detected. Monitor cattle closely and provide ventilation and water access.
COW01664,68,569.4,24.2,60.941196844428354,33.833815088722034,89.91618317697919,21.957964,21.66053,-1.3731606,No Alert,Low,Conditions are within expected range; continue routine monitoring.
COW01665,54,594.5,30.5,46.881824955874144,26.04414076176815,82.8443467304393,22.076296,21.87373,-0.92607045,No Alert,Low,Conditions are within expected range; continue routine monitoring.
COW01666,93,546.6,25.7,51.29283960452044,28.06986124254967,90.9808109227083,21.480997,21.099886,-1.8062238,No Alert,Low,Conditions are within expected range; continue routine monitoring.
COW01667,85,583.0,29.8,63.038652932599895,42.0,47.24149613260832,22.130344,21.830685,-1.3726538,No Alert,Low,Conditions are within expected range; continue routine monitoring.
COW01668,69,491.9,16.9,68.80506986814828,41.70437243156909,69.73817827388439,21.133507,20.869843,-1.2633744,No Alert,Low,Conditions are within expected range; continue routine monitoring.
COW01669,90,579.6,30.3,42.522501950218704,23.04626765039481,88.88792413859545,22.006174,21.711348,-1.3579373,No Alert,Low,Conditions are within expected range; continue routine monitoring.
COW01670,94,603.5,25.9,78.01933148092749,49.0,64.79575572522393,22.32375,22.101389,-1.0060934,Heat Stress Alert,Medium,Moderate heat stress detected. Monitor cattle closely and provide ventilation and water access.
COW01671,73,496.4,19.5,56.11888165926809,30.513646662438912,95.0,21.131226,20.8395,-1.3998663,No Alert,Low,Conditions are within expected range; continue routine monitoring.
COW01672,40,554.1,32.0,39.38260382325335,20.9900919593211,93.93693280775112,21.106106,20.892576,-1.0220357,No Alert,Low,Conditions are within expected range; continue routine monitoring.
COW01673,93,500.1,26.4,55.89855010372222,35.81949919938004,50.62186862208256,21.018417,20.59384,-2.0616734,No Alert,Low,Conditions are within expected range; continue routine monitoring.
COW01674,89,507.9,30.4,57.83323373774918,31.49327642157096,95.0,21.096401,20.533287,-2.7424452,No Alert,Low,Conditions are within expected range; continue routine monitoring.
COW01675,118,460.0,14.1,43.45613897393876,23.709959168653143,86.87655329627337,20.020569,19.64991,-1.8863133,No Alert,Low,Conditions are within expected range; continue routine monitoring.
COW01676,28,651.3,23.9,36.04671103505712,19.20320499635259,89.19350811027854,22.388697,22.220242,-0.75811565,No Alert,Low,Conditions are within expected range; continue routine monitoring.
COW01677,57,635.3,26.8,71.88596863302581,42.39126132911404,77.0703374745614,22.742517,22.515335,-1.0090117,Heat Stress Alert,Medium,Moderate heat stress detected. Monitor cattle closely and provide ventilation and water access.
COW01678,111,593.0,14.2,66.80001736946238,36.61715278254994,95.0,21.881817,21.662188,-1.0138832,No Alert,Low,Conditions are within expected range; continue routine monitoring.
COW01679,67,707.8,27.7,49.579916780629965,28.07794917072748,78.35646492227718,23.282833,23.182734,-0.431785,No Alert,Low,Conditions are within expected range; continue routine monitoring.
COW01680,113,534.9,25.7,47.18361701381324,25.407781150750424,95.0,21.011711,20.541126,-2.29094,No Alert,Low,Conditions are within expected range; continue routine monitoring.
COW01681,13,792.5,18.9,36.442070631756174,19.79008451874839,78.10643788819564,22.437284,22.248344,-0.84923196,No Alert,Low,Conditions are within expected range; continue routine monitoring.
COW01682,15,531.8,26.4,46.07864170670718,25.37678078137958,85.42775216492004,19.524008,19.630142,0.54067063,No Alert,Low,Conditions are within expected range; continue routine monitoring.
COW01683,97,570.4,16.4,53.20602433713191,33.258906385751345,54.08001407884662,21.549086,21.309551,-1.1240705,No Alert,Low,Conditions are within expected range; continue routine monitoring.
COW01684,50,518.2,28.8,56.933561058964834,35.47756457716969,57.651392089155685,20.992247,20.632313,-1.7445153,No Alert,Low,Conditions are within expected range; continue routine monitoring.
COW01685,68,579.8,29.6,83.95487955761146,52.0,69.02893499364751,22.284628,21.844769,-2.0135686,Heat Stress Alert,High,"High heat stress detected. Consider active cooling, shading, and improved hydration measures."
COW01686,58,616.8,22.7,56.61416749160659,32.77756820247965,76.13691199761098,22.41935,22.29956,-0.53718156,No Alert,Low,Conditions are within expected range; continue routine monitoring.
COW01687,56,540.9,23.1,88.66076849663102,48.52402724529833,98.0,21.404116,21.016382,-1.8449106,Heat Stress Alert,High,"High heat stress detected. Consider active cooling, shading, and improved hydration measures."
COW01688,113,692.1,21.2,59.93752122223512,32.71478611823437,94.81788220479504,22.484295,22.416807,-0.30105856,No Alert,Low,Conditions are within expected range; continue routine monitoring.
COW01689,22,569.1,20.2,59.337165588934255,38.016298130509945,53.03171147025093,20.523708,20.64602,0.5924267,No Alert,Low,Conditions are within expected range; continue routine monitoring.
COW01690,95,571.6,29.7,55.61762824449495,30.2272161397114,95.0,21.701899,21.35078,-1.6445211,No Alert,Low,Conditions are within expected range; continue routine monitoring.
COW01691,108,477.3,19.5,68.68960838294197,38.11339421876161,91.92649861438134,20.403742,19.907,-2.4953146,No Alert,Low,Conditions are within expected range; continue routine monitoring.
COW01692,83,583.5,21.3,77.5819639837585,49.0,63.531687814330894,22.08361,21.832497,-1.150184,Heat Stress Alert,Medium,Moderate heat stress detected. Monitor cattle closely and provide ventilation and water access.
COW01693,54,539.3,19.4,35.48908806376632,18.819331120696063,91.27225494192336,21.1949,20.8993,-1.4144057,No Alert,Low,Conditions are within expected range; continue routine monitoring.
COW01694,29,501.3,25.8,56.70489542328485,30.848511670448488,95.0,20.129585,19.981052,-0.74336857,No Alert,Low,Conditions are within expected range; continue routine monitoring.
COW01695,85,487.9,28.7,47.57592816214382,27.54384858768004,69.54469409034172,20.874664,20.465338,-2.0000968,No Alert,Low,Conditions are within expected range; continue routine monitoring.
COW01696,62,763.7,17.0,57.62218297406447,38.10443063952851,45.3022417021667,23.382301,23.30505,-0.33147937,No Alert,Low,Conditions are within expected range; continue routine monitoring.
COW01697,28,528.9,18.6,34.212292028072966,18.0,94.78588966869364,20.54989,20.069027,-2.3960483,No Alert,Low,Conditions are within expected range; continue routine monitoring.
COW01698,50,433.4,15.9,54.22633901605607,30.85994828916701,79.82030170392076,19.992498,19.701746,-1.4757698,No Alert,Low,Conditions are within expected range; continue routine monitoring.
COW01699,115,494.1,16.9,33.92722669163452,18.0,86.86740810095881,20.767786,20.356386,-2.0209866,No Alert,Low,Conditions are within expected range; continue routine monitoring.
COW01700,40,545.9,21.3,53.83050721966011,29.336910369920776,93.46630981891298,21.335157,21.02807,-1.4603667,No Alert,Low,Conditions are within expected range; continue routine monitoring.
COW01701,31,593.7,28.0,53.82970806743605,31.068312101736133,75.44290213246816,21.607046,21.58085,-0.1213832,No Alert,Low,Conditions are within expected range; continue routine monitoring.
COW01702,85,594.4,23.7,56.248077149615575,36.256661520727214,49.60843595784908,22.213676,22.05551,-0.71713096,No Alert,Low,Conditions are within expected range; continue routine monitoring.
COW01703,33,604.1,15.0,46.47,25.0,95.0,21.862925,21.749485,-0.52157354,No Alert,Low,Conditions are within expected range; continue routine monitoring.
COW01704,111,498.4,25.3,50.73771358701615,29.829249450126724,67.88608908535566,20.867355,20.435724,-2.11214,No Alert,Low,Conditions are within expected range; continue routine monitoring.
COW01705,104,577.2,28.3,49.18618111601074,28.878136221776785,66.88479780998298,21.642868,21.3852,-1.2048872,No Alert,Low,Conditions are within expected range; continue routine monitoring.
COW01706,118,479.9,21.1,56.61116658547299,35.38707221456131,56.70876190899278,20.281403,19.976633,-1.52563,No Alert,Low,Conditions are within expected range; continue routine monitoring.
COW01707,110,500.4,18.4,64.07555979538442,41.40879410175529,53.86587960635638,20.684477,20.410648,-1.3415964,No Alert,Low,Conditions are within expected range; continue routine monitoring.
COW01708,38,476.6,27.8,40.27728070854075,21.74852788392021,88.15994854670839,19.98986,19.67276,-1.6118761,No Alert,Low,Conditions are within expected range; continue routine monitoring.
COW01709,34,454.9,14.4,61.04,42.0,40.0,19.851486,19.619814,-1.1808077,No Alert,Low,Conditions are within expected range; continue routine monitoring.
COW01710,49,635.1,28.7,38.15990894930604,20.646113949900723,83.94047613346525,22.387909,22.220371,-0.7539824,No Alert,Low,Conditions are within expected range; continue routine monitoring.
COW01711,62,605.1,28.5,75.38020624511356,45.32739748043648,73.45683798688563,22.418327,22.18553,-1.0493219,Heat Stress Alert,Medium,Moderate heat stress detected. Monitor cattle closely and provide ventilation and water access.
COW01712,107,628.1,30.0,48.31348976794128,27.3388154574812,77.61481284710499,22.153727,22.00945,-0.65551686,No Alert,Low,Conditions are within expected range; continue routine monitoring.
COW01713,91,553.1,15.6,41.93531752311082,23.8069563818156,68.98886477462095,21.466259,21.179066,-1.3560244,No Alert,Low,Conditions are within expected range; continue routine monitoring.
COW01714,81,612.1,15.9,61.30038662885059,39.14808174575374,54.880702964293256,22.583008,22.45142,-0.58610094,No Alert,Low,Conditions are within expected range; continue routine monitoring.
COW01715,106,409.1,29.7,39.03458604263103,20.996884469501563,88.48235093422522,19.821371,19.556273,-1.355568,No Alert,Low,Conditions are within expected range; continue routine monitoring.
COW01716,81,619.0,22.6,58.30700466193407,39.722503884945056,40.0,22.537268,22.432169,-0.4685179,No Alert,Low,Conditions are within expected range; continue routine monitoring.
COW01717,52,564.2,21.1,38.33053280278109,21.673889934135843,63.12194571332748,21.37793,21.37594,-0.009306559,No Alert,Low,Conditions are within expected range; continue routine monitoring.
COW01718,56,600.2,24.3,58.879054106271845,32.1125958182404,94.7855279032013,22.120296,21.975454,-0.65910876,No Alert,Low,Conditions are within expected range; continue routine monitoring.
COW01719,67,580.4,15.1,55.225623440780176,30.00321339473153,95.0,22.136679,21.878134,-1.1817503,No Alert,Low,Conditions are within expected range; continue routine monitoring.
COW01720,21,471.0,25.6,52.51140663856184,31.508487770639128,63.7380496057903,18.614603,18.610785,-0.020517739,No Alert,Low,Conditions are within expected range; continue routine monitoring.
COW01721,92,430.2,31.0,79.0189422091153,49.0,67.68480407258755,20.23186,19.568111,-3.3919868,Heat Stress Alert,High,"High heat stress detected. Consider active cooling, shading, and improved hydration measures."
COW01722,82,493.0,26.2,50.76840272983504,27.45623013133431,95.0,20.995382,20.562675,-2.1043315,No Alert,Low,Conditions are within expected range; continue routine monitoring.
COW01723,90,595.2,22.4,56.37852477517473,31.400182194417628,87.40129281978928,22.221937,22.013765,-0.94564396,No Alert,Low,Conditions are within expected range; continue routine monitoring.
COW01724,69,605.2,31.3,52.91761422466471,31.70968315339452,64.41404850187885,22.349031,22.20056,-0.6687752,No Alert,Low,Conditions are within expected range; continue routine monitoring.
COW01725,96,440.6,26.4,54.01356567607812,33.00873612260426,60.22212741456387,20.092363,19.496843,-3.0544434,No Alert,Low,Conditions are within expected range; continue routine monitoring.
COW01726,114,471.5,15.0,57.7377786660115,37.17083641585682,50.94722618641902,20.077932,19.849087,-1.1529276,No Alert,Low,Conditions are within expected range; continue routine monitoring.
COW01727,73,492.1,26.1,46.8812465475113,25.23499802714932,95.0,21.032476,20.687084,-1.6696032,No Alert,Low,Conditions are within expected range; continue routine monitoring.
COW01728,59,521.4,15.1,54.393359915540906,32.207377321620136,68.66512590486471,21.160868,20.956398,-0.97569096,No Alert,Low,Conditions are within expected range; continue routine monitoring.
COW01729,23,441.0,19.5,75.48630292758244,46.44303067018578,68.44508129451124,18.655571,18.565756,-0.48376775,Heat Stress Alert,Medium,Moderate heat stress detected. Monitor cattle closely and provide ventilation and water access.
COW01730,96,436.2,25.1,44.48910144589517,25.467121660971408,69.71464083860839,19.845207,19.424473,-2.1660016,No Alert,Low,Conditions are within expected range; continue routine monitoring.
COW01731,109,484.3,17.9,65.82352058523827,42.0,57.33159632332709,20.59563,20.320307,-1.3549198,No Alert,Low,Conditions are within expected range; continue routine monitoring.
COW01732,87,556.9,14.7,55.319881983072015,30.057075418898297,95.0,21.760641,21.444832,-1.472659,No Alert,Low,Conditions are within expected range; continue routine monitoring.
COW01733,105,455.6,25.1,62.34503366327895,42.0,44.7283828379672,20.033844,19.555336,-2.4469433,No Alert,Low,Conditions are within expected range; continue routine monitoring.
COW01734,105,540.7,19.1,59.69499396650295,32.557139409430256,95.0,21.186186,20.805042,-1.8319769,No Alert,Low,Conditions are within expected range; continue routine monitoring.
COW01735,98,634.7,23.6,48.153308797954445,25.96189074168825,95.0,22.587883,22.425766,-0.7229051,No Alert,Low,Conditions are within expected range; continue routine monitoring.
COW01736,66,445.9,18.7,53.0023825554078,28.7327900316616,95.0,20.298252,19.98287,-1.5782617,No Alert,Low,Conditions are within expected range; continue routine monitoring.
COW01737,22,533.5,26.4,52.95364901366755,34.07120039942577,47.26040356133184,19.893894,19.850494,-0.2186334,No Alert,Low,Conditions are within expected range; continue routine monitoring.
COW01738,12,632.0,30.1,49.17618108327508,27.7518022467472,79.20083813743996,20.847706,20.996939,0.7107363,No Alert,Low,Conditions are within expected range; continue routine monitoring.
COW01739,34,516.5,15.6,41.66936868323884,22.256782104707906,95.0,20.778439,20.494225,-1.3868005,No Alert,Low,Conditions are within expected range; continue routine monitoring.
COW01740,58,504.1,28.2,61.55727684757571,42.0,41.87419147672357,20.9868,20.644773,-1.6567184,No Alert,Low,Conditions are within expected range; continue routine monitoring.
COW01741,92,643.1,16.8,77.68192485251043,49.0,63.82059205927873,22.951065,22.832312,-0.5201113,Heat Stress Alert,Medium,Moderate heat stress detected. Monitor cattle closely and provide ventilation and water access.
COW01742,61,525.5,19.9,58.66852502523785,36.998311879673246,56.0655839646835,21.148745,20.893744,-1.2204661,No Alert,Low,Conditions are within expected range; continue routine monitoring.
COW01743,14,638.4,20.4,50.95845298115494,29.56285568597045,71.94006629286493,21.110224,21.215067,0.49419188,No Alert,Low,Conditions are within expected range; continue routine monitoring.
COW01744,34,584.3,17.7,42.33856309384571,23.13575583871284,85.05226748610909,21.629862,21.418884,-0.9850072,No Alert,Low,Conditions are within expected range; continue routine monitoring.
COW01745,117,522.6,15.4,50.416278494532,27.255016282589715,95.0,20.748465,20.41897,-1.6136684,No Alert,Low,Conditions are within expected range; continue routine monitoring.
COW01746,118,588.4,27.8,46.47,25.0,95.0,21.5866,21.386385,-0.93617684,No Alert,Low,Conditions are within expected range; continue routine monitoring.
COW01747,52,575.6,28.3,72.49028769931203,40.9112179100545,88.11859738216151,22.054552,21.64882,-1.8741492,Heat Stress Alert,Medium,Moderate heat stress detected. Monitor cattle closely and provide ventilation and water access.
COW01748,98,631.7,31.9,55.50888181133329,33.11616256243205,67.40672250149703,22.336193,22.205702,-0.5876475,No Alert,Low,Conditions are within expected range; continue routine monitoring.
COW01749,89,506.1,30.8,53.522966249052274,32.697869367970135,59.92321037043521,21.012829,20.542175,-2.2911572,No Alert,Low,Conditions are within expected range; continue routine monitoring.
COW01750,112,553.3,21.8,38.03084922721224,20.995307276594374,73.30368704872822,21.130308,20.89332,-1.1342767,No Alert,Low,Conditions are within expected range; continue routine monitoring.
COW01751,107,545.1,16.4,58.61893064208861,39.555750319416056,42.03544021660185,21.117243,20.846273,-1.2998457,No Alert,Low,Conditions are within expected range; continue routine monitoring.
COW01752,79,606.3,14.2,52.97951033143666,29.08795579737043,90.61264805768984,22.502583,22.341825,-0.71953416,No Alert,Low,Conditions are within expected range; continue routine monitoring.
COW01753,54,468.0,23.6,34.015845260319495,18.0,89.32903500887487,20.565178,20.062113,-2.507538,No Alert,Low,Conditions are within expected range; continue routine monitoring.
COW01754,79,631.4,29.5,70.19272949479509,42.45349533339965,70.6861408619783,22.785017,22.578323,-0.9154517,Heat Stress Alert,Medium,Moderate heat stress detected. Monitor cattle closely and provide ventilation and water access.
COW01755,46,587.3,18.8,59.58614956747122,32.49494260998355,95.0,21.898708,21.635015,-1.2188244,No Alert,Low,Conditions are within expected range; continue routine monitoring.
COW01756,49,444.6,17.6,71.59652593347147,44.78702717193595,63.7341194528206,20.108492,19.747313,-1.8290051,Heat Stress Alert,Medium,Moderate heat stress detected. Monitor cattle closely and provide ventilation and water access.
COW01757,77,646.7,21.9,71.05054311016215,39.654366431839385,90.78449869874945,22.976282,22.793633,-0.8013186,Heat Stress Alert,Medium,Moderate heat stress detected. Monitor cattle closely and provide ventilation and water access.
COW01758,73,728.7,30.1,45.99360695449923,25.89099348030212,77.28498136806915,23.332655,23.260923,-0.30837798,No Alert,Low,Conditions are within expected range; continue routine monitoring.
COW01759,74,630.1,22.1,46.80921639234732,26.906215252122244,71.038631684689,22.661678,22.506899,-0.6876977,No Alert,Low,Conditions are within expected range; continue routine monitoring.
COW01760,53,664.2,27.0,94.02781318808638,52.0,95.8186520959744,22.809296,22.72581,-0.3673645,Health Risk Alert,Critical,"Critical heat stress or productivity decline detected. Consider emergency cooling, veterinary assessment, and hydration."
COW01761,56,556.8,22.3,77.61920486963677,47.27259985277878,71.1873265035823,21.702639,21.398764,-1.4200585,Heat Stress Alert,Medium,Moderate heat stress detected. Monitor cattle closely and provide ventilation and water access.
COW01762,13,417.1,20.7,64.30368480050278,42.0,51.82494492935788,18.08549,18.13499,0.2729608,No Alert,Low,Conditions are within expected range; continue routine monitoring.
COW01763,76,402.5,21.9,75.54292979768968,46.13559630426137,70.06155655973919,20.094194,19.58236,-2.613756,Heat Stress Alert,Medium,Moderate heat stress detected. Monitor cattle closely and provide ventilation and water access.
COW01764,74,570.4,27.8,61.28527533980002,38.31690397796897,59.50499349972056,22.058296,21.778402,-1.2851901,No Alert,Low,Conditions are within expected range; continue routine monitoring.
COW01765,113,502.6,27.6,61.28834118345873,39.11573087103627,55.00851485060566,20.854746,20.397243,-2.2429616,No Alert,Low,Conditions are within expected range; continue routine monitoring.
COW01766,66,476.8,21.8,52.57684509598386,30.533848187987022,72.82680739702829,20.654808,20.360235,-1.4468046,No Alert,Low,Conditions are within expected range; continue routine monitoring.
COW01767,62,545.0,18.8,87.91567552073388,52.0,79.56296681046248,21.609724,21.282692,-1.5366106,Heat Stress Alert,High,"High heat stress detected. Consider active cooling, shading, and improved hydration measures."
COW01768,19,599.2,16.5,58.20858248961643,37.72038073901419,49.88030868185906,20.743937,20.766027,0.10638006,No Alert,Low,Conditions are within expected range; continue routine monitoring.
COW01769,33,433.8,14.0,33.40753856624343,18.0,72.4316268400953,19.30785,19.161983,-0.761228,No Alert,Low,Conditions are within expected range; continue routine monitoring.
COW01770,48,514.1,16.0,47.28422854617451,26.78785878204061,76.316187380566,21.102299,20.80415,-1.4331232,No Alert,Low,Conditions are within expected range; continue routine monitoring.
COW01771,52,670.8,17.0,42.01720879862888,22.70282303880209,89.78813992237971,22.67679,22.566284,-0.4896954,No Alert,Low,Conditions are within expected range; continue routine monitoring.
COW01772,51,464.0,26.4,71.72748294732222,39.01094547602372,98.0,20.123083,19.69496,-2.1737719,Heat Stress Alert,Medium,Moderate heat stress detected. Monitor cattle closely and provide ventilation and water access.
COW01773,54,619.6,28.7,46.55909050290842,25.181731717863503,92.8765933957214,22.354332,22.21854,-0.6111643,No Alert,Low,Conditions are within expected range; continue routine monitoring.
COW01774,95,511.2,27.3,39.71955566070464,21.899367246384987,77.34068319420587,20.811615,20.531878,-1.3624544,No Alert,Low,Conditions are within expected range; continue routine monitoring.
COW01775,26,593.7,27.0,60.76052112358039,34.2832189315556,85.1670246987068,21.409847,21.480528,0.32904506,No Alert,Low,Conditions are within expected range; continue routine monitoring.
COW01776,47,637.8,31.9,40.91536239738014,22.34964713645984,83.47093366923053,22.240292,22.169327,-0.3201036,No Alert,Low,Conditions are within expected range; continue routine monitoring.
COW01777,29,609.3,31.3,57.485876607293854,35.98453488812684,56.97713089735084,21.779722,21.67894,-0.4648862,No Alert,Low,Conditions are within expected range; continue routine monitoring.
COW01778,45,622.7,18.8,60.47038226339764,38.408997270189865,55.57576727210077,22.164368,22.019068,-0.6598822,No Alert,Low,Conditions are within expected range; continue routine monitoring.
COW01779,85,457.9,16.6,61.81235936258748,36.70824411842035,71.92750797720512,20.20677,19.897877,-1.5523928,No Alert,Low,Conditions are within expected range; continue routine monitoring.
COW01780,17,639.1,16.8,71.39162457170329,45.00615413645775,62.0355670231704,21.273748,21.321371,0.22335656,Heat Stress Alert,Medium,Moderate heat stress detected. Monitor cattle closely and provide ventilation and water access.
COW01781,48,481.8,30.1,48.40990844376143,26.108519110720817,95.0,20.463556,20.05588,-2.032704,No Alert,Low,Conditions are within expected range; continue routine monitoring.
COW01782,14,570.8,15.8,61.04,42.0,40.0,20.212713,20.290632,0.38401467,No Alert,Low,Conditions are within expected range; continue routine monitoring.
COW01783,115,570.7,20.1,65.80287866353174,42.0,57.256806751926575,21.277815,21.060297,-1.0328337,No Alert,Low,Conditions are within expected range; continue routine monitoring.
COW01784,90,588.8,23.5,62.99202077037358,40.923135557599856,52.231804547423344,22.180925,21.953135,-1.0376233,No Alert,Low,Conditions are within expected range; continue routine monitoring.
COW01785,38,577.0,25.0,42.16659393880184,23.01944122367732,85.28442585891666,21.745768,21.49422,-1.1703,No Alert,Low,Conditions are within expected range; continue routine monitoring.
COW01786,33,482.5,24.7,74.45622303341156,48.12190074884896,58.0,19.985737,19.734766,-1.2717193,Heat Stress Alert,Medium,Moderate heat stress detected. Monitor cattle closely and provide ventilation and water access.
COW01787,22,442.0,28.2,33.67668159834824,18.0,79.90782217634008,18.40334,18.084234,-1.7645489,No Alert,Low,Conditions are within expected range; continue routine monitoring.
COW01788,63,619.8,24.3,37.21380114086351,20.005865762729343,85.78707971663268,22.422081,22.298124,-0.5559063,No Alert,Low,Conditions are within expected range; continue routine monitoring.
COW01789,93,564.9,29.3,58.42450878807332,36.11576906666302,60.4716945295865,21.609663,21.247972,-1.7022355,No Alert,Low,Conditions are within expected range; continue routine monitoring.
COW01790,75,642.0,15.5,35.736113867405194,19.37825233145515,77.0051766564539,23.030054,22.841818,-0.82408607,No Alert,Low,Conditions are within expected range; continue routine monitoring.
COW01791,107,546.4,29.5,77.39816186155139,49.0,63.000467807952006,21.406055,20.830544,-2.7628272,Heat Stress Alert,Medium,Moderate heat stress detected. Monitor cattle closely and provide ventilation and water access.
COW01792,49,437.6,24.6,65.37093740518237,42.0,55.69180219268975,19.883116,19.35647,-2.7207732,No Alert,Low,Conditions are within expected range; continue routine monitoring.
COW01793,42,627.3,18.0,37.618228231138445,20.221487679547664,86.59364006232869,22.188047,22.055456,-0.6011721,No Alert,Low,Conditions are within expected range; continue routine monitoring.
COW01794,63,520.4,31.6,41.09136146298909,22.228458505546723,88.24974487195328,20.900017,20.630568,-1.306068,No Alert,Low,Conditions are within expected range; continue routine monitoring.
COW01795,33,577.4,30.9,63.87412162876851,42.0,50.26855662597286,21.545454,21.274004,-1.2759706,No Alert,Low,Conditions are within expected range; continue routine monitoring.
COW01796,117,498.2,29.2,44.88448247739004,25.693440942101788,70.21535565964393,20.875313,20.484407,-1.908307,No Alert,Low,Conditions are within expected range; continue routine monitoring.
COW01797,32,681.5,30.4,61.26124661259096,41.19530139969968,44.42945169844084,22.598316,22.464266,-0.59672713,No Alert,Low,Conditions are within expected range; continue routine monitoring.
COW01798,63,479.9,20.9,46.89113792208603,26.711958976107383,74.08707874109606,20.617567,20.37698,-1.1806815,No Alert,Low,Conditions are within expected range; continue routine monitoring.
COW01799,68,523.0,18.1,53.109125289103964,30.44080431754997,77.03156020390432,21.22305,20.994335,-1.0894082,No Alert,Low,Conditions are within expected range; continue routine monitoring.
COW01800,18,558.6,17.3,59.248,32.0,98.0,19.974077,20.096447,0.60891247,No Alert,Low,Conditions are within expected range; continue routine monitoring.
COW01801,62,462.6,29.7,41.79380446375012,22.46831235172331,91.95423105783476,20.15432,19.79094,-1.836095,No Alert,Low,Conditions are within expected range; continue routine monitoring.
COW01802,61,576.4,28.9,59.06853138315841,39.29371217771112,45.126100763098,21.965044,21.769348,-0.8989515,No Alert,Low,Conditions are within expected range; continue routine monitoring.
COW01803,40,679.0,31.7,60.54568426697221,32.729036105040564,98.0,22.592037,22.377497,-0.95873314,No Alert,Low,Conditions are within expected range; continue routine monitoring.
COW01804,25,510.8,29.3,44.17648154717144,24.28430965826333,84.46754613339077,19.709457,19.574497,-0.68946946,No Alert,Low,Conditions are within expected range; continue routine monitoring.
COW01805,16,581.6,25.4,56.60977714818419,30.79415837039097,95.0,20.287308,20.424696,0.67265743,No Alert,Low,Conditions are within expected range; continue routine monitoring.
COW01806,12,330.0,16.6,58.23956341758703,35.903553754037844,60.99791952710956,17.87151,17.889868,0.10261803,No Alert,Low,Conditions are within expected range; continue routine monitoring.
COW01807,64,546.9,17.0,54.61496762379563,33.92870275421059,56.69606199541297,21.589802,21.33388,-1.1996051,No Alert,Low,Conditions are within expected range; continue routine monitoring.
COW01808,21,525.0,22.5,58.92719165238699,36.70623406227632,59.00684250787759,19.439941,19.592909,0.78072864,No Alert,Low,Conditions are within expected range; continue routine monitoring.
COW01809,115,484.5,27.8,55.26298346042262,36.48293285939236,43.81952902054419,20.88047,20.401957,-2.3454306,No Alert,Low,Conditions are within expected range; continue routine monitoring.
COW01810,38,636.5,17.1,62.86679774014052,41.60251711178694,48.46898541237552,22.46905,22.329021,-0.6271121,No Alert,Low,Conditions are within expected range; continue routine monitoring.
COW01811,82,523.9,30.5,53.05103266146984,34.55094004400303,44.713946875887295,21.121002,20.6916,-2.075245,No Alert,Low,Conditions are within expected range; continue routine monitoring.
COW01812,84,535.8,26.3,39.298287187032,21.1680736532084,88.11707097244937,21.148834,20.82339,-1.5628829,No Alert,Low,Conditions are within expected range; continue routine monitoring.
COW01813,65,519.8,19.6,63.99267809549728,42.0,50.6981090416568,21.231232,20.949553,-1.3445593,No Alert,Low,Conditions are within expected range; continue routine monitoring.
COW01814,107,396.7,29.9,34.122048642744105,18.036943403721576,90.52914918603724,19.853546,19.501797,-1.803677,No Alert,Low,Conditions are within expected range; continue routine monitoring.
COW01815,23,459.4,24.8,43.36611787139949,24.982922989601075,65.95322942987545,19.016375,18.83034,-0.9879543,No Alert,Low,Conditions are within expected range; continue routine monitoring.
COW01816,37,626.9,27.2,46.47,25.0,95.0,22.201185,22.05461,-0.6646045,No Alert,Low,Conditions are within expected range; continue routine monitoring.
COW01817,39,381.2,20.9,72.44366462029825,42.652283998327015,77.59315113402783,19.604538,19.151241,-2.366931,Heat Stress Alert,Medium,Moderate heat stress detected. Monitor cattle closely and provide ventilation and water access.
COW01818,26,488.7,21.1,54.06542869448004,32.00564822065272,68.50591336824242,19.898285,19.880323,-0.09034814,No Alert,Low,Conditions are within expected range; continue routine monitoring.
COW01819,43,518.0,14.2,44.36207871170523,25.33658615389263,70.34013795843455,21.04315,20.770449,-1.312929,No Alert,Low,Conditions are within expected range; continue routine monitoring.
COW01820,45,689.5,23.7,40.15169462305748,22.188861237215608,77.04085938280382,22.635227,22.51072,-0.55310494,No Alert,Low,Conditions are within expected range; continue routine monitoring.
COW01821,94,611.5,27.7,77.3094167928285,44.11018448821073,86.23732785108308,22.59181,22.334492,-1.1521126,Heat Stress Alert,Medium,Moderate heat stress detected. Monitor cattle closely and provide ventilation and water access.
COW01822,44,505.4,31.4,47.4452503159037,27.43928374227857,69.74173966776279,20.76816,20.466455,-1.474141,No Alert,Low,Conditions are within expected range; continue routine monitoring.
COW01823,106,654.4,30.1,45.68865206072724,25.24740876849928,83.8054989900182,22.670204,22.50577,-0.73063236,No Alert,Low,Conditions are within expected range; continue routine monitoring.
COW01824,95,490.8,15.6,42.60041781823647,22.99636623379515,90.77469036303864,21.015648,20.671854,-1.6631013,No Alert,Low,Conditions are within expected range; continue routine monitoring.
COW01825,109,630.7,31.6,52.89901473306136,32.95077457156254,54.652138845743984,22.053036,21.86488,-0.86054045,No Alert,Low,Conditions are within expected range; continue routine monitoring.
COW01826,23,441.3,16.7,47.38229412648318,28.49822531440083,58.04783008116026,18.607685,18.611155,0.01864187,No Alert,Low,Conditions are within expected range; continue routine monitoring.
COW01827,118,635.9,14.7,55.00817715412541,32.983897283928286,65.76155227435416,21.919535,21.857368,-0.28441766,No Alert,Low,Conditions are within expected range; continue routine monitoring.
COW01828,78,517.5,27.5,88.63796149045041,48.669966460748114,97.1754330719731,21.318316,20.764015,-2.6695237,Heat Stress Alert,High,"High heat stress detected. Consider active cooling, shading, and improved hydration measures."
COW01829,118,467.7,30.3,53.88981576920739,32.543885064009736,63.13260736379549,20.384575,19.882816,-2.523579,No Alert,Low,Conditions are within expected range; continue routine monitoring.
COW01830,50,532.6,31.1,62.60759742244406,38.15463408187546,66.02454958003474,21.125017,20.606043,-2.518554,No Alert,Low,Conditions are within expected range; continue routine monitoring.
COW01831,114,572.2,28.8,71.4530318499865,39.276018199992286,95.0,21.654703,21.123594,-2.514292,Heat Stress Alert,Medium,Moderate heat stress detected. Monitor cattle closely and provide ventilation and water access.
COW01832,75,510.4,17.7,57.72229491552904,35.60418850624281,60.54909437706059,21.125273,20.887363,-1.1390108,No Alert,Low,Conditions are within expected range; continue routine monitoring.
COW01833,19,594.3,16.8,73.51771471301447,45.02994741729382,68.86644789755589,20.570076,20.722004,0.73317206,Heat Stress Alert,Medium,Moderate heat stress detected. Monitor cattle closely and provide ventilation and water access.
COW01834,56,503.4,15.1,61.04,42.0,40.0,21.015625,20.84651,-0.81123924,No Alert,Low,Conditions are within expected range; continue routine monitoring.
COW01835,26,599.6,24.5,53.03362238696867,32.78669070921257,56.58587499046581,21.304897,21.375269,0.32921985,No Alert,Low,Conditions are within expected range; continue routine monitoring.
COW01836,113,585.4,22.8,75.19570978581979,43.04117763240959,85.06203198964786,21.707054,21.405605,-1.4082705,Heat Stress Alert,Medium,Moderate heat stress detected. Monitor cattle closely and provide ventilation and water access.
COW01837,44,545.1,16.0,75.20940779017968,43.27862782468002,83.75226716889084,21.379456,21.110106,-1.2759295,Heat Stress Alert,Medium,Moderate heat stress detected. Monitor cattle closely and provide ventilation and water access.
COW01838,36,514.7,22.4,46.47,25.0,95.0,20.746624,20.41847,-1.607141,No Alert,Low,Conditions are within expected range; continue routine monitoring.
COW01839,71,562.1,24.2,48.984233466885215,26.436704838220123,95.0,21.850225,21.541712,-1.4321686,No Alert,Low,Conditions are within expected range; continue routine monitoring.
COW01840,57,594.0,27.0,59.19554134895156,35.328623360899336,69.43907589919758,22.176874,22.027452,-0.67834306,No Alert,Low,Conditions are within expected range; continue routine monitoring.
COW01841,22,714.9,21.5,60.15315970957428,32.89156177983746,94.31280328479428,21.888718,21.973883,0.38757387,No Alert,Low,Conditions are within expected range; continue routine monitoring.
COW01842,100,625.2,19.7,90.225855444428,52.0,85.70706235220209,22.19503,22.255264,0.2706509,Health Risk Alert,Critical,"Critical heat stress or productivity decline detected. Consider emergency cooling, veterinary assessment, and hydration."
COW01843,103,628.1,26.0,45.58134184516781,24.742178909772583,90.7700282430733,22.274874,22.198673,-0.34326595,No Alert,Low,Conditions are within expected range; continue routine monitoring.
COW01844,92,797.1,26.3,68.86109942742007,43.65873101179021,59.92780278448268,23.822468,23.72452,-0.41285586,No Alert,Low,Conditions are within expected range; continue routine monitoring.
COW01845,78,591.3,18.9,42.36388133540713,23.270662188716837,82.82754351506283,22.248997,22.12397,-0.56511873,No Alert,Low,Conditions are within expected range; continue routine monitoring.
COW01846,55,588.8,14.4,62.35776964128979,40.87912624744819,50.05629158404945,22.14955,21.961353,-0.85694253,No Alert,Low,Conditions are within expected range; continue routine monitoring.
COW01847,70,606.3,31.0,65.95178427624492,35.76617094171063,98.0,22.627481,22.334318,-1.3126136,No Alert,Low,Conditions are within expected range; continue routine monitoring.
COW01848,68,469.3,27.6,63.16509458868047,40.5388187608223,54.83813064080365,20.416754,19.912056,-2.5346344,No Alert,Low,Conditions are within expected range; continue routine monitoring.
COW01849,29,514.5,17.6,46.47,25.0,95.0,20.062103,20.070255,0.04061736,No Alert,Low,Conditions are within expected range; continue routine monitoring.
COW01850,20,509.5,24.2,62.2136398757656,42.0,44.25231839045506,19.450884,19.655329,1.0401499,No Alert,Low,Conditions are within expected range; continue routine monitoring.
COW01851,39,601.8,24.7,44.72496045870212,25.37792662675531,73.0795479880983,21.965837,21.756584,-0.961793,No Alert,Low,Conditions are within expected range; continue routine monitoring.
COW01852,61,536.1,16.3,61.37234494081309,33.51562568046462,95.0,21.20804,20.935043,-1.3040189,No Alert,Low,Conditions are within expected range; continue routine monitoring.
COW01853,29,561.1,17.4,33.973901618052864,18.0,88.16393383480174,21.25828,20.885838,-1.7832286,No Alert,Low,Conditions are within expected range; continue routine monitoring.
COW01854,23,637.0,31.2,41.58010725421182,22.48760043884745,88.90185608821318,21.505642,21.573732,0.31561732,No Alert,Low,Conditions are within expected range; continue routine monitoring.
COW01855,104,619.1,23.1,60.93118646261468,37.06411212578591,65.65400258965569,22.022758,21.908009,-0.52378064,No Alert,Low,Conditions are within expected range; continue routine monitoring.
COW01856,52,537.1,17.4,62.05169179142314,42.0,43.66554996892441,21.081022,20.876644,-0.97897977,No Alert,Low,Conditions are within expected range; continue routine monitoring.
COW01857,75,496.4,28.4,69.10292191578968,43.53423903295203,61.355749395788536,21.159477,20.618977,-2.6213746,No Alert,Low,Conditions are within expected range; continue routine monitoring.
COW01858,68,640.8,22.5,49.842194982920105,32.66849581910009,40.0,22.739044,22.790655,0.22645661,No Alert,Low,Conditions are within expected range; continue routine monitoring.
COW01859,91,611.9,25.5,62.31185733683056,42.0,44.60817875663248,22.574076,22.469164,-0.4669146,No Alert,Low,Conditions are within expected range; continue routine monitoring.
COW01860,91,421.5,19.4,72.7113208632407,39.563663406314994,98.0,19.989643,19.495283,-2.5357928,Heat Stress Alert,Medium,Moderate heat stress detected. Monitor cattle closely and provide ventilation and water access.
COW01861,43,524.9,15.0,74.3705979325762,41.1843680217757,93.42428200961042,20.940937,20.663452,-1.3428777,Heat Stress Alert,Medium,Moderate heat stress detected. Monitor cattle closely and provide ventilation and water access.
COW01862,103,563.2,17.0,47.04241722370479,27.898542961360416,61.66282448737401,21.391594,21.163048,-1.0799302,No Alert,Low,Conditions are within expected range; continue routine monitoring.
COW01863,52,612.3,31.5,51.61792990916097,30.442405390420426,67.7205527003573,22.221752,22.063622,-0.71670306,No Alert,Low,Conditions are within expected range; continue routine monitoring.
COW01864,102,622.8,25.2,59.52361776651334,32.45921015229334,95.0,22.091188,22.036205,-0.24951273,No Alert,Low,Conditions are within expected range; continue routine monitoring.
COW01865,55,572.7,29.0,40.270972144570095,21.53479208632752,93.10906884362332,21.97593,21.69297,-1.304381,No Alert,Low,Conditions are within expected range; continue routine monitoring.
COW01866,23,596.8,14.4,44.71869953156729,25.50421249770884,71.28222316560857,21.145767,21.128893,-0.07986369,No Alert,Low,Conditions are within expected range; continue routine monitoring.
COW01867,94,555.1,27.8,63.25598393775775,41.62512424569766,49.791818831981374,21.46596,21.120024,-1.6379519,No Alert,Low,Conditions are within expected range; continue routine monitoring.
COW01868,15,496.1,22.7,53.8679670081636,30.90159759094801,77.24518105081786,19.275343,19.430752,0.7998088,No Alert,Low,Conditions are within expected range; continue routine monitoring.
COW01869,95,529.1,26.0,53.097478874261526,28.7871307852923,95.0,21.203768,20.732038,-2.2753637,No Alert,Low,Conditions are within expected range; continue routine monitoring.
COW01870,16,551.5,20.4,61.04,42.0,40.0,19.679659,19.879894,1.0072255,No Alert,Low,Conditions are within expected range; continue routine monitoring.
COW01871,34,547.2,25.2,53.37381317159414,33.801984847261686,51.19180007599368,21.167501,20.894875,-1.3047547,No Alert,Low,Conditions are within expected range; continue routine monitoring.
COW01872,77,399.2,14.6,46.23042512303586,26.2404121386248,74.64347785078473,20.088913,19.666182,-2.1495347,No Alert,Low,Conditions are within expected range; continue routine monitoring.
COW01873,113,518.2,14.8,58.75923494411603,36.11771106593654,62.000392446910666,20.768524,20.519117,-1.2154851,No Alert,Low,Conditions are within expected range; continue routine monitoring.
COW01874,56,554.5,28.4,55.88126139058373,30.377863651762127,95.0,21.635107,21.302006,-1.5637085,No Alert,Low,Conditions are within expected range; continue routine monitoring.
COW01875,25,527.5,16.2,36.02551946125083,19.19121475426056,89.17462224048806,20.09115,19.778872,-1.5788502,No Alert,Low,Conditions are within expected range; continue routine monitoring.
COW01876,37,530.3,14.3,62.87412903034596,41.72466388820045,47.92153335668338,20.726322,20.547535,-0.8701152,No Alert,Low,Conditions are within expected range; continue routine monitoring.
COW01877,108,589.0,30.4,62.82035875819727,41.14897528565301,50.47362893529724,21.831451,21.54611,-1.3243284,No Alert,Low,Conditions are within expected range; continue routine monitoring.
COW01878,90,463.7,18.8,46.430231318577405,26.8784011241129,68.33816555879717,20.19247,19.875872,-1.5928805,No Alert,Low,Conditions are within expected range; continue routine monitoring.
COW01879,22,419.8,24.5,46.98475899093136,27.122953753587208,69.8453846502122,18.291286,18.101116,-1.0505998,No Alert,Low,Conditions are within expected range; continue routine monitoring.
COW01880,53,522.1,29.1,67.67074383938507,37.7073751760926,90.55006640198236,21.243553,20.66979,-2.7758524,No Alert,Low,Conditions are within expected range; continue routine monitoring.
COW01881,40,611.1,27.4,42.59259786725757,23.54875117036105,80.37814991396826,22.188673,22.02162,-0.75858736,No Alert,Low,Conditions are within expected range; continue routine monitoring.
COW01882,31,685.0,14.8,59.12211185173068,37.010225979514985,58.0,22.30764,22.251627,-0.25172588,No Alert,Low,Conditions are within expected range; continue routine monitoring.
COW01883,103,612.6,24.1,48.107666672696965,26.042774315254345,93.39223561387008,21.975323,21.900017,-0.34386247,No Alert,Low,Conditions are within expected range; continue routine monitoring.
COW01884,78,432.5,23.8,59.34163802908084,40.10385192914944,42.244860870238455,20.116695,19.540634,-2.9480171,No Alert,Low,Conditions are within expected range; continue routine monitoring.
COW01885,31,531.4,20.3,64.09513390390947,42.0,51.06932573880245,20.149197,20.117609,-0.15701468,No Alert,Low,Conditions are within expected range; continue routine monitoring.
COW01886,82,570.5,27.6,56.50916324566612,34.80850745408018,60.08453734303056,22.006481,21.721313,-1.3128474,No Alert,Low,Conditions are within expected range; continue routine monitoring.
COW01887,56,564.2,31.4,74.9629065134594,46.79608746368829,65.21169127657237,21.840504,21.251518,-2.7714982,Heat Stress Alert,Medium,Moderate heat stress detected. Monitor cattle closely and provide ventilation and water access.
COW01888,18,593.1,16.6,38.30768687699022,20.466491481994822,91.23055241766328,20.402996,20.58446,0.88155454,No Alert,Low,Conditions are within expected range; continue routine monitoring.
COW01889,60,476.6,16.6,62.90172296726709,39.185549930109886,61.13757034202708,20.670681,20.387026,-1.3913513,No Alert,Low,Conditions are within expected range; continue routine monitoring.
COW01890,32,555.2,27.2,62.72769559206923,40.138302660186135,55.23695036002623,21.33474,21.114525,-1.0429543,No Alert,Low,Conditions are within expected range; continue routine monitoring.
COW01891,38,583.6,22.2,41.444743098089646,22.692836189097907,83.08947614170664,21.757046,21.45858,-1.3908923,No Alert,Low,Conditions are within expected range; continue routine monitoring.
COW01892,106,616.1,28.3,45.34016163422393,25.65549534217953,74.77027980228063,22.11971,21.950369,-0.771477,No Alert,Low,Conditions are within expected range; continue routine monitoring.
COW01893,88,485.5,16.5,52.99797970144307,31.27353223728752,68.62317710825938,20.908463,20.630278,-1.3484302,No Alert,Low,Conditions are within expected range; continue routine monitoring.
COW01894,26,522.4,14.7,60.66481375914729,40.33804622963623,46.242406499121,19.935421,20.006517,0.3553663,No Alert,Low,Conditions are within expected range; continue routine monitoring.
COW01895,103,333.7,26.6,65.09364644680274,42.0,54.68712480725629,19.684944,19.12367,-2.9349678,No Alert,Low,Conditions are within expected range; continue routine monitoring.
COW01896,74,500.3,31.9,33.794158877873315,18.0,83.17107994092544,20.94047,20.511976,-2.0889919,No Alert,Low,Conditions are within expected range; continue routine monitoring.
COW01897,106,508.0,15.7,75.58805567794906,44.91971370124844,76.18775505092349,20.865122,20.507704,-1.7428478,Heat Stress Alert,Medium,Moderate heat stress detected. Monitor cattle closely and provide ventilation and water access.
COW01898,92,468.4,29.6,51.01501913672621,29.643967031645005,71.50268357825216,20.255724,19.76244,-2.4960694,No Alert,Low,Conditions are within expected range; continue routine monitoring.
COW01899,48,563.2,20.9,66.56593442760496,38.59171215137199,79.74865352973052,21.647923,21.338129,-1.4518305,No Alert,Low,Conditions are within expected range; continue routine monitoring.
COW01900,69,545.5,14.3,42.562790829299786,23.45985522013405,81.62279058012508,21.690735,21.40302,-1.3442682,No Alert,Low,Conditions are within expected range; continue routine monitoring.
COW01901,69,369.3,23.2,48.28155800598317,27.82610228567869,71.65650888644257,19.566473,19.130478,-2.2790601,No Alert,Low,Conditions are within expected range; continue routine monitoring.
COW01902,89,567.2,19.0,37.11920754680924,20.21224733509193,78.27281628688186,21.728346,21.464128,-1.2309718,No Alert,Low,Conditions are within expected range; continue routine monitoring.
COW01903,38,475.7,26.5,51.840264883752106,34.10344589161518,41.40142904613146,20.094378,19.731808,-1.837489,No Alert,Low,Conditions are within expected range; continue routine monitoring.
COW01904,47,588.9,19.2,39.80099791234807,21.442974780530648,88.69289302570681,21.87852,21.695833,-0.84203196,No Alert,Low,Conditions are within expected range; continue routine monitoring.
COW01905,38,447.5,22.7,94.848,52.0,98.0,19.554205,19.315691,-1.2348197,Health Risk Alert,Critical,"Critical heat stress or productivity decline detected. Consider emergency cooling, veterinary assessment, and hydration."
COW01906,43,552.4,17.6,72.97541535251204,43.20596945828514,76.40999487192494,21.341896,21.078518,-1.2495098,Heat Stress Alert,Medium,Moderate heat stress detected. Monitor cattle closely and provide ventilation and water access.
COW01907,29,527.3,28.9,58.37237389245832,36.47086861642693,57.975421002656816,20.003761,19.858524,-0.7313583,No Alert,Low,Conditions are within expected range; continue routine monitoring.
COW01908,15,574.2,30.7,33.46350710191021,18.0,73.98630838639481,20.193518,20.178753,-0.07316996,No Alert,Low,Conditions are within expected range; continue routine monitoring.
COW01909,113,560.0,21.3,36.67233725933672,19.86842396875061,80.05228031608529,21.231943,20.97176,-1.2406366,No Alert,Low,Conditions are within expected range; continue routine monitoring.
COW01910,20,529.6,22.1,61.61313529567784,35.5295083687607,79.46010057428529,19.56492,19.66355,0.50158286,No Alert,Low,Conditions are within expected range; continue routine monitoring.
COW01911,107,427.1,31.7,87.39761681094367,52.0,78.18515109293527,19.75196,19.298855,-2.3478384,Heat Stress Alert,High,"High heat stress detected. Consider active cooling, shading, and improved hydration measures."
COW01912,12,431.8,16.6,63.39717691614416,34.67267252351095,95.0,18.07161,18.203136,0.722551,No Alert,Low,Conditions are within expected range; continue routine monitoring.
COW01913,95,503.3,28.6,68.52422861076249,37.60241634900714,95.0,21.170784,20.506248,-3.240649,No Alert,Low,Conditions are within expected range; continue routine monitoring.
COW01914,47,549.3,24.2,64.14817519347842,41.83079898116015,52.07116285005196,21.39681,21.096859,-1.421783,No Alert,Low,Conditions are within expected range; continue routine monitoring.
COW01915,67,501.3,29.9,71.96362764501674,46.31567220653388,58.0,21.29361,20.680971,-2.9623294,Heat Stress Alert,Medium,Moderate heat stress detected. Monitor cattle closely and provide ventilation and water access.
COW01916,42,600.0,19.3,41.07457229298068,22.155408100197537,89.61805391834396,21.853941,21.708784,-0.668655,No Alert,Low,Conditions are within expected range; continue routine monitoring.
COW01917,64,527.7,19.3,36.86571997293741,19.57088989992481,93.00155574899178,21.224173,20.968683,-1.218433,No Alert,Low,Conditions are within expected range; continue routine monitoring.
COW01918,60,472.8,19.9,57.4597523613969,31.2798584922268,95.0,20.635887,20.309652,-1.6063043,No Alert,Low,Conditions are within expected range; continue routine monitoring.
COW01919,69,527.8,14.3,74.78119798267429,41.177827418671015,95.0,21.3099,21.034912,-1.3072941,Heat Stress Alert,Medium,Moderate heat stress detected. Monitor cattle closely and provide ventilation and water access.
COW01920,54,568.1,17.1,57.15094867370479,33.316740253294945,74.52423769794747,21.673683,21.425097,-1.1602592,No Alert,Low,Conditions are within expected range; continue routine monitoring.
COW01921,69,576.0,31.9,75.37948159359763,47.761663106198114,62.25754106599186,22.042408,21.56266,-2.2249007,Heat Stress Alert,Medium,Moderate heat stress detected. Monitor cattle closely and provide ventilation and water access.
COW01922,101,700.3,18.5,58.665118172216445,36.3749213630922,59.91002590732433,23.047384,22.895563,-0.66310287,No Alert,Low,Conditions are within expected range; continue routine monitoring.
COW01923,58,496.5,14.4,55.202122880994814,35.13828455917986,51.55438581788727,21.087255,20.891151,-0.9386943,No Alert,Low,Conditions are within expected range; continue routine monitoring.
COW01924,51,544.1,19.0,60.05248576423687,39.92951944924291,45.86404467237152,21.261717,21.025375,-1.1240773,No Alert,Low,Conditions are within expected range; continue routine monitoring.
COW01925,26,584.1,21.4,53.49308354632831,32.68870205896781,59.82995328959726,21.12028,21.106277,-0.066339724,No Alert,Low,Conditions are within expected range; continue routine monitoring.
COW01926,50,548.1,23.9,61.630732756435975,39.17842508200619,56.04873047769416,21.394518,21.077194,-1.505531,No Alert,Low,Conditions are within expected range; continue routine monitoring.
COW01927,25,510.0,15.2,46.47,25.0,95.0,19.83986,19.803122,-0.18552302,No Alert,Low,Conditions are within expected range; continue routine monitoring.
COW01928,31,426.1,28.2,55.43210970307676,34.23422129314217,58.71030930056871,18.915033,18.619364,-1.5879681,No Alert,Low,Conditions are within expected range; continue routine monitoring.
COW01929,114,509.1,28.9,73.00270964372984,44.22638401249677,71.15043655590605,21.201883,20.451536,-3.6689036,Heat Stress Alert,Medium,Moderate heat stress detected. Monitor cattle closely and provide ventilation and water access.
COW01930,21,464.1,17.8,43.91181615951232,24.232816748529327,82.63718289984587,18.617102,18.761065,0.7673491,No Alert,Low,Conditions are within expected range; continue routine monitoring.
COW01931,64,411.9,28.4,52.515601728797165,28.68359293146477,92.1947821308774,19.97202,19.443174,-2.7199512,No Alert,Low,Conditions are within expected range; continue routine monitoring.
COW01932,102,486.3,20.5,51.3884956280899,27.810568930337087,95.0,20.81018,20.43867,-1.8176891,No Alert,Low,Conditions are within expected range; continue routine monitoring.
COW01933,114,466.2,21.6,34.7195024863519,18.473129424538254,86.93558631819616,20.140423,19.70138,-2.228489,No Alert,Low,Conditions are within expected range; continue routine monitoring.
COW01934,27,596.7,30.9,49.46832109811462,26.713326341779783,95.0,21.448662,21.432493,-0.07543963,No Alert,Low,Conditions are within expected range; continue routine monitoring.
COW01935,29,598.1,30.1,66.42212922917324,42.0,59.50046822164214,21.554358,21.405615,-0.6948769,No Alert,Low,Conditions are within expected range; continue routine monitoring.
COW01936,52,477.7,20.8,54.90062686369681,33.17507407500682,63.70450287390947,20.568253,20.271431,-1.464236,No Alert,Low,Conditions are within expected range; continue routine monitoring.
COW01937,71,529.2,22.8,39.12779396207951,21.10382508537502,87.18505956443121,21.180187,20.883621,-1.420089,No Alert,Low,Conditions are within expected range; continue routine monitoring.
COW01938,115,401.3,19.2,77.16903033011786,49.0,62.33823794831755,19.949362,19.488829,-2.3630621,Heat Stress Alert,Medium,Moderate heat stress detected. Monitor cattle closely and provide ventilation and water access.
COW01939,34,510.5,23.3,49.99759580874099,29.99783264757591,61.542714988496286,20.671677,20.37054,-1.4782917,No Alert,Low,Conditions are within expected range; continue routine monitoring.
COW01940,29,581.9,26.3,71.24775396805938,45.25462038031547,60.42549684293464,21.23958,21.144125,-0.45145008,Heat Stress Alert,Medium,Moderate heat stress detected. Monitor cattle closely and provide ventilation and water access.
COW01941,39,616.0,15.7,51.51330229088132,31.0966150785457,61.30590050672917,22.111954,21.999428,-0.5114949,No Alert,Low,Conditions are within expected range; continue routine monitoring.
COW01942,106,493.0,30.6,85.87140213872831,49.42707283687558,85.44745947973877,21.43835,20.487257,-4.642367,Heat Stress Alert,High,"High heat stress detected. Consider active cooling, shading, and improved hydration measures."
COW01943,15,634.1,26.9,62.51006336545414,42.0,45.32631654150048,21.087425,21.236477,0.70186627,No Alert,Low,Conditions are within expected range; continue routine monitoring.
COW01944,53,428.7,15.7,43.06261350206952,23.29438364038053,90.2491607549061,20.199924,19.782007,-2.112613,No Alert,Low,Conditions are within expected range; continue routine monitoring.
COW01945,24,450.2,29.6,48.522462654747,27.90745164959401,72.52664373124921,18.937815,18.740139,-1.0548252,No Alert,Low,Conditions are within expected range; continue routine monitoring.
COW01946,28,606.8,27.4,59.11899461485709,38.20254119234056,51.07421750790472,21.684164,21.782156,0.44987255,No Alert,Low,Conditions are within expected range; continue routine monitoring.
COW01947,111,683.7,19.6,58.01037051569024,31.951434138388954,91.44109295248865,22.526041,22.462511,-0.28282666,No Alert,Low,Conditions are within expected range; continue routine monitoring.
COW01948,12,589.5,23.4,56.18576405877962,33.22547700311438,70.1463365528719,20.093277,20.240683,0.7282641,No Alert,Low,Conditions are within expected range; continue routine monitoring.
COW01949,46,546.8,29.5,43.721098087199,24.409673797332008,77.85827197895945,21.359241,21.038427,-1.524896,No Alert,Low,Conditions are within expected range; continue routine monitoring.
COW01950,110,374.4,31.4,87.99898333955792,48.15223783121231,98.0,19.815636,19.266832,-2.8484356,Heat Stress Alert,High,"High heat stress detected. Consider active cooling, shading, and improved hydration measures."
COW01951,77,388.2,19.1,54.23134045201299,33.3411148765843,58.91125534822679,19.912748,19.491194,-2.162795,No Alert,Low,Conditions are within expected range; continue routine monitoring.
COW01952,19,560.4,25.7,48.90214449002576,26.38979685144329,95.0,20.215826,20.394196,0.87460923,No Alert,Low,Conditions are within expected range; continue routine monitoring.
COW01953,62,521.4,29.5,50.7966677248114,29.867898299683212,67.8977122915265,21.087004,20.730549,-1.7194666,No Alert,Low,Conditions are within expected range; continue routine monitoring.
COW01954,116,461.5,31.8,66.14632814019467,36.95841861344236,89.45482214527186,20.278349,19.59146,-3.5060668,No Alert,Low,Conditions are within expected range; continue routine monitoring.
COW01955,55,555.2,15.3,48.413367682595975,28.708062213542675,63.22951198240435,21.725142,21.446552,-1.2989931,No Alert,Low,Conditions are within expected range; continue routine monitoring.
COW01956,69,559.2,23.1,54.75993743267435,31.379758654990408,78.07019391754432,21.81426,21.524767,-1.3449324,No Alert,Low,Conditions are within expected range; continue routine monitoring.
COW01957,69,625.6,29.7,75.33583486896316,44.97105845251075,75.10040302536194,22.719536,22.455782,-1.1745478,Heat Stress Alert,Medium,Moderate heat stress detected. Monitor cattle closely and provide ventilation and water access.
COW01958,83,560.9,14.1,33.85300988065006,18.05249005518589,82.43739999308777,22.022808,21.574154,-2.079591,No Alert,Low,Conditions are within expected range; continue routine monitoring.
COW01959,32,648.3,21.9,38.152699557110566,20.811257138515646,79.60519654776586,22.383404,22.280907,-0.46002212,No Alert,Low,Conditions are within expected range; continue routine monitoring.
COW01960,102,550.6,24.5,39.28073248864264,21.57045404271,78.43811871568704,21.319002,21.008736,-1.4768451,No Alert,Low,Conditions are within expected range; continue routine monitoring.
COW01961,118,540.8,23.5,71.67128735650769,41.00096565742488,84.47255306423733,21.134571,20.680151,-2.1973732,Heat Stress Alert,Medium,Moderate heat stress detected. Monitor cattle closely and provide ventilation and water access.
COW01962,27,635.1,27.2,45.964067810184304,26.217927328212287,72.68386163713066,21.923058,22.046701,0.5608271,No Alert,Low,Conditions are within expected range; continue routine monitoring.
COW01963,100,471.7,15.2,61.35426277172007,41.92187724671874,41.48249362498056,20.33253,19.978033,-1.774429,No Alert,Low,Conditions are within expected range; continue routine monitoring.
COW01964,100,775.2,28.1,44.973330545531326,24.187777720885443,94.23087274593944,23.842752,23.733963,-0.45837033,No Alert,Low,Conditions are within expected range; continue routine monitoring.
COW01965,92,580.0,19.1,58.74376461065219,37.0286690762749,56.21554368378415,22.005331,21.731071,-1.2620618,No Alert,Low,Conditions are within expected range; continue routine monitoring.
COW01966,52,580.5,28.8,36.23249523947904,19.14999727970231,95.0,22.003954,21.699743,-1.401909,No Alert,Low,Conditions are within expected range; continue routine monitoring.
COW01967,62,592.0,21.6,33.760055920796134,18.0,82.2237755776705,22.30146,22.003122,-1.3558891,No Alert,Low,Conditions are within expected range; continue routine monitoring.
COW01968,102,700.2,14.8,71.06952817633447,40.2706968137115,86.78919971519734,23.022423,22.783602,-1.0482146,Heat Stress Alert,Medium,Moderate heat stress detected. Monitor cattle closely and provide ventilation and water access.
COW01969,28,613.4,31.4,53.10345304490624,30.610661726856247,75.35117239035804,21.703644,21.78292,0.36394128,No Alert,Low,Conditions are within expected range; continue routine monitoring.
COW01970,101,421.6,28.0,61.822895201952974,41.73408897074833,44.03155356022391,20.096525,19.42788,-3.441682,No Alert,Low,Conditions are within expected range; continue routine monitoring.
COW01971,111,662.3,20.3,88.30491661857187,49.458925592040224,92.23835470953978,22.02923,22.215727,0.8394807,Heat Stress Alert,High,"High heat stress detected. Consider active cooling, shading, and improved hydration measures."
COW01972,85,522.7,18.9,57.28927679012748,31.18244388007285,95.0,21.133701,20.81912,-1.5110192,No Alert,Low,Conditions are within expected range; continue routine monitoring.
COW01973,48,558.6,24.6,88.01106342940244,52.0,79.8166580569214,21.797426,21.279072,-2.4359822,Heat Stress Alert,High,"High heat stress detected. Consider active cooling, shading, and improved hydration measures."
COW01974,72,447.7,31.8,56.15683779161636,37.930698159680304,40.0,20.091328,19.549982,-2.7690337,No Alert,Low,Conditions are within expected range; continue routine monitoring.
COW01975,17,592.1,19.2,58.95720248416152,40.26433540346793,40.0,20.615002,20.62813,0.06364261,No Alert,Low,Conditions are within expected range; continue routine monitoring.
COW01976,112,497.9,31.1,52.041102293093445,33.342729315281055,47.33699506350972,20.881796,20.456629,-2.078383,No Alert,Low,Conditions are within expected range; continue routine monitoring.
COW01977,48,558.0,19.9,44.853276953300586,25.060592564702286,78.83992236386044,21.604183,21.28923,-1.4793999,No Alert,Low,Conditions are within expected range; continue routine monitoring.
COW01978,18,527.3,26.7,40.59868280899434,21.95493046336089,87.81998021665572,19.541744,19.63896,0.49501425,No Alert,Low,Conditions are within expected range; continue routine monitoring.
COW01979,97,704.0,20.9,77.41516295694295,49.0,63.04960392180042,23.211058,23.005928,-0.8916381,Heat Stress Alert,Medium,Moderate heat stress detected. Monitor cattle closely and provide ventilation and water access.
COW01980,83,708.6,15.5,35.93738224230586,19.59458227360869,74.34123130628879,23.317738,23.113855,-0.88207793,No Alert,Low,Conditions are within expected range; continue routine monitoring.
COW01981,79,553.7,30.9,77.63016288949062,49.0,63.6709910100885,21.914309,21.2898,-2.9333665,Heat Stress Alert,Medium,Moderate heat stress detected. Monitor cattle closely and provide ventilation and water access.
COW01982,17,555.1,17.0,41.61521645605561,22.838748914724427,82.28965447898788,19.96517,20.059315,0.4693322,No Alert,Low,Conditions are within expected range; continue routine monitoring.
COW01983,93,520.1,31.0,68.9291646328322,43.79810225764773,59.495958866405786,21.241402,20.576944,-3.229135,No Alert,Low,Conditions are within expected range; continue routine monitoring.
COW01984,80,638.5,15.9,56.47891278120149,30.71937873211514,95.0,22.911783,22.80411,-0.47216773,No Alert,Low,Conditions are within expected range; continue routine monitoring.
COW01985,97,523.7,18.8,48.56732929216532,27.241791705528332,80.78230955324351,21.026573,20.740124,-1.3811365,No Alert,Low,Conditions are within expected range; continue routine monitoring.
COW01986,101,516.3,30.6,82.29207696305173,49.0,77.14473110708593,21.325539,20.492863,-4.0632486,Heat Stress Alert,High,"High heat stress detected. Consider active cooling, shading, and improved hydration measures."
COW01987,34,628.3,25.9,50.10051370014248,27.074579257224272,95.0,22.312752,22.195404,-0.5287028,No Alert,Low,Conditions are within expected range; continue routine monitoring.
COW01988,34,506.9,17.4,72.14322727691939,39.82378104559757,93.94433659417142,20.725037,20.429556,-1.4463395,Heat Stress Alert,Medium,Moderate heat stress detected. Monitor cattle closely and provide ventilation and water access.
COW01989,111,547.0,24.7,60.48792253312439,40.52261109375781,44.67330473295121,21.203669,20.838125,-1.7542046,No Alert,Low,Conditions are within expected range; continue routine monitoring.
COW01990,69,423.5,17.2,51.26494399079894,32.9499351640204,45.84919453561741,19.995384,19.762789,-1.1769364,No Alert,Low,Conditions are within expected range; continue routine monitoring.
COW01991,59,606.3,29.7,33.857752787645296,18.0,84.93757743459147,22.647581,22.307549,-1.5242938,No Alert,Low,Conditions are within expected range; continue routine monitoring.
COW01992,43,705.3,14.9,61.04,42.0,40.0,22.574144,22.506128,-0.30221125,No Alert,Low,Conditions are within expected range; continue routine monitoring.
COW01993,81,607.7,23.5,62.52286489126994,39.46263858606911,58.065530380762425,22.500933,22.339636,-0.7220209,No Alert,Low,Conditions are within expected range; continue routine monitoring.
COW01994,93,666.9,15.1,55.01959201126434,33.83773339866276,59.41744881184903,22.845892,22.704788,-0.6214713,No Alert,Low,Conditions are within expected range; continue routine monitoring.
COW01995,12,482.3,26.5,58.52776437154282,31.89015106945304,95.0,19.024317,18.95365,-0.37284252,No Alert,Low,Conditions are within expected range; continue routine monitoring.
COW01996,71,568.9,30.8,81.35958904415818,49.0,74.44967931837621,22.164375,21.6031,-2.5981247,Heat Stress Alert,High,"High heat stress detected. Consider active cooling, shading, and improved hydration measures."
COW01997,119,474.5,29.0,77.51619514886849,49.0,63.34160447649855,20.603386,19.957664,-3.235456,Heat Stress Alert,Medium,Moderate heat stress detected. Monitor cattle closely and provide ventilation and water access.
COW01998,42,531.8,20.7,35.96063982763623,19.560358089526545,75.81554008733423,20.896528,20.591908,-1.4793226,No Alert,Low,Conditions are within expected range; continue routine monitoring.
COW01999,42,611.8,18.3,75.91136670668601,42.035846096924814,93.65622365376493,22.138105,21.954138,-0.83796316,Heat Stress Alert,Medium,Moderate heat stress detected. Monitor cattle closely and provide ventilation and water access.
COW02000,106,558.1,16.2,56.60396398792707,30.79083656452975,95.0,21.453762,21.16209,-1.3782748,No Alert,Low,Conditions are within expected range; continue routine monitoring.
COW02001,18,437.0,29.7,56.11740666527455,33.612000482093656,66.76975826414144,17.946404,17.90011,-0.25861996,No Alert,Low,Conditions are within expected range; continue routine monitoring.
COW02002,54,444.8,15.5,59.160463786806055,33.050386885500245,87.50571437793587,20.18082,19.892168,-1.4510858,No Alert,Low,Conditions are within expected range; continue routine monitoring.
COW02003,61,439.5,25.3,55.572421458172514,30.201383690384294,95.0,20.17484,19.651297,-2.664172,No Alert,Low,Conditions are within expected range; continue routine monitoring.
COW02004,98,589.3,20.6,67.64226434092899,40.3746301888335,72.92716027967015,21.830362,21.587627,-1.1244168,No Alert,Low,Conditions are within expected range; continue routine monitoring.
COW02005,25,715.1,31.9,47.3970140895328,26.161586124489613,85.59853308371702,21.70483,22.04601,1.5475767,No Alert,Low,Conditions are within expected range; continue routine monitoring.
COW02006,58,659.0,23.2,64.45696956407508,36.06718234470955,88.62815378020878,22.820326,22.683325,-0.6039725,No Alert,Low,Conditions are within expected range; continue routine monitoring.
COW02007,28,398.3,23.9,77.16527349093127,47.70381771937249,67.86675181171738,18.917051,18.593557,-1.7398175,Heat Stress Alert,Medium,Moderate heat stress detected. Monitor cattle closely and provide ventilation and water access.
COW02008,97,663.7,30.5,74.74213427444725,45.47856844947,70.6573069817369,23.031542,22.810547,-0.9688279,Heat Stress Alert,Medium,Moderate heat stress detected. Monitor cattle closely and provide ventilation and water access.
COW02009,80,624.9,31.5,63.569775743579065,34.427963900887114,98.0,22.587185,22.390837,-0.87691313,No Alert,Low,Conditions are within expected range; continue routine monitoring.
COW02010,65,426.4,24.5,67.49669828911647,39.09663584294368,80.25137407702562,20.181522,19.567646,-3.1372008,No Alert,Low,Conditions are within expected range; continue routine monitoring.
COW02011,54,525.7,28.3,76.37534330943873,48.23209240531735,63.223016563477685,21.266815,20.65176,-2.9782212,Heat Stress Alert,Medium,Moderate heat stress detected. Monitor cattle closely and provide ventilation and water access.
COW02012,28,637.6,25.4,61.56320484057377,42.0,41.89566971222379,22.14911,22.31578,0.74686986,No Alert,Low,Conditions are within expected range; continue routine monitoring.
COW02013,111,594.0,21.7,63.507438583867135,39.26285504403778,63.134963868122455,21.823433,21.634064,-0.87532884,No Alert,Low,Conditions are within expected range; continue routine monitoring.
COW02014,81,445.3,15.0,74.87923140837304,44.79878399147029,74.47733508534263,20.242695,19.871414,-1.868416,Heat Stress Alert,Medium,Moderate heat stress detected. Monitor cattle closely and provide ventilation and water access.
COW02015,46,598.9,26.9,64.85280729644978,36.644287475636254,86.03277284966572,21.930605,21.769215,-0.7413694,No Alert,Low,Conditions are within expected range; continue routine monitoring.
COW02016,56,379.0,26.6,80.35523272278411,49.0,71.54691538376912,19.653263,19.215885,-2.2761269,Heat Stress Alert,High,"High heat stress detected. Consider active cooling, shading, and improved hydration measures."
COW02017,90,532.2,16.1,57.987797359715614,36.74967720961418,54.53347481359296,20.990204,20.749483,-1.160129,No Alert,Low,Conditions are within expected range; continue routine monitoring.
COW02018,89,641.0,18.1,52.76943607967301,28.59967775981315,95.0,22.919048,22.809116,-0.48196495,No Alert,Low,Conditions are within expected range; continue routine monitoring.
COW02019,61,551.5,27.2,59.87434133785532,38.665702462363576,51.68521038044096,21.573322,21.268301,-1.4341592,No Alert,Low,Conditions are within expected range; continue routine monitoring.
COW02020,44,510.1,16.7,33.94320765150307,18.0,87.31132365286304,21.221825,20.72377,-2.4033008,No Alert,Low,Conditions are within expected range; continue routine monitoring.
COW02021,83,621.1,26.4,63.33560123504363,41.383546273757695,51.24887616972113,22.63162,22.499891,-0.5854656,No Alert,Low,Conditions are within expected range; continue routine monitoring.
COW02022,83,628.0,26.9,75.42526638995476,45.32881487321794,73.59549528388426,22.765322,22.540606,-0.9969394,Heat Stress Alert,Medium,Moderate heat stress detected. Monitor cattle closely and provide ventilation and water access.
COW02023,76,654.8,20.4,62.32715473803929,42.0,44.66360412333075,22.888607,22.765646,-0.54011667,No Alert,Low,Conditions are within expected range; continue routine monitoring.
COW02024,19,619.9,18.6,47.06892515337822,27.73710301462201,63.57634587049719,20.904531,21.004343,0.47519484,No Alert,Low,Conditions are within expected range; continue routine monitoring.
COW02025,63,636.5,20.7,62.821070217707536,39.69571441530812,57.97226535964756,22.735617,22.590502,-0.6423713,No Alert,Low,Conditions are within expected range; continue routine monitoring.
COW02026,78,608.6,20.5,47.26401442479531,25.453722528454467,95.0,22.535746,22.366192,-0.7580806,No Alert,Low,Conditions are within expected range; continue routine monitoring.
COW02027,114,571.2,24.9,54.69120712527853,36.709339271065446,40.0,21.354092,21.094667,-1.2298094,No Alert,Low,Conditions are within expected range; continue routine monitoring.
COW02028,68,557.2,27.4,51.60166641904584,31.026611321855658,62.43230902929885,21.86862,21.55544,-1.4529,No Alert,Low,Conditions are within expected range; continue routine monitoring.
COW02029,49,531.0,29.5,47.83287854053223,25.97673615275416,92.00770819843608,21.042841,20.637697,-1.9631248,No Alert,Low,Conditions are within expected range; continue routine monitoring.
COW02030,72,453.0,14.5,51.11053771885474,31.212475622584467,57.93648383170009,20.414726,20.047802,-1.8302469,No Alert,Low,Conditions are within expected range; continue routine monitoring.
COW02031,31,473.6,27.1,49.78565053807953,28.225803104253647,78.15103378227877,19.59016,19.368004,-1.1470284,No Alert,Low,Conditions are within expected range; continue routine monitoring.
COW02032,21,527.4,19.7,60.22250062115573,40.516409463609534,43.686606561157866,19.438179,19.615868,0.9058411,No Alert,Low,Conditions are within expected range; continue routine monitoring.
COW02033,85,569.3,29.1,56.06177727267708,35.09825304533191,55.9620892209737,21.948084,21.655996,-1.3487606,No Alert,Low,Conditions are within expected range; continue routine monitoring.
COW02034,118,665.3,15.4,55.35096805197591,34.23613674035437,58.2878551959703,22.392023,22.258097,-0.6016974,No Alert,Low,Conditions are within expected range; continue routine monitoring.
COW02035,103,546.7,23.9,36.50496013001721,19.631136796643588,84.11270558868785,21.329487,21.035498,-1.3975861,No Alert,Low,Conditions are within expected range; continue routine monitoring.
COW02036,75,630.3,23.9,64.66155153588758,35.39517230622147,95.0,22.609919,22.477255,-0.5902132,No Alert,Low,Conditions are within expected range; continue routine monitoring.
COW02037,16,636.3,19.9,68.26998675074313,39.171890345593305,82.8861834434893,21.165625,21.191067,0.12006061,No Alert,Low,Conditions are within expected range; continue routine monitoring.
COW02038,118,531.5,31.5,37.94355750917039,20.536267793712057,83.34941443464567,20.728722,20.46572,-1.2850875,No Alert,Low,Conditions are within expected range; continue routine monitoring.
COW02039,60,597.6,15.9,43.03647554490585,23.40802646526732,87.81118043104308,22.231024,22.06209,-0.7657201,No Alert,Low,Conditions are within expected range; continue routine monitoring.
COW02040,43,530.5,16.5,66.58076022058688,40.52630725165316,67.97636668741463,20.875496,20.630474,-1.1876694,No Alert,Low,Conditions are within expected range; continue routine monitoring.
COW02041,108,655.8,25.6,36.60033349334962,19.36019056762836,95.0,22.651442,22.483566,-0.7466577,No Alert,Low,Conditions are within expected range; continue routine monitoring.
COW02042,92,600.9,23.3,39.25951908213679,21.3580118892388,82.97067700724108,22.173225,21.999252,-0.7908136,No Alert,Low,Conditions are within expected range; continue routine monitoring.
COW02043,92,454.8,18.8,48.9973501282799,26.994769690939385,87.3500242203146,20.069723,19.701893,-1.8669794,No Alert,Low,Conditions are within expected range; continue routine monitoring.
COW02044,41,562.9,19.5,67.7153309657067,38.59906026198256,84.44990233040717,21.525307,21.236603,-1.3594638,No Alert,Low,Conditions are within expected range; continue routine monitoring.
COW02045,119,681.8,16.8,61.59830727234695,37.42004968348547,66.29988959801284,22.371124,22.300856,-0.31509387,No Alert,Low,Conditions are within expected range; continue routine monitoring.
COW02046,60,535.5,29.6,82.21792677664726,46.72512838960635,87.97435766444143,21.447794,20.73065,-3.4593418,Heat Stress Alert,High,"High heat stress detected. Consider active cooling, shading, and improved hydration measures."
COW02047,69,585.8,24.3,65.01840138815658,36.817349261535824,85.4896881667041,22.169247,21.933548,-1.0746037,No Alert,Low,Conditions are within expected range; continue routine monitoring.
COW02048,93,593.7,18.4,62.036696760998666,40.393118588084654,51.25280310396418,22.199348,21.99363,-0.9353572,No Alert,Low,Conditions are within expected range; continue routine monitoring.
COW02049,83,467.1,21.1,54.83954656986781,35.31667676420722,48.69896529611596,20.333908,20.032812,-1.503014,No Alert,Low,Conditions are within expected range; continue routine monitoring.
COW02050,30,590.9,30.3,59.1352693439719,36.06423761985716,64.08662742583834,21.654745,21.533361,-0.5637005,No Alert,Low,Conditions are within expected range; continue routine monitoring.
COW02051,44,438.5,30.0,47.942683631566965,27.983139437882787,67.40836404671342,19.64864,19.227816,-2.1886213,No Alert,Low,Conditions are within expected range; continue routine monitoring.
COW02052,51,500.0,15.2,73.06834159751482,42.63361289803864,79.90989803735398,21.048542,20.741735,-1.479175,Heat Stress Alert,Medium,Moderate heat stress detected. Monitor cattle closely and provide ventilation and water access.
COW02053,114,636.1,25.8,55.83061900600336,30.348925146287637,95.0,22.20232,22.131687,-0.31914845,No Alert,Low,Conditions are within expected range; continue routine monitoring.
COW02054,89,578.5,16.8,77.77420319111256,48.68340010653274,65.41790789768484,21.977427,21.720736,-1.1817784,Heat Stress Alert,Medium,Moderate heat stress detected. Monitor cattle closely and provide ventilation and water access.
COW02055,51,525.6,17.8,66.32860125840415,38.0834326505664,82.17497617468729,21.099905,20.788061,-1.5001104,No Alert,Low,Conditions are within expected range; continue routine monitoring.
COW02056,91,585.7,29.6,54.31587049365188,32.196697501509874,68.31892541530499,22.149553,21.859127,-1.328627,No Alert,Low,Conditions are within expected range; continue routine monitoring.
COW02057,91,545.2,30.1,61.82628144871398,35.216644076849775,82.88063207278068,21.444479,20.964787,-2.2880867,No Alert,Low,Conditions are within expected range; continue routine monitoring.
COW02058,54,551.0,15.5,59.1835151047083,38.9180397046641,47.51229495219795,21.354137,21.171286,-0.8636783,No Alert,Low,Conditions are within expected range; continue routine monitoring.
COW02059,55,602.5,29.7,72.49505381469422,39.95666232403386,94.41656993204155,22.35049,22.08805,-1.1881526,Heat Stress Alert,Medium,Moderate heat stress detected. Monitor cattle closely and provide ventilation and water access.
COW02060,108,491.8,27.1,57.74377549166026,32.53634589708267,84.44203072051894,20.89042,20.36552,-2.5773976,No Alert,Low,Conditions are within expected range; continue routine monitoring.
COW02061,72,553.2,28.0,76.3946113649823,49.0,60.10003284676967,21.955322,21.440453,-2.4013937,Heat Stress Alert,Medium,Moderate heat stress detected. Monitor cattle closely and provide ventilation and water access.
COW02062,28,525.0,28.3,56.57259012996635,34.156695391606846,65.02724044699656,20.026596,19.864906,-0.8139467,No Alert,Low,Conditions are within expected range; continue routine monitoring.
COW02063,89,423.2,23.1,59.85659102373662,35.99731322278578,67.8729816727509,20.046625,19.425123,-3.1994748,No Alert,Low,Conditions are within expected range; continue routine monitoring.
COW02064,75,476.4,31.0,85.98422076805826,52.0,74.42611906398474,20.81523,20.052933,-3.8014224,Heat Stress Alert,High,"High heat stress detected. Consider active cooling, shading, and improved hydration measures."
COW02065,66,675.5,17.6,61.79524971589061,33.75728555193749,95.0,22.928905,22.825485,-0.45309117,No Alert,Low,Conditions are within expected range; continue routine monitoring.
COW02066,90,580.8,23.1,48.76273112355212,28.358067755106266,69.32389990675642,22.040133,21.738842,-1.3859547,No Alert,Low,Conditions are within expected range; continue routine monitoring.
COW02067,109,444.1,19.7,49.525690932104894,28.47814153578647,73.46976642608317,19.819103,19.54674,-1.3933969,No Alert,Low,Conditions are within expected range; continue routine monitoring.
COW02068,47,426.8,28.8,78.76801981853464,48.08490369222085,70.95195249222996,19.709951,19.230482,-2.4932775,Heat Stress Alert,Medium,Moderate heat stress detected. Monitor cattle closely and provide ventilation and water access.
COW02069,57,541.0,15.5,65.03538634013097,35.80162948676859,93.42317959049473,21.395699,21.084929,-1.4738965,No Alert,Low,Conditions are within expected range; continue routine monitoring.
COW02070,32,674.9,21.8,57.221381473870366,31.143646556497355,95.0,22.469719,22.353006,-0.52213365,No Alert,Low,Conditions are within expected range; continue routine monitoring.
COW02071,81,535.1,27.9,72.54460806160341,42.35390673062354,79.63639176314877,21.407528,20.806635,-2.8879876,Heat Stress Alert,Medium,Moderate heat stress detected. Monitor cattle closely and provide ventilation and water access.
COW02072,55,654.6,19.6,55.09185970498565,37.04321642082137,40.0,22.825325,22.670256,-0.6840212,No Alert,Low,Conditions are within expected range; continue routine monitoring.
COW02073,48,578.2,18.3,33.87575421256426,18.0,85.43761701567395,21.879519,21.550278,-1.5277798,No Alert,Low,Conditions are within expected range; continue routine monitoring.
COW02074,87,587.7,18.7,60.04892216252854,39.36400999634643,48.70096658041203,22.225628,22.01,-0.9796805,No Alert,Low,Conditions are within expected range; continue routine monitoring.
COW02075,56,443.1,26.8,74.07219290771215,40.68223157112443,95.60226110486866,20.177986,19.604637,-2.9245582,Heat Stress Alert,Medium,Moderate heat stress detected. Monitor cattle closely and provide ventilation and water access.
COW02076,62,625.0,19.2,50.58672673848279,30.519055938773796,60.620684142914456,22.476074,22.354696,-0.542964,No Alert,Low,Conditions are within expected range; continue routine monitoring.
COW02077,59,523.2,21.2,63.70563019064807,42.0,49.65808040089882,21.1964,20.912468,-1.3577151,No Alert,Low,Conditions are within expected range; continue routine monitoring.
COW02078,39,619.0,23.8,69.6357218983496,44.6287839843113,58.0,22.13948,21.97943,-0.728187,No Alert,Low,Conditions are within expected range; continue routine monitoring.
COW02079,25,484.9,30.9,49.04882469018791,29.06035593213542,64.12218085287847,19.620007,19.450094,-0.87358105,No Alert,Low,Conditions are within expected range; continue routine monitoring.
COW02080,101,564.2,28.3,77.85274784903604,49.0,64.31430014172267,21.695105,21.181393,-2.4252982,Heat Stress Alert,Medium,Moderate heat stress detected. Monitor cattle closely and provide ventilation and water access.
COW02081,21,578.2,17.3,76.17699679751456,49.0,59.471089010157705,20.35976,20.478476,0.5797076,Heat Stress Alert,Medium,Moderate heat stress detected. Monitor cattle closely and provide ventilation and water access.
COW02082,47,537.7,29.9,75.5690633623982,41.16913672044843,98.0,21.318031,20.661026,-3.179926,Heat Stress Alert,Medium,Moderate heat stress detected. Monitor cattle closely and provide ventilation and water access.
COW02083,84,582.4,29.2,59.119210822877896,38.20815404426777,51.04422444876465,22.12697,21.887665,-1.093335,No Alert,Low,Conditions are within expected range; continue routine monitoring.
COW02084,26,528.7,27.4,37.752939090119,20.051582200250323,93.98559804515403,20.07668,19.93577,-0.7068159,No Alert,Low,Conditions are within expected range; continue routine monitoring.
COW02085,82,498.1,23.3,60.29088075756019,38.38959473302294,54.93717221075004,21.095825,20.67003,-2.059961,No Alert,Low,Conditions are within expected range; continue routine monitoring.
COW02086,91,678.4,15.3,77.570318084192,49.0,63.49802914506358,22.937992,22.768616,-0.7439028,Heat Stress Alert,Medium,Moderate heat stress detected. Monitor cattle closely and provide ventilation and water access.
COW02087,83,633.9,26.8,60.148534091626736,37.65235003016805,58.6033413818939,22.779625,22.644932,-0.5948048,No Alert,Low,Conditions are within expected range; continue routine monitoring.
COW02088,44,489.1,23.3,56.82196886699882,30.91541078114219,95.0,21.013351,20.625563,-1.8801367,No Alert,Low,Conditions are within expected range; continue routine monitoring.
COW02089,14,595.5,19.6,54.23346003961015,32.25400614466968,67.3812646102737,20.44518,20.577887,0.64489466,No Alert,Low,Conditions are within expected range; continue routine monitoring.
COW02090,107,490.6,14.2,55.931846781339175,36.33503265076397,47.70369311651591,20.698496,20.473696,-1.0979948,No Alert,Low,Conditions are within expected range; continue routine monitoring.
COW02091,47,455.2,18.2,38.90883188474737,21.289503501348783,79.50107119614705,20.06627,19.871382,-0.98075247,No Alert,Low,Conditions are within expected range; continue routine monitoring.
COW02092,98,632.7,24.9,34.68902144161899,18.60966304065316,80.79722714739489,22.710524,22.416517,-1.3115612,No Alert,Low,Conditions are within expected range; continue routine monitoring.
COW02093,33,413.7,16.0,63.4358621449344,41.36000387771396,51.73537476488643,19.340841,19.048563,-1.534385,No Alert,Low,Conditions are within expected range; continue routine monitoring.
COW02094,29,624.1,25.8,44.4226267482899,24.346573787876327,85.9126760654469,21.85628,21.96259,0.4840499,No Alert,Low,Conditions are within expected range; continue routine monitoring.
COW02095,96,529.8,28.8,93.12321722431771,52.0,93.41281176680246,21.48156,20.60636,-4.247234,Health Risk Alert,Critical,"Critical heat stress or productivity decline detected. Consider emergency cooling, veterinary assessment, and hydration."
COW02096,113,533.1,19.7,74.54461665354813,42.1597992843608,87.95732626141613,21.031092,20.54894,-2.3463547,Heat Stress Alert,Medium,Moderate heat stress detected. Monitor cattle closely and provide ventilation and water access.
COW02097,104,582.8,15.5,94.848,52.0,98.0,21.4884,21.438135,-0.23446237,Health Risk Alert,Critical,"Critical heat stress or productivity decline detected. Consider emergency cooling, veterinary assessment, and hydration."
COW02098,93,596.5,16.5,63.86075096673096,41.24742602494754,53.87037898282531,22.196648,21.990921,-0.93550706,No Alert,Low,Conditions are within expected range; continue routine monitoring.
COW02099,38,483.9,20.4,63.47042195265185,42.0,48.80587664004292,20.264687,20.029219,-1.1756221,No Alert,Low,Conditions are within expected range; continue routine monitoring.
COW02100,110,607.4,28.6,37.89624174301137,20.24361527749468,90.72037205174244,22.077112,21.894466,-0.83420986,No Alert,Low,Conditions are within expected range; continue routine monitoring.
COW02101,84,559.1,25.4,65.57976723125003,42.0,56.44843199728273,21.854553,21.531832,-1.4988111,No Alert,Low,Conditions are within expected range; continue routine monitoring.
COW02102,30,449.5,29.6,46.47,25.0,95.0,19.356102,19.024734,-1.7417719,No Alert,Low,Conditions are within expected range; continue routine monitoring.
COW02103,25,536.4,31.9,50.84257515877494,29.16903149406432,75.2070301156006,19.423933,19.484295,0.30979753,No Alert,Low,Conditions are within expected range; continue routine monitoring.
COW02104,106,660.5,17.6,79.15778832918176,43.18527434223694,98.0,22.610376,22.520613,-0.39858437,Heat Stress Alert,High,"High heat stress detected. Consider active cooling, shading, and improved hydration measures."
COW02105,41,684.1,26.5,34.057328063915506,18.0,90.481335108764,22.92512,22.65352,-1.1989254,No Alert,Low,Conditions are within expected range; continue routine monitoring.
COW02106,94,607.4,22.4,34.22,18.0,95.0,22.500317,22.227701,-1.226467,No Alert,Low,Conditions are within expected range; continue routine monitoring.
COW02107,26,454.8,22.9,51.70266645790358,30.728718976809414,65.64930961014456,19.332788,19.219347,-0.5902462,No Alert,Low,Conditions are within expected range; continue routine monitoring.
COW02108,42,589.2,19.9,72.83660372479287,44.78948717592797,67.80309869911873,21.846127,21.636667,-0.96807563,Heat Stress Alert,Medium,Moderate heat stress detected. Monitor cattle closely and provide ventilation and water access.
COW02109,42,618.1,20.2,94.19192957475104,52.0,96.25513184774212,22.086327,21.985285,-0.4595883,Health Risk Alert,Critical,"Critical heat stress or productivity decline detected. Consider emergency cooling, veterinary assessment, and hydration."
COW02110,42,608.1,26.2,41.80079460075102,24.47777119448425,57.73675084376024,22.24269,22.035702,-0.93932736,No Alert,Low,Conditions are within expected range; continue routine monitoring.
COW02111,84,612.8,25.2,53.25799500080276,29.57880533416496,86.93010051173894,22.529278,22.416553,-0.5028619,No Alert,Low,Conditions are within expected range; continue routine monitoring.
COW02112,110,579.1,19.7,92.9324563786008,52.0,92.90546909202337,21.477467,21.403324,-0.34640628,Health Risk Alert,Critical,"Critical heat stress or productivity decline detected. Consider emergency cooling, veterinary assessment, and hydration."
COW02113,110,544.2,16.1,45.929562609407576,26.86596698338468,64.46984043365188,21.046415,20.732948,-1.5119269,No Alert,Low,Conditions are within expected range; continue routine monitoring.
COW02114,92,501.3,24.4,48.327668267764345,29.009333611125623,59.68924805867286,20.945995,20.595772,-1.7004633,No Alert,Low,Conditions are within expected range; continue routine monitoring.
COW02115,33,398.2,27.3,61.25736511395797,33.44992292226169,95.0,19.196346,18.73479,-2.4636276,No Alert,Low,Conditions are within expected range; continue routine monitoring.
COW02116,115,577.2,24.1,64.2444037445949,42.0,51.61015849490906,21.3926,21.170593,-1.0486519,No Alert,Low,Conditions are within expected range; continue routine monitoring.
COW02117,70,564.9,14.1,57.81804343097853,35.11453642337935,64.33363518207562,21.927294,21.661808,-1.2255937,No Alert,Low,Conditions are within expected range; continue routine monitoring.
COW02118,70,594.6,19.1,61.320997678797205,38.4369044566973,58.95715123787841,22.260374,22.128551,-0.59571266,No Alert,Low,Conditions are within expected range; continue routine monitoring.
COW02119,87,443.0,28.0,91.77679571083728,52.0,89.8319034862694,20.055162,19.48358,-2.933664,Health Risk Alert,Critical,"Critical heat stress or productivity decline detected. Consider emergency cooling, veterinary assessment, and hydration."
COW02120,95,601.6,27.4,75.4066533350667,46.68625608551287,67.08008636645354,22.243721,21.973093,-1.2316335,Heat Stress Alert,Medium,Moderate heat stress detected. Monitor cattle closely and provide ventilation and water access.
COW02121,114,714.4,14.2,69.45256682733861,40.50423296825309,79.1028048127246,22.927237,22.724497,-0.8921637,No Alert,Low,Conditions are within expected range; continue routine monitoring.
COW02122,74,556.3,22.5,62.553153610561,41.76327301993037,46.56802271181349,21.810217,21.505089,-1.4188646,No Alert,Low,Conditions are within expected range; continue routine monitoring.
COW02123,77,545.1,21.9,60.04420181764076,40.49506605966817,43.10450467604318,21.51773,21.289698,-1.0710958,No Alert,Low,Conditions are within expected range; continue routine monitoring.
COW02124,92,574.7,25.7,75.42941113407898,44.49163190829093,77.88246805248555,22.104914,21.703545,-1.8493251,Heat Stress Alert,Medium,Moderate heat stress detected. Monitor cattle closely and provide ventilation and water access.
COW02125,39,712.6,16.2,77.79406607677635,45.55223083810216,80.09789583279402,22.997501,22.808971,-0.8265606,Heat Stress Alert,Medium,Moderate heat stress detected. Monitor cattle closely and provide ventilation and water access.
COW02126,45,468.1,25.2,79.2030403046767,47.45786552792436,75.13112987091476,20.269108,19.794758,-2.3963413,Heat Stress Alert,High,"High heat stress detected. Consider active cooling, shading, and improved hydration measures."
COW02127,79,566.3,31.0,71.277805540201,44.58589248067378,63.63599011677525,21.9978,21.459332,-2.509255,Heat Stress Alert,Medium,Moderate heat stress detected. Monitor cattle closely and provide ventilation and water access.
COW02128,18,486.0,20.7,60.39511801908375,39.37691250128709,50.020546043912574,19.211906,19.446487,1.2062898,No Alert,Low,Conditions are within expected range; continue routine monitoring.
COW02129,46,506.2,20.1,66.22646213479561,36.97407135591753,89.69230552535666,21.091507,20.721367,-1.7862725,No Alert,Low,Conditions are within expected range; continue routine monitoring.
COW02130,89,546.0,14.5,77.35793460454767,47.86013801159704,67.75173547524773,21.48286,21.1987,-1.3404624,Heat Stress Alert,Medium,Moderate heat stress detected. Monitor cattle closely and provide ventilation and water access.
COW02131,117,657.8,15.0,36.70450146337125,19.52358309276297,91.45230797133549,22.25742,22.12039,-0.61947215,No Alert,Low,Conditions are within expected range; continue routine monitoring.
COW02132,68,694.1,30.8,67.44137482462838,38.6510227334992,82.96786844389634,22.995157,22.830513,-0.72115874,No Alert,Low,Conditions are within expected range; continue routine monitoring.
COW02133,55,585.9,31.6,50.23946021042446,27.15397726309969,95.0,21.779804,21.581797,-0.917475,No Alert,Low,Conditions are within expected range; continue routine monitoring.
COW02134,59,519.9,14.1,55.08253792811826,33.58644426125483,61.57150516404116,21.244867,21.024078,-1.0501719,No Alert,Low,Conditions are within expected range; continue routine monitoring.
COW02135,86,749.4,30.2,62.001594023664026,34.02387456164317,93.67413309031193,23.583366,23.460894,-0.5220294,No Alert,Low,Conditions are within expected range; continue routine monitoring.
COW02136,70,515.8,17.1,81.0516967878329,49.0,73.55981730587538,21.298162,20.968115,-1.5740452,Heat Stress Alert,High,"High heat stress detected. Consider active cooling, shading, and improved hydration measures."
COW02137,14,504.3,24.1,36.12303713188281,19.08744978964732,95.0,19.863693,19.490063,-1.9170309,No Alert,Low,Conditions are within expected range; continue routine monitoring.
COW02138,70,408.0,26.2,38.16549695792673,20.29985878977997,93.65664709932518,19.735975,19.382784,-1.8221911,No Alert,Low,Conditions are within expected range; continue routine monitoring.
COW02139,55,661.7,20.5,63.93714825559301,34.981227574624576,95.0,22.780357,22.65441,-0.5559534,No Alert,Low,Conditions are within expected range; continue routine monitoring.
COW02140,87,627.5,23.5,43.11916871931184,23.775677166140856,82.11275676387233,22.605719,22.446947,-0.70731896,No Alert,Low,Conditions are within expected range; continue routine monitoring.
COW02141,106,743.4,25.3,81.9052187795921,46.24623800974677,89.51835492490363,23.381474,23.255405,-0.5421024,Heat Stress Alert,High,"High heat stress detected. Consider active cooling, shading, and improved hydration measures."
COW02142,115,438.8,17.5,38.06175472632951,20.57778980460705,84.16477489678202,19.798985,19.535645,-1.3479974,No Alert,Low,Conditions are within expected range; continue routine monitoring.
COW02143,77,666.7,31.9,41.20346653044046,22.31728767242828,87.77799519271909,22.592434,22.554667,-0.16744833,No Alert,Low,Conditions are within expected range; continue routine monitoring.
COW02144,51,555.6,17.7,64.6123185728249,41.489470065729776,55.44863920849991,21.578445,21.29613,-1.3256692,No Alert,Low,Conditions are within expected range; continue routine monitoring.
COW02145,59,614.5,14.2,65.89266290631612,36.098664517894925,95.0,22.416668,22.213364,-0.91523415,No Alert,Low,Conditions are within expected range; continue routine monitoring.
COW02146,31,418.2,31.0,59.10414581603519,35.17689604202547,70.09049356053454,18.960058,18.708164,-1.3464389,No Alert,Low,Conditions are within expected range; continue routine monitoring.
COW02147,113,667.4,21.7,47.28687690023884,27.859054120742197,63.89478433251788,22.458456,22.31073,-0.6621301,No Alert,Low,Conditions are within expected range; continue routine monitoring.
COW02148,103,612.9,21.2,47.46786040425114,25.570205945286368,95.0,22.018848,21.912909,-0.4834587,No Alert,Low,Conditions are within expected range; continue routine monitoring.
COW02149,104,546.9,19.0,60.838842388248615,37.47223092610928,62.67732710232456,21.343637,21.069658,-1.3003495,No Alert,Low,Conditions are within expected range; continue routine monitoring.
COW02150,47,601.6,14.5,39.27439384209894,21.55843917253469,78.61549659684441,21.88376,21.706448,-0.8168672,No Alert,Low,Conditions are within expected range; continue routine monitoring.
COW02151,46,488.8,18.8,57.99165775994975,35.632397747917025,61.63100238125433,20.990139,20.698343,-1.409754,No Alert,Low,Conditions are within expected range; continue routine monitoring.
COW02152,104,503.6,21.1,44.81455011283658,24.40095370566432,88.92939023673192,20.804,20.468279,-1.6402061,No Alert,Low,Conditions are within expected range; continue routine monitoring.
COW02153,70,512.9,23.4,34.20819646103121,18.0,94.67212391753353,21.384598,20.869122,-2.4700427,No Alert,Low,Conditions are within expected range; continue routine monitoring.
COW02154,88,401.8,22.2,41.26556813193657,22.5184863672892,84.38493000010686,19.897203,19.459425,-2.2496989,No Alert,Low,Conditions are within expected range; continue routine monitoring.
COW02155,64,618.9,29.8,34.67823828923544,18.435564211747646,87.46699927514483,22.694857,22.418173,-1.2341943,No Alert,Low,Conditions are within expected range; continue routine monitoring.
COW02156,59,645.3,30.4,64.46018914106014,42.0,52.39198964152223,22.89191,22.682322,-0.9240192,No Alert,Low,Conditions are within expected range; continue routine monitoring.
COW02157,80,493.9,19.7,64.6504177394383,42.0,53.08122369361698,21.06012,20.738504,-1.550812,No Alert,Low,Conditions are within expected range; continue routine monitoring.
COW02158,99,577.9,31.3,66.0612601677106,38.185020420654574,80.3583242442343,21.535482,21.143435,-1.8542299,No Alert,Low,Conditions are within expected range; continue routine monitoring.
COW02159,48,528.8,29.6,50.710881426076746,30.02645155792854,65.84809188182668,21.000166,20.637697,-1.7563429,No Alert,Low,Conditions are within expected range; continue routine monitoring.
COW02160,99,576.3,30.7,56.48407128973125,34.64879018770063,61.06556996714514,21.514519,21.240377,-1.2906612,No Alert,Low,Conditions are within expected range; continue routine monitoring.
COW02161,38,499.8,26.7,61.04,42.0,40.0,20.536701,20.28079,-1.2618388,No Alert,Low,Conditions are within expected range; continue routine monitoring.
COW02162,55,479.3,17.6,71.98086544372396,44.181894310128925,67.94514071167964,20.693867,20.368042,-1.5996861,Heat Stress Alert,Medium,Moderate heat stress detected. Monitor cattle closely and provide ventilation and water access.
COW02163,110,634.2,17.5,61.87711393758042,39.32400788856595,56.24259023428757,22.085762,22.017149,-0.3116346,No Alert,Low,Conditions are within expected range; continue routine monitoring.
COW02164,115,544.9,30.4,68.71833735174994,37.71333562957139,95.0,21.510069,20.823963,-3.2947893,No Alert,Low,Conditions are within expected range; continue routine monitoring.
COW02165,111,711.8,23.1,73.39376771611609,46.07072578105214,63.582966902899294,23.053902,22.91345,-0.612965,Heat Stress Alert,Medium,Moderate heat stress detected. Monitor cattle closely and provide ventilation and water access.
COW02166,46,553.7,30.0,65.3839402478821,35.44715744263039,98.0,21.619267,21.110693,-2.4090803,No Alert,Low,Conditions are within expected range; continue routine monitoring.
COW02167,103,475.9,27.0,55.50785532467682,33.41103157570871,65.11498344954154,20.465927,19.931242,-2.6826484,No Alert,Low,Conditions are within expected range; continue routine monitoring.
COW02168,113,648.2,17.8,63.00625164148434,42.0,47.12410015030558,22.437098,22.270824,-0.74659616,No Alert,Low,Conditions are within expected range; continue routine monitoring.
COW02169,117,600.5,20.9,70.3553260483009,41.15660937685967,78.59754668691654,21.5576,21.369532,-0.88007724,Heat Stress Alert,Medium,Moderate heat stress detected. Monitor cattle closely and provide ventilation and water access.
COW02170,14,608.1,31.4,74.65034292798396,43.13002366138868,82.65333951251338,21.07647,20.877674,-0.95219094,Heat Stress Alert,Medium,Moderate heat stress detected. Monitor cattle closely and provide ventilation and water access.
COW02171,92,645.2,14.4,77.47732836988797,49.0,63.22927274534093,22.828125,22.624836,-0.8985216,Heat Stress Alert,Medium,Moderate heat stress detected. Monitor cattle closely and provide ventilation and water access.
COW02172,119,497.8,26.9,60.83951668128561,35.56856301194075,75.511343224934,20.937403,20.451672,-2.375019,No Alert,Low,Conditions are within expected range; continue routine monitoring.
COW02173,94,539.8,31.6,80.45351227938261,49.0,71.8309603450364,21.354294,20.62097,-3.5562055,Heat Stress Alert,High,"High heat stress detected. Consider active cooling, shading, and improved hydration measures."
COW02174,37,536.3,15.9,60.99865125753508,38.72005953857084,56.01385804616719,20.680367,20.499445,-0.88256806,No Alert,Low,Conditions are within expected range; continue routine monitoring.
COW02175,94,446.7,18.9,57.76952545746877,33.08141345608853,79.78194330761629,20.014675,19.630817,-1.9553833,No Alert,Low,Conditions are within expected range; continue routine monitoring.
COW02176,23,528.9,23.8,59.683835282965,38.616712285016085,51.16493646670047,19.790272,19.7802,-0.050923187,No Alert,Low,Conditions are within expected range; continue routine monitoring.
COW02177,63,656.9,29.2,51.68475975323988,27.97986271613708,95.0,22.866549,22.713427,-0.6741473,No Alert,Low,Conditions are within expected range; continue routine monitoring.
COW02178,79,569.0,23.1,62.85140129022417,41.2854713796382,49.92668343795371,21.921926,21.649078,-1.2603221,No Alert,Low,Conditions are within expected range; continue routine monitoring.
COW02179,61,442.3,15.1,49.89599988333708,29.19278376604144,68.55892055818158,20.320692,19.967464,-1.7690159,No Alert,Low,Conditions are within expected range; continue routine monitoring.
COW02180,87,425.5,16.3,55.293616212090456,30.042066406908837,95.0,19.999628,19.522394,-2.444546,No Alert,Low,Conditions are within expected range; continue routine monitoring.
COW02181,37,683.2,20.8,74.20945655605331,40.95555824784017,94.31174341747511,22.609598,22.406073,-0.90834993,Heat Stress Alert,Medium,Moderate heat stress detected. Monitor cattle closely and provide ventilation and water access.
COW02182,77,542.8,19.8,43.2317307240706,23.770588149938884,83.40202428137302,21.428226,21.145681,-1.3361834,No Alert,Low,Conditions are within expected range; continue routine monitoring.
COW02183,81,498.2,18.0,80.37953172310972,49.0,71.61714370840957,21.150158,20.771852,-1.8212407,Heat Stress Alert,High,"High heat stress detected. Consider active cooling, shading, and improved hydration measures."
COW02184,80,528.1,29.1,48.74292934772655,28.81315847526676,64.47166027806514,21.098223,20.723818,-1.8066406,No Alert,Low,Conditions are within expected range; continue routine monitoring.
COW02185,43,431.8,14.5,56.91425624682049,38.54001630446294,40.10868543390384,19.673603,19.449354,-1.1529889,No Alert,Low,Conditions are within expected range; continue routine monitoring.
COW02186,44,663.8,28.9,43.29910991200423,23.33921713756237,92.04090330663956,22.66891,22.508148,-0.7142342,No Alert,Low,Conditions are within expected range; continue routine monitoring.
COW02187,39,518.6,30.6,46.917690610650695,26.265088812009363,80.11418803222104,20.756931,20.358715,-1.9559989,No Alert,Low,Conditions are within expected range; continue routine monitoring.
COW02188,61,659.4,25.3,86.14020860602307,51.69357550747358,76.11323884553741,22.829458,22.736301,-0.40972722,Heat Stress Alert,High,"High heat stress detected. Consider active cooling, shading, and improved hydration measures."
COW02189,75,554.1,25.3,72.76312390522139,39.59276623888842,98.0,21.813362,21.450617,-1.6910716,Heat Stress Alert,Medium,Moderate heat stress detected. Monitor cattle closely and provide ventilation and water access.
COW02190,51,664.4,16.7,92.27662083087652,52.0,91.16122561403324,22.507072,22.524124,0.07570415,Health Risk Alert,Critical,"Critical heat stress or productivity decline detected. Consider emergency cooling, veterinary assessment, and hydration."
COW02191,56,570.5,24.2,59.50817314529318,32.450384654453245,95.0,21.872242,21.604717,-1.2382699,No Alert,Low,Conditions are within expected range; continue routine monitoring.
COW02192,42,618.3,20.8,58.7611254213867,32.0235002407924,95.0,22.135479,21.97019,-0.7523327,No Alert,Low,Conditions are within expected range; continue routine monitoring.
COW02193,35,607.5,18.1,60.48238122428442,36.5425094604169,67.05822428345176,22.037716,21.839396,-0.9080855,No Alert,Low,Conditions are within expected range; continue routine monitoring.
COW02194,83,599.9,24.5,52.6153796747681,29.089717216782653,88.11337693113805,22.26144,22.088966,-0.78081477,No Alert,Low,Conditions are within expected range; continue routine monitoring.
COW02195,100,577.8,14.0,53.65020134586523,29.102972197637275,95.0,21.671623,21.434546,-1.1060543,No Alert,Low,Conditions are within expected range; continue routine monitoring.
COW02196,43,531.4,19.0,56.78487305468058,35.89020781433656,54.3163979802198,20.866611,20.646585,-1.0656775,No Alert,Low,Conditions are within expected range; continue routine monitoring.
COW02197,104,703.2,25.8,60.63835848483236,34.56023721400392,82.29153525091057,23.313803,23.169586,-0.62243897,No Alert,Low,Conditions are within expected range; continue routine monitoring.
COW02198,73,477.4,22.2,77.14592402169157,49.0,62.27145671009126,20.740017,20.269466,-2.3214748,Heat Stress Alert,Medium,Moderate heat stress detected. Monitor cattle closely and provide ventilation and water access.
COW02199,30,550.3,16.6,53.49735503493612,29.01563144853493,95.0,20.822369,20.69896,-0.59621,No Alert,Low,Conditions are within expected range; continue routine monitoring.
COW02200,51,551.2,14.0,53.31379717809991,34.42608634141846,46.80359379845384,21.487963,21.214376,-1.2896267,No Alert,Low,Conditions are within expected range; continue routine monitoring.
COW02201,12,582.2,18.9,45.5354140375984,25.420330822168903,79.84469361085411,20.04492,20.197374,0.75482273,No Alert,Low,Conditions are within expected range; continue routine monitoring.
COW02202,16,515.6,23.9,69.2092583816592,37.59621257396584,98.0,19.449675,19.54449,0.4851301,No Alert,Low,Conditions are within expected range; continue routine monitoring.
COW02203,48,575.2,23.6,75.99975674911843,49.0,58.95883453502434,21.819998,21.541037,-1.2950221,Heat Stress Alert,Medium,Moderate heat stress detected. Monitor cattle closely and provide ventilation and water access.
COW02204,61,536.5,16.4,64.30975243457954,42.0,51.84692911079543,21.159847,20.933037,-1.0835048,No Alert,Low,Conditions are within expected range; continue routine monitoring.
COW02205,98,423.4,25.0,43.131744481024135,23.80525261414654,81.73669230472335,19.859928,19.382439,-2.463516,No Alert,Low,Conditions are within expected range; continue routine monitoring.
COW02206,26,550.8,32.0,78.86952787622448,43.02333026754184,98.0,20.729168,20.384508,-1.6907928,Heat Stress Alert,Medium,Moderate heat stress detected. Monitor cattle closely and provide ventilation and water access.
COW02207,102,462.0,24.5,56.63958951687483,34.461386202935515,63.15854959550298,20.164595,19.620253,-2.7743886,No Alert,Low,Conditions are within expected range; continue routine monitoring.
COW02208,37,411.2,23.5,65.03842615018438,38.57256927800505,73.55598208568975,19.534992,19.00057,-2.8126626,No Alert,Low,Conditions are within expected range; continue routine monitoring.
COW02209,26,560.9,25.2,72.73725835591345,43.31970046598202,74.97137810480291,20.847351,20.853027,0.027220363,Heat Stress Alert,Medium,Moderate heat stress detected. Monitor cattle closely and provide ventilation and water access.
COW02210,87,589.0,29.8,58.63468348287928,34.42104206435588,73.41201214277272,22.270584,22.038107,-1.0548873,No Alert,Low,Conditions are within expected range; continue routine monitoring.
COW02211,95,592.1,31.0,60.90377083700517,36.144733679889065,71.6862488295761,22.124971,21.831638,-1.3436145,No Alert,Low,Conditions are within expected range; continue routine monitoring.
COW02212,77,595.4,14.7,43.17481332581335,23.78380904657419,82.56525735018576,22.361523,22.190378,-0.7712554,No Alert,Low,Conditions are within expected range; continue routine monitoring.
COW02213,24,395.4,17.7,60.86889575450301,37.14927715616836,64.8349128999427,18.850788,18.670626,-0.9649512,No Alert,Low,Conditions are within expected range; continue routine monitoring.
COW02214,24,441.1,16.1,56.61089939709088,30.85598362203664,94.34934341250889,18.852104,18.716734,-0.7232579,No Alert,Low,Conditions are within expected range; continue routine monitoring.
COW02215,54,707.9,27.9,74.07243649584092,43.86443181495092,76.6377956503547,23.209806,22.98583,-0.9744096,Heat Stress Alert,Medium,Moderate heat stress detected. Monitor cattle closely and provide ventilation and water access.
COW02216,60,466.2,14.8,55.264587786306215,34.38005959539853,56.85939051254762,20.488853,20.211945,-1.3700259,No Alert,Low,Conditions are within expected range; continue routine monitoring.
COW02217,119,598.9,30.2,55.09201704630884,31.460705659103667,79.26666568923385,21.640488,21.482693,-0.73452127,No Alert,Low,Conditions are within expected range; continue routine monitoring.
COW02218,42,495.0,14.4,47.96220427109771,27.451247498798782,73.565429457547,21.062128,20.769617,-1.40836,No Alert,Low,Conditions are within expected range; continue routine monitoring.
COW02219,32,556.4,24.8,75.62072625899751,48.25922960208039,60.87953807450672,21.348955,21.051914,-1.4109925,Heat Stress Alert,Medium,Moderate heat stress detected. Monitor cattle closely and provide ventilation and water access.
COW02220,114,499.3,19.0,65.65297708381739,42.0,56.71368508629488,20.7155,20.35566,-1.7677659,No Alert,Low,Conditions are within expected range; continue routine monitoring.
COW02221,28,594.9,22.5,59.35451708939467,36.36329823939839,63.1229351200383,21.300867,21.298988,-0.008820787,No Alert,Low,Conditions are within expected range; continue routine monitoring.
COW02222,14,560.9,22.0,67.3793252683069,41.00276316830714,68.32791999334967,19.890257,20.010033,0.5985786,No Alert,Low,Conditions are within expected range; continue routine monitoring.
COW02223,57,514.1,27.5,59.26535200179245,39.30088138028127,45.880492031958674,20.994732,20.691042,-1.4677364,No Alert,Low,Conditions are within expected range; continue routine monitoring.
COW02224,55,466.0,22.9,45.70985035122828,26.247856317817806,70.15248222139897,20.372244,20.019043,-1.7643247,No Alert,Low,Conditions are within expected range; continue routine monitoring.
COW02225,78,571.4,21.6,60.2610746654798,40.12530464433657,45.71697444445885,21.937878,21.705412,-1.0710036,No Alert,Low,Conditions are within expected range; continue routine monitoring.
COW02226,106,453.0,27.1,46.47,25.0,95.0,20.079687,19.587051,-2.515109,No Alert,Low,Conditions are within expected range; continue routine monitoring.
COW02227,112,584.2,30.7,56.36460845494836,35.46332721082311,55.043282432285785,21.628302,21.39997,-1.066976,No Alert,Low,Conditions are within expected range; continue routine monitoring.
COW02228,43,760.1,28.3,65.19214170250758,36.36306036402269,89.70377117190111,23.545551,23.385616,-0.6839033,No Alert,Low,Conditions are within expected range; continue routine monitoring.
COW02229,117,658.0,27.3,48.17303073102273,27.165081134082083,78.65963183695104,22.49414,22.390053,-0.46488425,No Alert,Low,Conditions are within expected range; continue routine monitoring.
COW02230,80,607.5,22.8,78.51225689150922,47.88471371062517,71.09060608589164,22.539825,22.321629,-0.9775132,Heat Stress Alert,Medium,Moderate heat stress detected. Monitor cattle closely and provide ventilation and water access.
COW02231,19,543.2,30.2,49.15540942099431,26.534519669139605,95.0,20.025497,19.894627,-0.6578199,No Alert,Low,Conditions are within expected range; continue routine monitoring.
COW02232,113,394.9,22.8,57.28166179253116,35.11955437664523,61.70990967656708,20.004787,19.393326,-3.1529489,No Alert,Low,Conditions are within expected range; continue routine monitoring.
COW02233,26,444.2,30.7,53.36893845552133,29.18483363327351,92.12867649892304,18.971775,18.682644,-1.5475923,No Alert,Low,Conditions are within expected range; continue routine monitoring.
COW02234,75,652.6,28.5,33.7770066740955,18.0,82.69462983598622,23.061234,22.787058,-1.2032077,No Alert,Low,Conditions are within expected range; continue routine monitoring.
COW02235,97,486.8,16.7,61.21641710703119,33.6732636171706,92.75962062474632,20.863386,20.494282,-1.8010116,No Alert,Low,Conditions are within expected range; continue routine monitoring.
COW02236,38,494.1,14.8,63.3568887905517,42.0,48.394524603448176,20.637966,20.464851,-0.8459127,No Alert,Low,Conditions are within expected range; continue routine monitoring.
COW02237,41,536.7,27.3,76.87252444643201,49.0,61.48128452726017,21.126364,20.541079,-2.8493402,Heat Stress Alert,Medium,Moderate heat stress detected. Monitor cattle closely and provide ventilation and water access.
COW02238,63,465.0,26.3,58.998447569950976,38.87322342598264,46.9895960536025,20.352037,19.88924,-2.326872,No Alert,Low,Conditions are within expected range; continue routine monitoring.
COW02239,107,451.9,24.8,47.50921211419098,27.40451705986377,70.633906849565,19.955513,19.53628,-2.145922,No Alert,Low,Conditions are within expected range; continue routine monitoring.
COW02240,36,546.0,31.6,91.40142182112577,52.0,88.83356867320681,21.394821,20.746054,-3.1271849,Health Risk Alert,Critical,"Critical heat stress or productivity decline detected. Consider emergency cooling, veterinary assessment, and hydration."
COW02241,83,478.7,23.8,82.39039959772313,48.39480705049842,80.23153041230303,20.675201,20.13108,-2.7028892,Heat Stress Alert,High,"High heat stress detected. Consider active cooling, shading, and improved hydration measures."
COW02242,60,490.7,20.3,72.14334441988346,45.55852090050058,61.93017878192344,21.19766,20.840786,-1.7123848,Heat Stress Alert,Medium,Moderate heat stress detected. Monitor cattle closely and provide ventilation and water access.
COW02243,24,487.5,24.2,61.43068468592617,42.0,41.41552422437017,19.691576,19.630642,-0.3104028,No Alert,Low,Conditions are within expected range; continue routine monitoring.
COW02244,88,591.8,14.5,79.85075125978778,49.0,70.08887647337508,22.275915,22.129759,-0.6604514,Heat Stress Alert,High,"High heat stress detected. Consider active cooling, shading, and improved hydration measures."
COW02245,101,531.4,24.4,91.2901112629275,52.0,88.53752995459438,21.307718,20.652277,-3.1736999,Health Risk Alert,Critical,"Critical heat stress or productivity decline detected. Consider emergency cooling, veterinary assessment, and hydration."
COW02246,74,535.7,30.2,78.26976739564947,46.971986340067645,74.57997209618411,21.460833,20.764673,-3.3526142,Heat Stress Alert,Medium,Moderate heat stress detected. Monitor cattle closely and provide ventilation and water access.
COW02247,31,597.8,14.1,39.54850125760927,21.4630088957179,84.63948197289258,21.528536,21.494032,-0.16052799,No Alert,Low,Conditions are within expected range; continue routine monitoring.
COW02248,28,538.6,29.2,57.01617924323573,37.94070291609103,43.59944962963408,20.013794,19.920996,-0.4658313,No Alert,Low,Conditions are within expected range; continue routine monitoring.
COW02249,57,527.7,28.4,61.58862625399941,39.93687812693855,51.84315673450616,21.027998,20.682243,-1.6717463,No Alert,Low,Conditions are within expected range; continue routine monitoring.
COW02250,66,587.6,15.9,64.45320257485507,37.90529894761804,75.42539006319355,22.265598,22.038795,-1.0291072,No Alert,Low,Conditions are within expected range; continue routine monitoring.
COW02251,71,603.5,29.2,33.98751311872117,18.0,88.54203107558804,22.518911,22.205257,-1.4125211,No Alert,Low,Conditions are within expected range; continue routine monitoring.
COW02252,38,538.2,27.7,59.1012310606425,39.33582946394236,45.04589472642607,20.76146,20.49315,-1.3092601,No Alert,Low,Conditions are within expected range; continue routine monitoring.
COW02253,66,556.4,22.8,49.97010124425634,27.40541095493726,89.5455939120896,21.826845,21.511566,-1.4656255,No Alert,Low,Conditions are within expected range; continue routine monitoring.
COW02254,43,487.5,18.4,63.15043970546031,35.91904632546828,83.71747693932087,20.975876,20.643875,-1.6082287,No Alert,Low,Conditions are within expected range; continue routine monitoring.
COW02255,86,481.1,19.2,52.08853457965791,30.04374315813792,74.49329700280444,20.540363,20.280367,-1.2820104,No Alert,Low,Conditions are within expected range; continue routine monitoring.
COW02256,98,611.5,25.0,40.5475691198526,22.26705081356623,80.51210827413436,22.313951,22.15478,-0.7184547,No Alert,Low,Conditions are within expected range; continue routine monitoring.
COW02257,82,585.6,18.4,39.50339649719587,21.123518034907917,92.28177922712334,22.108099,21.908756,-0.90987694,No Alert,Low,Conditions are within expected range; continue routine monitoring.
COW02258,12,586.4,19.9,76.96836211485305,43.62897178243863,87.80734703887977,20.117565,20.162102,0.2208926,Heat Stress Alert,Medium,Moderate heat stress detected. Monitor cattle closely and provide ventilation and water access.
COW02259,119,572.5,30.8,74.8388338244377,43.83647349626372,79.39013153322516,21.525112,21.094036,-2.043592,Heat Stress Alert,Medium,Moderate heat stress detected. Monitor cattle closely and provide ventilation and water access.
COW02260,14,553.7,27.1,41.57365065025618,22.67502697642856,84.99826150595821,20.025618,20.140335,0.56959075,No Alert,Low,Conditions are within expected range; continue routine monitoring.
COW02261,119,605.7,27.2,59.32806007515532,34.53716256880209,75.97063373672566,21.843924,21.728878,-0.52945924,No Alert,Low,Conditions are within expected range; continue routine monitoring.
COW02262,15,624.8,31.2,58.84222246645725,36.80332948942438,58.02512024408809,21.101677,21.036406,-0.31027818,No Alert,Low,Conditions are within expected range; continue routine monitoring.
COW02263,67,622.9,14.1,59.22985855805836,37.35951070272783,56.36988594159555,22.435234,22.289276,-0.65483487,No Alert,Low,Conditions are within expected range; continue routine monitoring.
COW02264,23,541.9,18.4,41.5191330679566,23.58253478371588,68.09781164208623,20.135895,20.149431,0.06718032,No Alert,Low,Conditions are within expected range; continue routine monitoring.
COW02265,22,661.0,25.8,70.58315843016078,44.111403223062354,63.59186642872896,21.901709,21.893051,-0.039544307,Heat Stress Alert,Medium,Moderate heat stress detected. Monitor cattle closely and provide ventilation and water access.
COW02266,85,568.3,21.9,49.51779789060429,26.741598794631027,95.0,21.870945,21.551624,-1.4816548,No Alert,Low,Conditions are within expected range; continue routine monitoring.
COW02267,90,600.6,16.0,94.848,52.0,98.0,22.054668,22.087658,0.14935717,Health Risk Alert,Critical,"Critical heat stress or productivity decline detected. Consider emergency cooling, veterinary assessment, and hydration."
COW02268,24,572.6,28.1,35.41611671564286,19.115137106082848,78.97982491267024,21.1797,20.940289,-1.1433095,No Alert,Low,Conditions are within expected range; continue routine monitoring.
COW02269,117,569.8,14.8,38.06539705501719,20.490358004697796,86.58129205527078,21.333336,21.055738,-1.3183932,No Alert,Low,Conditions are within expected range; continue routine monitoring.
COW02270,46,491.1,23.8,36.49848438444069,19.81158137384718,78.52084246387501,20.954117,20.629461,-1.573747,No Alert,Low,Conditions are within expected range; continue routine monitoring.
COW02271,46,606.1,24.1,36.11431913480784,19.23555891690517,89.45960695795489,22.163277,21.916464,-1.1261525,No Alert,Low,Conditions are within expected range; continue routine monitoring.
COW02272,44,777.6,25.4,36.79042587337504,19.699600473515837,87.37914334682425,23.823524,23.65687,-0.7044659,No Alert,Low,Conditions are within expected range; continue routine monitoring.
COW02273,61,520.0,19.7,33.64937993372771,18.0,79.14944260354751,21.387272,20.908573,-2.2894855,No Alert,Low,Conditions are within expected range; continue routine monitoring.
COW02274,31,555.7,14.4,37.57085279376291,20.281747388862,84.08138867096368,21.2332,21.083735,-0.7089141,No Alert,Low,Conditions are within expected range; continue routine monitoring.
COW02275,57,514.3,30.0,52.6762695215693,32.468858486613186,57.01070014971154,21.036383,20.678545,-1.730478,No Alert,Low,Conditions are within expected range; continue routine monitoring.
COW02276,34,511.0,30.7,42.65919886155342,23.45798507277727,82.7205028836974,20.607656,20.247192,-1.7803165,No Alert,Low,Conditions are within expected range; continue routine monitoring.
COW02277,17,673.6,22.7,77.74241565996019,49.0,63.99542098254387,21.383347,21.3769,-0.030157967,Heat Stress Alert,Medium,Moderate heat stress detected. Monitor cattle closely and provide ventilation and water access.
COW02278,51,496.2,14.4,45.43871320875283,25.11410716730958,83.51071475377033,21.101772,20.777445,-1.5609593,No Alert,Low,Conditions are within expected range; continue routine monitoring.
COW02279,84,512.1,24.5,51.50770279895681,27.878687313689603,95.0,21.102701,20.680704,-2.0405352,No Alert,Low,Conditions are within expected range; continue routine monitoring.
COW02280,94,423.0,19.7,69.1331082393967,42.078623013773154,68.89869419764366,19.995773,19.442648,-2.8449078,No Alert,Low,Conditions are within expected range; continue routine monitoring.
COW02281,50,489.4,17.3,61.04,42.0,40.0,20.936905,20.731041,-0.99302274,No Alert,Low,Conditions are within expected range; continue routine monitoring.
COW02282,46,413.3,17.0,59.18596577734964,38.21208579251957,51.30292763841654,19.93175,19.571302,-1.8417115,No Alert,Low,Conditions are within expected range; continue routine monitoring.
COW02283,97,600.5,17.2,47.35212712001635,25.50407264000934,95.0,21.989548,21.829323,-0.7339894,No Alert,Low,Conditions are within expected range; continue routine monitoring.
COW02284,85,774.0,20.0,75.668,49.0,58.0,23.582855,23.459875,-0.52421474,Heat Stress Alert,Medium,Moderate heat stress detected. Monitor cattle closely and provide ventilation and water access.
COW02285,101,520.7,19.1,63.621315606602415,39.84329283788918,60.31719806894404,20.95508,20.649342,-1.4806209,No Alert,Low,Conditions are within expected range; continue routine monitoring.
COW02286,109,416.7,29.1,60.501383857870486,33.01793363306885,95.0,20.239807,19.569519,-3.4251637,No Alert,Low,Conditions are within expected range; continue routine monitoring.
COW02287,100,622.0,22.9,55.60491996914905,30.21995426808517,95.0,22.286716,22.168074,-0.5351967,No Alert,Low,Conditions are within expected range; continue routine monitoring.
COW02288,113,491.8,21.7,53.88905233197402,35.53526549386607,42.870717377602034,20.642937,20.336689,-1.5058877,No Alert,Low,Conditions are within expected range; continue routine monitoring.
COW02289,56,653.9,16.6,61.27473478373575,42.0,40.85048834686862,22.807074,22.725374,-0.35950726,No Alert,Low,Conditions are within expected range; continue routine monitoring.
COW02290,54,527.4,29.8,81.48131445448979,44.49062609802797,98.0,21.313522,20.64781,-3.2241306,Heat Stress Alert,High,"High heat stress detected. Consider active cooling, shading, and improved hydration measures."
COW02291,46,499.5,15.0,44.29818575460924,23.80296398924444,94.18109623033116,21.036528,20.748032,-1.3904742,No Alert,Low,Conditions are within expected range; continue routine monitoring.
COW02292,37,535.8,18.3,59.5075873576506,32.450049918657484,95.0,20.783014,20.490002,-1.4300274,No Alert,Low,Conditions are within expected range; continue routine monitoring.
COW02293,92,610.6,25.2,78.43942849225593,48.44648483325477,68.3836840709948,22.538542,22.343916,-0.8710463,Heat Stress Alert,Medium,Moderate heat stress detected. Monitor cattle closely and provide ventilation and water access.
COW02294,89,531.8,26.6,59.436407203026135,40.66367266918844,40.0,21.107151,20.714912,-1.8935084,No Alert,Low,Conditions are within expected range; continue routine monitoring.
COW02295,98,510.3,28.4,56.29889204461361,34.95596104879561,58.05675140776916,20.942627,20.506634,-2.1261082,No Alert,Low,Conditions are within expected range; continue routine monitoring.
COW02296,30,534.1,21.4,49.205803603619664,26.563316344925525,95.0,20.323347,20.2004,-0.6086399,No Alert,Low,Conditions are within expected range; continue routine monitoring.
COW02297,65,448.3,20.2,75.47538155212646,43.697627184430665,82.31820158254426,20.33672,19.989252,-1.7382712,Heat Stress Alert,Medium,Moderate heat stress detected. Monitor cattle closely and provide ventilation and water access.
COW02298,35,581.8,19.2,59.73435935686401,33.77019007594052,84.24391930144373,21.695267,21.42506,-1.26117,No Alert,Low,Conditions are within expected range; continue routine monitoring.
COW02299,108,407.1,24.2,47.98336812648044,25.86478178656025,95.0,19.953806,19.400818,-2.8503337,No Alert,Low,Conditions are within expected range; continue routine monitoring.
COW02300,40,514.5,20.3,73.78515480721944,40.92448584105316,92.91628226863445,20.920317,20.554438,-1.780049,Heat Stress Alert,Medium,Moderate heat stress detected. Monitor cattle closely and provide ventilation and water access.
COW02301,27,610.8,19.9,47.398852407769226,25.53077280443956,95.0,21.654854,21.728783,0.34023458,No Alert,Low,Conditions are within expected range; continue routine monitoring.
COW02302,73,574.2,14.3,53.445751728308366,32.398232227175804,61.82366026907157,22.102991,21.896265,-0.9441157,No Alert,Low,Conditions are within expected range; continue routine monitoring.
COW02303,106,597.2,31.1,63.50128307966295,36.49799139352714,81.01591518442383,21.836472,21.596449,-1.1113987,No Alert,Low,Conditions are within expected range; continue routine monitoring.
COW02304,110,544.8,15.1,58.82199758905712,36.425852093382346,60.2987610106653,21.165077,20.869474,-1.4164362,No Alert,Low,Conditions are within expected range; continue routine monitoring.
COW02305,22,643.6,18.9,59.495009073208855,38.62502923548026,50.34043743057168,21.672846,21.711527,0.17815895,No Alert,Low,Conditions are within expected range; continue routine monitoring.
COW02306,47,624.0,30.6,50.32992685503434,29.17424243218751,71.68240915156203,22.33034,22.126642,-0.920597,No Alert,Low,Conditions are within expected range; continue routine monitoring.
COW02307,28,585.7,27.2,59.24429281694514,38.274227428041016,51.20547214086516,21.19632,21.234612,0.1803279,No Alert,Low,Conditions are within expected range; continue routine monitoring.
COW02308,45,624.2,24.4,40.96282424769047,22.856628223698262,74.23196932247978,22.174347,22.013363,-0.7313014,No Alert,Low,Conditions are within expected range; continue routine monitoring.
COW02309,69,610.0,25.9,62.42123761575624,34.11499292328928,95.0,22.614607,22.463346,-0.6733653,No Alert,Low,Conditions are within expected range; continue routine monitoring.
COW02310,42,514.8,15.7,57.64084515438455,33.32809047843933,77.01977538748066,20.950583,20.692032,-1.2495179,No Alert,Low,Conditions are within expected range; continue routine monitoring.
COW02311,19,442.5,28.6,77.97483046053267,46.49291656410056,75.96846849539526,17.613665,17.859453,1.376238,Heat Stress Alert,Medium,Moderate heat stress detected. Monitor cattle closely and provide ventilation and water access.
COW02312,67,583.6,18.5,74.50292293832425,45.77988865988443,68.44833722394668,22.121393,21.884083,-1.0843973,Heat Stress Alert,Medium,Moderate heat stress detected. Monitor cattle closely and provide ventilation and water access.
COW02313,17,593.7,31.2,78.74687413776007,49.0,66.8984801669366,20.888374,20.684875,-0.983805,Heat Stress Alert,Medium,Moderate heat stress detected. Monitor cattle closely and provide ventilation and water access.
COW02314,36,637.2,18.2,61.8830585137423,42.0,43.054559832399626,22.347797,22.253838,-0.42221844,No Alert,Low,Conditions are within expected range; continue routine monitoring.
COW02315,12,475.1,25.3,80.49838501377124,49.0,71.96065032881862,18.711313,18.794254,0.4413107,Heat Stress Alert,High,"High heat stress detected. Consider active cooling, shading, and improved hydration measures."
COW02316,21,477.5,23.8,58.60829836615517,38.18079692518297,49.046551563027805,18.798525,18.91767,0.6298051,No Alert,Low,Conditions are within expected range; continue routine monitoring.
COW02317,59,586.8,16.6,37.43205366571583,20.15103425996682,85.39727005157344,22.035192,21.878914,-0.7142887,No Alert,Low,Conditions are within expected range; continue routine monitoring.
COW02318,103,544.3,20.5,59.06003570516114,35.73079808667401,65.98626633016258,21.32441,21.004011,-1.525415,No Alert,Low,Conditions are within expected range; continue routine monitoring.
COW02319,95,399.1,28.1,68.8944329822761,38.08086150665408,93.02762811548352,20.037645,19.428535,-3.1351302,No Alert,Low,Conditions are within expected range; continue routine monitoring.
COW02320,22,580.0,17.8,63.27683635497903,37.83123243597237,70.89618717920314,20.675528,20.751724,0.36718234,No Alert,Low,Conditions are within expected range; continue routine monitoring.
COW02321,15,401.8,31.3,60.27812634100978,37.967625155120906,57.29905379956718,17.671535,17.7329,0.3460524,No Alert,Low,Conditions are within expected range; continue routine monitoring.
COW02322,48,474.4,19.3,54.00705980053346,33.600054882005075,55.86971475265474,20.438793,20.137934,-1.4939936,No Alert,Low,Conditions are within expected range; continue routine monitoring.
COW02323,82,658.1,25.3,60.8661093954884,37.88090802112264,60.310201657666674,22.992544,22.849005,-0.6282087,No Alert,Low,Conditions are within expected range; continue routine monitoring.
COW02324,92,696.0,25.1,56.79790851263439,38.24126647107134,41.12573192231392,22.967487,22.93067,-0.1605603,No Alert,Low,Conditions are within expected range; continue routine monitoring.
COW02325,100,452.7,22.5,45.07351288958338,25.790804027691216,70.59088759566865,19.933167,19.534761,-2.0394673,No Alert,Low,Conditions are within expected range; continue routine monitoring.
COW02326,48,523.6,25.8,63.213225068949,42.0,47.874003873003616,21.149397,20.80773,-1.6420205,No Alert,Low,Conditions are within expected range; continue routine monitoring.
COW02327,30,553.4,27.4,89.208,52.0,83.0,21.361008,21.004486,-1.6973593,Heat Stress Alert,High,"High heat stress detected. Consider active cooling, shading, and improved hydration measures."
COW02328,14,692.5,25.1,65.876449989166,36.089399993809145,95.0,21.363369,21.477665,0.53216195,No Alert,Low,Conditions are within expected range; continue routine monitoring.
COW02329,27,510.6,24.1,94.848,52.0,98.0,20.1878,19.933365,-1.2764257,Health Risk Alert,Critical,"Critical heat stress or productivity decline detected. Consider emergency cooling, veterinary assessment, and hydration."
COW02330,19,511.8,24.9,63.21010589445707,34.56577479683261,95.0,19.575972,19.693226,0.595404,No Alert,Low,Conditions are within expected range; continue routine monitoring.
COW02331,104,673.9,21.2,70.61175699666887,42.799079128919765,70.32796240633861,22.908815,22.695482,-0.9399806,Heat Stress Alert,Medium,Moderate heat stress detected. Monitor cattle closely and provide ventilation and water access.
COW02332,40,520.0,15.3,52.2748925801024,28.317081474344224,95.0,20.844187,20.612837,-1.1223586,No Alert,Low,Conditions are within expected range; continue routine monitoring.
COW02333,100,607.8,16.9,56.40654472583103,34.9384648820734,58.69850979317816,22.1336,21.973042,-0.73070765,No Alert,Low,Conditions are within expected range; continue routine monitoring.
COW02334,71,431.8,24.9,73.87667157868358,43.88676450890282,75.8552535148713,20.163498,19.521208,-3.2902172,Heat Stress Alert,Medium,Moderate heat stress detected. Monitor cattle closely and provide ventilation and water access.
COW02335,70,536.3,30.7,42.82737954676836,23.386302429295757,85.89002722821381,21.155874,20.800446,-1.7087553,No Alert,Low,Conditions are within expected range; continue routine monitoring.
COW02336,61,417.2,14.5,38.96546590556848,20.986329286672003,87.7029104499819,20.095516,19.81849,-1.3978217,No Alert,Low,Conditions are within expected range; continue routine monitoring.
COW02337,100,465.6,23.8,64.59975733049275,41.7102279967833,54.307766800090505,20.228914,19.72177,-2.5714982,No Alert,Low,Conditions are within expected range; continue routine monitoring.
COW02338,16,617.1,18.5,67.58463120574376,37.0655035461393,95.0,20.793535,20.889874,0.4611721,No Alert,Low,Conditions are within expected range; continue routine monitoring.
COW02339,22,546.0,24.1,58.079389106275336,33.887590013402445,74.76202591255996,20.254282,20.345337,0.44754687,No Alert,Low,Conditions are within expected range; continue routine monitoring.
COW02340,57,524.5,27.5,79.7801601615704,49.0,69.8848559582959,21.345648,20.765146,-2.7955573,Heat Stress Alert,High,"High heat stress detected. Consider active cooling, shading, and improved hydration measures."
COW02341,54,490.1,27.2,55.99995906818336,33.76196207619678,65.02641291041631,20.959791,20.5743,-1.8736502,No Alert,Low,Conditions are within expected range; continue routine monitoring.
COW02342,70,532.3,27.0,33.94803599439021,18.0,87.44544428861713,21.369793,20.901314,-2.2413862,No Alert,Low,Conditions are within expected range; continue routine monitoring.
COW02343,91,574.1,28.0,61.08653073065359,42.0,40.16858960381735,21.973728,21.713041,-1.2006005,No Alert,Low,Conditions are within expected range; continue routine monitoring.
COW02344,75,628.6,15.3,48.45449100873809,26.13399486213605,95.0,22.613811,22.526203,-0.38891748,No Alert,Low,Conditions are within expected range; continue routine monitoring.
COW02345,39,340.0,23.2,56.28555523167056,34.25584466125601,62.85745943117311,19.124895,18.64279,-2.5860145,No Alert,Low,Conditions are within expected range; continue routine monitoring.
COW02346,47,483.5,18.7,65.57256579632325,35.91575188361328,95.0,20.632015,20.334196,-1.4646221,No Alert,Low,Conditions are within expected range; continue routine monitoring.
COW02347,93,562.7,30.6,46.47,25.0,95.0,21.553894,21.150444,-1.9075251,No Alert,Low,Conditions are within expected range; continue routine monitoring.
COW02348,33,542.1,28.1,74.71355853746303,45.07403477529278,72.5510382975576,21.046864,20.61948,-2.0727167,Heat Stress Alert,Medium,Moderate heat stress detected. Monitor cattle closely and provide ventilation and water access.
COW02349,66,582.3,15.9,63.79143265467046,36.82167718428512,79.98550135139749,22.147608,21.899021,-1.1351496,No Alert,Low,Conditions are within expected range; continue routine monitoring.
COW02350,70,571.4,18.4,60.212553578725775,37.66531932911704,58.80124799452447,22.023352,21.768208,-1.1720952,No Alert,Low,Conditions are within expected range; continue routine monitoring.
COW02351,93,525.6,22.2,43.33886256678941,23.50496403457892,89.34567240717814,21.008821,20.652588,-1.724886,No Alert,Low,Conditions are within expected range; continue routine monitoring.
COW02352,89,507.9,31.3,79.35148020561627,49.0,68.64589654802388,21.158031,20.42748,-3.5763135,Heat Stress Alert,High,"High heat stress detected. Consider active cooling, shading, and improved hydration measures."
COW02353,62,530.4,16.0,43.818175043043965,25.13957701581121,68.03353073997303,21.216106,20.952412,-1.2585413,No Alert,Low,Conditions are within expected range; continue routine monitoring.
COW02354,45,641.9,24.2,55.41631664074404,33.73095724088526,62.2398089143197,22.615528,22.439856,-0.78285944,No Alert,Low,Conditions are within expected range; continue routine monitoring.
COW02355,51,491.4,20.1,43.10646573747117,23.62058544234862,84.70175166668103,20.98506,20.707691,-1.339447,No Alert,Low,Conditions are within expected range; continue routine monitoring.
COW02356,56,545.0,25.6,61.93877673142086,37.265125913446646,68.78018542384197,21.58096,21.25442,-1.5363393,No Alert,Low,Conditions are within expected range; continue routine monitoring.
COW02357,35,564.7,25.7,54.56625826199698,32.596079989728395,66.4395533380743,21.602797,21.273256,-1.5490823,No Alert,Low,Conditions are within expected range; continue routine monitoring.
COW02358,79,674.8,18.3,49.09527559534582,27.768113656295853,78.40137314641322,22.957405,22.86281,-0.41375035,No Alert,Low,Conditions are within expected range; continue routine monitoring.
COW02359,34,526.0,28.1,61.69890469458004,40.95936373338732,47.182657813888646,20.604229,20.28834,-1.5569996,No Alert,Low,Conditions are within expected range; continue routine monitoring.
COW02360,82,626.7,15.6,52.48877507732002,29.04140897088093,87.80335230156331,22.631367,22.497416,-0.595407,No Alert,Low,Conditions are within expected range; continue routine monitoring.
COW02361,93,648.6,28.7,72.59368807866241,41.95737164586083,82.11157091744082,22.94044,22.750471,-0.83500737,Heat Stress Alert,Medium,Moderate heat stress detected. Monitor cattle closely and provide ventilation and water access.
COW02362,115,544.9,17.8,59.50931664143449,37.097260668190216,59.17678041961389,21.136492,20.84116,-1.4170611,No Alert,Low,Conditions are within expected range; continue routine monitoring.
COW02363,24,533.1,24.6,78.658968487811,42.90503847629831,98.0,19.954235,19.860144,-0.47377005,Heat Stress Alert,Medium,Moderate heat stress detected. Monitor cattle closely and provide ventilation and water access.
COW02364,94,523.7,20.3,40.07015102317181,21.77034539883205,84.85185382352908,20.960234,20.694225,-1.2854232,No Alert,Low,Conditions are within expected range; continue routine monitoring.
COW02365,21,529.5,25.0,55.46704876207261,30.14117072118435,95.0,19.653572,19.728842,0.38152114,No Alert,Low,Conditions are within expected range; continue routine monitoring.
COW02366,48,618.3,18.8,76.68476720469843,49.0,60.93863353959082,22.193796,22.009678,-0.83653325,Heat Stress Alert,Medium,Moderate heat stress detected. Monitor cattle closely and provide ventilation and water access.
COW02367,31,568.5,24.2,56.29669810835785,34.18831360297137,63.4012957228294,21.23359,21.102911,-0.6192424,No Alert,Low,Conditions are within expected range; continue routine monitoring.
COW02368,29,568.8,14.1,56.4932120313017,36.80129749147794,47.55159401892557,21.036814,21.048681,0.056381315,No Alert,Low,Conditions are within expected range; continue routine monitoring.
COW02369,30,460.0,20.7,71.42327338579233,39.71414957398667,91.8535843309434,19.477413,19.387465,-0.46395263,Heat Stress Alert,Medium,Moderate heat stress detected. Monitor cattle closely and provide ventilation and water access.
COW02370,16,472.6,28.9,76.44475111122907,44.31381078775866,82.21521041072566,18.62946,18.603039,-0.142023,Heat Stress Alert,Medium,Moderate heat stress detected. Monitor cattle closely and provide ventilation and water access.
COW02371,100,721.5,22.3,61.04,42.0,40.0,23.261076,23.110949,-0.6495943,No Alert,Low,Conditions are within expected range; continue routine monitoring.
COW02372,18,535.8,23.0,63.78295372695311,42.0,49.93823814113445,19.392887,19.554007,0.8239716,No Alert,Low,Conditions are within expected range; continue routine monitoring.
COW02373,55,488.0,25.2,82.44,52.0,65.0,21.244495,20.687454,-2.692652,Heat Stress Alert,High,"High heat stress detected. Consider active cooling, shading, and improved hydration measures."
COW02374,87,664.5,21.8,75.22609794752468,45.36548123168744,72.77042715265681,23.059961,22.86102,-0.8702245,Heat Stress Alert,Medium,Moderate heat stress detected. Monitor cattle closely and provide ventilation and water access.
COW02375,118,572.5,29.6,62.87905213206969,42.0,46.66323236257133,21.465143,21.162287,-1.431114,No Alert,Low,Conditions are within expected range; continue routine monitoring.
COW02376,104,596.3,21.3,46.16180140740363,25.56478156358453,83.38699779762622,21.767052,21.602736,-0.76062673,No Alert,Low,Conditions are within expected range; continue routine monitoring.
COW02377,26,539.0,31.0,52.51061409323468,28.78876813804153,90.90145492178137,20.138752,19.86297,-1.3884209,No Alert,Low,Conditions are within expected range; continue routine monitoring.
COW02378,118,524.5,29.8,56.59010621793449,36.14559773465159,51.84326578546381,20.97851,20.524279,-2.2131412,No Alert,Low,Conditions are within expected range; continue routine monitoring.
COW02379,82,536.4,21.6,54.41632762011576,29.540758640066148,95.0,21.21963,20.877924,-1.6366825,No Alert,Low,Conditions are within expected range; continue routine monitoring.
COW02380,31,439.4,20.6,39.86977919207762,21.838659303868823,80.64425999269223,19.124374,19.01849,-0.5567453,No Alert,Low,Conditions are within expected range; continue routine monitoring.
COW02381,60,543.0,26.2,61.434108093947785,41.88760699154293,41.92442981398497,21.414703,21.130457,-1.3451978,No Alert,Low,Conditions are within expected range; continue routine monitoring.
COW02382,111,573.7,27.6,79.95171564635123,49.0,70.3806810588186,21.715084,21.3045,-1.9272149,Heat Stress Alert,High,"High heat stress detected. Consider active cooling, shading, and improved hydration measures."
COW02383,54,698.0,17.3,57.252545072548926,34.06157906373077,69.1871277351164,22.840212,22.673437,-0.73555124,No Alert,Low,Conditions are within expected range; continue routine monitoring.
COW02384,31,556.9,18.3,58.205747327386746,38.349058688494765,46.45903006591301,21.106726,21.05539,-0.24381544,No Alert,Low,Conditions are within expected range; continue routine monitoring.
COW02385,106,363.3,16.6,34.22,18.0,95.0,19.601677,19.161684,-2.2962122,No Alert,Low,Conditions are within expected range; continue routine monitoring.
COW02386,114,542.5,27.7,53.364809364862914,31.091617785563027,72.44064231371709,21.143978,20.729202,-2.0009253,No Alert,Low,Conditions are within expected range; continue routine monitoring.
COW02387,117,769.2,26.9,75.17133672095346,43.28936999581429,83.55959554604198,23.583408,23.416374,-0.713322,Heat Stress Alert,Medium,Moderate heat stress detected. Monitor cattle closely and provide ventilation and water access.
COW02388,115,619.3,17.4,46.47,25.0,95.0,21.969322,21.917542,-0.23625232,No Alert,Low,Conditions are within expected range; continue routine monitoring.
COW02389,106,485.1,23.7,52.70038303290004,33.94774926427624,46.76847189863695,20.75036,20.349012,-1.9723223,No Alert,Low,Conditions are within expected range; continue routine monitoring.
COW02390,61,597.3,27.8,54.81739280331937,29.76993874475393,95.0,22.21837,22.040604,-0.80654234,No Alert,Low,Conditions are within expected range; continue routine monitoring.
COW02391,32,490.6,31.0,50.79768342650667,27.47296195800381,95.0,20.281773,19.930296,-1.7635297,No Alert,Low,Conditions are within expected range; continue routine monitoring.
COW02392,78,441.7,17.2,64.83290500264854,42.0,53.74240942988603,20.132372,19.771053,-1.8275131,No Alert,Low,Conditions are within expected range; continue routine monitoring.
COW02393,35,522.1,19.5,77.714085635524,45.00919728395764,82.6768751025732,20.827475,20.46396,-1.7763616,Heat Stress Alert,Medium,Moderate heat stress detected. Monitor cattle closely and provide ventilation and water access.
COW02394,63,557.3,20.3,41.27051056520446,22.676013890882324,81.31570996893458,21.724308,21.472332,-1.1734916,No Alert,Low,Conditions are within expected range; continue routine monitoring.
COW02395,82,400.2,25.2,53.54223029887663,32.185845833697606,64.05966709962125,19.979818,19.382236,-3.083142,No Alert,Low,Conditions are within expected range; continue routine monitoring.
COW02396,114,458.1,16.5,63.99638144923869,42.0,50.71152698999524,19.818058,19.609858,-1.0617132,No Alert,Low,Conditions are within expected range; continue routine monitoring.
COW02397,43,550.8,17.5,75.668,49.0,58.0,21.277607,21.039774,-1.1303972,Heat Stress Alert,Medium,Moderate heat stress detected. Monitor cattle closely and provide ventilation and water access.
COW02398,39,517.3,28.0,65.14751264461597,39.98197958543098,65.52240775697106,20.752617,20.37989,-1.8288933,No Alert,Low,Conditions are within expected range; continue routine monitoring.
COW02399,91,581.6,23.8,51.5593845603158,28.436542216171485,88.41316184751605,22.036037,21.753614,-1.2982808,No Alert,Low,Conditions are within expected range; continue routine monitoring.
COW02400,12,452.8,16.9,80.80621358302903,44.11135594552193,98.0,18.275139,18.60564,1.7763515,Heat Stress Alert,High,"High heat stress detected. Consider active cooling, shading, and improved hydration measures."
COW02401,73,607.1,21.0,44.87065195853698,24.086086833449706,95.0,22.494513,22.324959,-0.7594807,No Alert,Low,Conditions are within expected range; continue routine monitoring.
COW02402,92,455.3,16.4,34.003589901074534,18.0,88.98860836318158,20.183157,19.712248,-2.3889165,No Alert,Low,Conditions are within expected range; continue routine monitoring.
COW02403,71,681.4,20.5,87.43739772791216,47.83674029657986,98.0,22.68114,22.76153,0.35317934,Heat Stress Alert,High,"High heat stress detected. Consider active cooling, shading, and improved hydration measures."
COW02404,53,412.7,21.2,56.5036056048104,30.733488917034517,95.0,20.13661,19.72113,-2.106774,No Alert,Low,Conditions are within expected range; continue routine monitoring.
COW02405,101,462.6,16.0,82.44,52.0,65.0,20.039806,19.699015,-1.7299937,Heat Stress Alert,High,"High heat stress detected. Consider active cooling, shading, and improved hydration measures."
COW02406,52,583.4,15.1,69.00989512971208,37.87994007412118,95.0,21.948305,21.643082,-1.4102588,No Alert,Low,Conditions are within expected range; continue routine monitoring.
COW02407,88,683.1,29.9,87.41896388560974,52.0,78.24192522768544,23.123812,22.867876,-1.119193,Heat Stress Alert,High,"High heat stress detected. Consider active cooling, shading, and improved hydration measures."
COW02408,62,575.2,30.0,62.32191992786626,41.272522864970576,48.01894373940812,21.991005,21.683786,-1.4168123,No Alert,Low,Conditions are within expected range; continue routine monitoring.
COW02409,14,595.0,14.0,60.84757389172233,34.08502996896361,87.2721552552247,20.493647,20.579458,0.41697705,No Alert,Low,Conditions are within expected range; continue routine monitoring.
COW02410,69,551.4,25.5,33.823969779521754,18.0,83.99916054227097,21.795961,21.354832,-2.0657136,No Alert,Low,Conditions are within expected range; continue routine monitoring.
COW02411,17,467.9,15.7,48.70909049214149,29.241866507932563,60.070593419165306,18.815489,18.92127,0.5590616,No Alert,Low,Conditions are within expected range; continue routine monitoring.
COW02412,112,510.8,28.6,94.848,52.0,98.0,21.14576,20.427317,-3.5170696,Health Risk Alert,Critical,"Critical heat stress or productivity decline detected. Consider emergency cooling, veterinary assessment, and hydration."
COW02413,76,453.0,29.8,43.2555085528132,25.123565456236182,63.007552995305225,20.088415,19.665312,-2.1515212,No Alert,Low,Conditions are within expected range; continue routine monitoring.
COW02414,52,447.7,25.1,60.32098587600831,36.375427130269934,67.44189354744209,20.157423,19.664623,-2.506022,No Alert,Low,Conditions are within expected range; continue routine monitoring.
COW02415,64,582.1,25.0,60.16582097149206,39.45396003391507,48.70548579083509,22.043596,21.845888,-0.905013,No Alert,Low,Conditions are within expected range; continue routine monitoring.
COW02416,78,460.1,20.7,60.88739596659173,41.87282997215978,40.0,20.2239,19.863392,-1.8149366,No Alert,Low,Conditions are within expected range; continue routine monitoring.
COW02417,40,575.6,18.5,48.14105422288153,27.639640920261947,72.73113783573412,21.729393,21.454784,-1.2799411,No Alert,Low,Conditions are within expected range; continue routine monitoring.
COW02418,43,445.9,23.0,58.11183539470625,36.52508867043235,56.45972608034866,19.849983,19.413671,-2.2474456,No Alert,Low,Conditions are within expected range; continue routine monitoring.
COW02419,57,573.7,16.4,66.88523276360976,36.6658472934913,95.0,21.91313,21.64273,-1.249376,No Alert,Low,Conditions are within expected range; continue routine monitoring.
COW02420,39,510.9,26.1,69.08871282878766,43.30017087413588,62.451451266786336,20.80601,20.420654,-1.8870845,No Alert,Low,Conditions are within expected range; continue routine monitoring.
COW02421,93,662.5,22.5,60.909417392459375,41.41375718386743,42.12080373684782,22.840279,22.743082,-0.42736766,No Alert,Low,Conditions are within expected range; continue routine monitoring.
COW02422,23,575.9,17.2,41.34027130240343,23.0542035259338,75.07228668920592,20.754105,20.819626,0.314709,No Alert,Low,Conditions are within expected range; continue routine monitoring.
COW02423,101,648.9,24.6,48.8351613071732,31.57062090969765,41.807833375208304,22.475988,22.578066,0.45210907,No Alert,Low,Conditions are within expected range; continue routine monitoring.
COW02424,49,489.5,28.3,45.54306120714048,24.69448695086322,91.18931027119076,20.848372,20.522425,-1.5882471,No Alert,Low,Conditions are within expected range; continue routine monitoring.
COW02425,72,554.5,24.6,36.386069875360064,19.237754214491464,95.0,21.7639,21.445635,-1.4840592,No Alert,Low,Conditions are within expected range; continue routine monitoring.
COW02426,29,471.5,23.5,56.958938560924906,35.312075655233194,58.86205769181015,19.639242,19.489914,-0.7661821,No Alert,Low,Conditions are within expected range; continue routine monitoring.
COW02427,53,516.9,29.3,36.414600343130246,19.608065316173818,83.10471984193411,20.908976,20.646187,-1.2728199,No Alert,Low,Conditions are within expected range; continue routine monitoring.
COW02428,93,529.0,14.2,56.38335909635406,30.664776626488035,95.0,21.099602,20.788557,-1.4962304,No Alert,Low,Conditions are within expected range; continue routine monitoring.
COW02429,41,491.9,25.1,48.50596327527539,26.182394540809376,94.71799305288975,20.905966,20.567057,-1.6478252,No Alert,Low,Conditions are within expected range; continue routine monitoring.
COW02430,26,452.8,21.4,38.24962916838455,20.705814343144688,83.81118450806149,19.122686,19.165003,0.22080058,No Alert,Low,Conditions are within expected range; continue routine monitoring.
COW02431,68,436.9,17.5,52.57395328294941,28.48797330454252,95.0,20.19751,19.82886,-1.8591611,No Alert,Low,Conditions are within expected range; continue routine monitoring.
COW02432,29,362.8,31.6,70.30156476892506,38.61803701081432,95.0,18.52182,18.220772,-1.6522257,Heat Stress Alert,Medium,Moderate heat stress detected. Monitor cattle closely and provide ventilation and water access.
COW02433,45,465.5,21.3,90.83543596345262,52.0,87.32828713684206,20.125772,19.853777,-1.3699939,Health Risk Alert,Critical,"Critical heat stress or productivity decline detected. Consider emergency cooling, veterinary assessment, and hydration."
COW02434,60,600.2,20.0,47.78926151467452,26.43128953238515,85.14656605338568,22.157215,21.983847,-0.7886175,No Alert,Low,Conditions are within expected range; continue routine monitoring.
COW02435,72,422.1,17.0,49.5328172654145,28.331569308429675,75.135554271959,20.073765,19.708694,-1.8523314,No Alert,Low,Conditions are within expected range; continue routine monitoring.
COW02436,81,440.6,32.0,53.18968542512949,30.901444036277688,73.1362065621361,19.6688,19.370941,-1.5376599,No Alert,Low,Conditions are within expected range; continue routine monitoring.
COW02437,85,693.3,29.4,44.453454506928765,24.177298212325205,89.10044214552838,23.133852,23.007925,-0.54732,No Alert,Low,Conditions are within expected range; continue routine monitoring.
COW02438,103,499.1,15.3,72.45043929276872,43.27761399495259,74.20401180150145,20.767044,20.4755,-1.4238673,Heat Stress Alert,Medium,Moderate heat stress detected. Monitor cattle closely and provide ventilation and water access.
COW02439,19,575.7,24.2,37.813267181960974,20.211093741452807,90.2479364837712,20.545902,20.48195,-0.31223342,No Alert,Low,Conditions are within expected range; continue routine monitoring.
COW02440,51,601.4,16.7,50.97920642525106,29.16959432029139,76.12620038974853,21.866535,21.699913,-0.7678471,No Alert,Low,Conditions are within expected range; continue routine monitoring.
COW02441,12,603.0,26.9,61.37551388656338,40.56024490776841,47.88685275889221,20.693169,20.753616,0.29126343,No Alert,Low,Conditions are within expected range; continue routine monitoring.
COW02442,13,428.2,22.7,64.35068441133784,42.0,51.99523337441246,18.054016,18.06959,0.08618625,No Alert,Low,Conditions are within expected range; continue routine monitoring.
COW02443,34,531.5,16.0,61.7291884038742,35.51178576597491,80.14366941124996,20.729643,20.449226,-1.3712816,No Alert,Low,Conditions are within expected range; continue routine monitoring.
COW02444,76,420.5,24.0,66.52406825343456,38.51108480880515,80.10921349891606,20.11745,19.460894,-3.3737252,No Alert,Low,Conditions are within expected range; continue routine monitoring.
COW02445,108,745.7,30.4,60.03788358116703,32.753076332095446,95.0,23.389929,23.293549,-0.41376364,No Alert,Low,Conditions are within expected range; continue routine monitoring.
COW02446,95,422.4,20.1,63.04739275187219,37.4549988910503,72.36345452832903,19.981539,19.434616,-2.8141677,No Alert,Low,Conditions are within expected range; continue routine monitoring.
COW02447,81,466.2,14.9,75.37503364680398,47.98653040449861,61.291860383553725,20.310003,20.018469,-1.4563273,Heat Stress Alert,Medium,Moderate heat stress detected. Monitor cattle closely and provide ventilation and water access.
COW02448,96,466.8,31.0,42.79141309808238,23.81942838848388,77.88020763833244,20.311285,19.818539,-2.48629,No Alert,Low,Conditions are within expected range; continue routine monitoring.
COW02449,30,430.3,16.6,43.46952600081125,23.68541655610937,87.4618032142068,19.182327,19.007917,-0.91756433,No Alert,Low,Conditions are within expected range; continue routine monitoring.
COW02450,102,658.2,22.6,42.29196887787978,23.31754805622888,81.16502862960192,22.79811,22.617208,-0.799836,No Alert,Low,Conditions are within expected range; continue routine monitoring.
COW02451,108,743.8,23.8,59.0195243397415,32.17115676556657,95.0,23.272856,23.173584,-0.42838335,No Alert,Low,Conditions are within expected range; continue routine monitoring.
COW02452,22,511.9,18.3,47.65923489302602,26.24989854772804,86.57724801205659,19.437052,19.59806,0.82155496,No Alert,Low,Conditions are within expected range; continue routine monitoring.
COW02453,62,444.4,17.2,34.03666989880996,18.0,89.9074971891657,20.452665,19.946548,-2.5373657,No Alert,Low,Conditions are within expected range; continue routine monitoring.
COW02454,101,371.0,16.0,42.373762443503225,22.782512984257565,92.42755806817748,19.625626,19.147087,-2.4992757,No Alert,Low,Conditions are within expected range; continue routine monitoring.
COW02455,63,530.5,15.3,59.96217446276835,32.88647380842927,93.32767078683274,21.21266,20.960392,-1.2035455,No Alert,Low,Conditions are within expected range; continue routine monitoring.
COW02456,102,524.7,23.1,43.66836804409464,23.714102983816964,89.08088810545753,20.95288,20.567883,-1.8718423,No Alert,Low,Conditions are within expected range; continue routine monitoring.
COW02457,113,497.9,29.2,79.91535216378514,49.0,70.27558428839635,21.202616,20.46718,-3.593243,Heat Stress Alert,High,"High heat stress detected. Consider active cooling, shading, and improved hydration measures."
COW02458,63,567.7,16.3,70.01055923695552,44.61808519577658,59.28929965039045,21.774326,21.527021,-1.1488116,Heat Stress Alert,Medium,Moderate heat stress detected. Monitor cattle closely and provide ventilation and water access.
COW02459,18,581.6,26.6,43.05127002922949,24.493269661785646,69.91445325708806,20.362427,20.519545,0.7656985,No Alert,Low,Conditions are within expected range; continue routine monitoring.
COW02460,48,575.8,21.4,51.59238206537918,27.9816178599058,94.29721782455871,21.819605,21.522322,-1.3812784,No Alert,Low,Conditions are within expected range; continue routine monitoring.
COW02461,35,524.7,14.6,54.025408169798666,29.31737609702781,95.0,20.762022,20.499292,-1.2816522,No Alert,Low,Conditions are within expected range; continue routine monitoring.
COW02462,63,461.9,23.6,60.55389664337507,38.872555550945926,53.34895317916107,20.394608,19.937895,-2.2906768,No Alert,Low,Conditions are within expected range; continue routine monitoring.
COW02463,75,603.3,18.5,46.88691828366983,26.5956688285179,75.52175571804878,22.299091,22.169456,-0.5847453,No Alert,Low,Conditions are within expected range; continue routine monitoring.
COW02464,62,551.0,24.9,78.72591458698966,49.0,66.83790343060598,21.697454,21.248241,-2.1141186,Heat Stress Alert,Medium,Moderate heat stress detected. Monitor cattle closely and provide ventilation and water access.
COW02465,33,621.1,20.3,46.47,25.0,95.0,21.983355,21.851398,-0.60387945,No Alert,Low,Conditions are within expected range; continue routine monitoring.
COW02466,44,613.2,26.0,84.5568647822538,46.21846336081674,98.0,22.346298,22.164616,-0.81969655,Heat Stress Alert,High,"High heat stress detected. Consider active cooling, shading, and improved hydration measures."
COW02467,85,436.3,30.5,43.41390874151183,24.28013847847682,76.81874070150134,20.030607,19.53169,-2.5543954,No Alert,Low,Conditions are within expected range; continue routine monitoring.
COW02468,14,435.3,18.4,63.14696836859715,34.529696210626945,95.0,18.130674,18.30221,0.9372392,No Alert,Low,Conditions are within expected range; continue routine monitoring.
COW02469,35,489.6,30.9,55.74139141356629,36.399323146947886,46.464760882546216,20.452305,20.114576,-1.6790236,No Alert,Low,Conditions are within expected range; continue routine monitoring.
COW02470,108,465.5,17.7,57.2867912374598,34.79331793156531,64.00202721306623,20.006186,19.663204,-1.74428,No Alert,Low,Conditions are within expected range; continue routine monitoring.
COW02471,22,610.4,15.3,81.9745540178053,44.76772697629511,98.0,20.863771,21.128435,1.2526422,Heat Stress Alert,High,"High heat stress detected. Consider active cooling, shading, and improved hydration measures."
COW02472,56,578.1,17.5,57.00262540931003,31.018643091034303,95.0,21.953264,21.70866,-1.1267582,No Alert,Low,Conditions are within expected range; continue routine monitoring.
COW02473,34,637.9,28.7,57.8245299074803,32.10722327098527,88.88322607012756,22.493544,22.328047,-0.741206,No Alert,Low,Conditions are within expected range; continue routine monitoring.
COW02474,23,581.7,26.2,72.28761808992545,46.24674126044676,59.31603779200303,21.044825,21.018137,-0.12697425,Heat Stress Alert,Medium,Moderate heat stress detected. Monitor cattle closely and provide ventilation and water access.
COW02475,57,566.7,31.5,67.29454294830369,38.306175379280695,84.70448460956791,21.748243,21.261234,-2.2905962,No Alert,Low,Conditions are within expected range; continue routine monitoring.
COW02476,68,646.0,26.8,62.65254693979533,41.16662166800515,49.760667485774114,22.996775,22.86661,-0.5692366,No Alert,Low,Conditions are within expected range; continue routine monitoring.
COW02477,31,587.6,21.4,79.69259541984495,49.0,69.6317786700721,21.485283,21.391356,-0.43909037,Heat Stress Alert,High,"High heat stress detected. Consider active cooling, shading, and improved hydration measures."
COW02478,20,555.4,30.1,65.43611053474788,42.0,55.92793672010105,20.20385,20.135485,-0.33952546,No Alert,Low,Conditions are within expected range; continue routine monitoring.
COW02479,26,668.4,31.2,45.1915315416454,25.88192004097446,70.42372251339577,22.22449,22.259552,0.15751795,No Alert,Low,Conditions are within expected range; continue routine monitoring.
COW02480,82,559.2,28.2,55.36863156928964,33.63203942458831,62.72345726473687,21.844133,21.51407,-1.534172,No Alert,Low,Conditions are within expected range; continue routine monitoring.
COW02481,104,525.7,24.0,78.96602275880619,49.0,67.53185768441092,20.992281,20.476671,-2.518035,Heat Stress Alert,Medium,Moderate heat stress detected. Monitor cattle closely and provide ventilation and water access.
COW02482,31,483.0,28.9,66.24400456322329,39.929802959437104,70.11476831260386,19.75417,19.515911,-1.2208416,No Alert,Low,Conditions are within expected range; continue routine monitoring.
COW02483,46,606.2,17.2,65.0196194627419,42.0,54.41891109689092,22.074566,21.902018,-0.78781915,No Alert,Low,Conditions are within expected range; continue routine monitoring.
COW02484,49,649.0,30.2,57.29126268203437,31.18357867544821,95.0,22.639626,22.488317,-0.6728296,No Alert,Low,Conditions are within expected range; continue routine monitoring.
COW02485,50,546.0,32.0,60.21896607279844,37.64995431811252,58.92055713690768,21.268232,20.8893,-1.8140051,No Alert,Low,Conditions are within expected range; continue routine monitoring.
COW02486,38,654.6,26.0,34.10552843400288,18.0,91.82023427785772,22.84939,22.599836,-1.1042278,No Alert,Low,Conditions are within expected range; continue routine monitoring.
COW02487,17,392.4,17.5,69.59987363812478,37.81565934726111,98.0,17.816486,18.08178,1.4671848,No Alert,Low,Conditions are within expected range; continue routine monitoring.
COW02488,68,545.6,16.6,68.38086600472968,41.52847547145047,69.14537327138038,21.584888,21.304813,-1.3146094,No Alert,Low,Conditions are within expected range; continue routine monitoring.
COW02489,50,546.8,31.3,56.70940009826671,30.85108577043812,95.0,21.226728,20.92213,-1.4558644,No Alert,Low,Conditions are within expected range; continue routine monitoring.
COW02490,48,491.8,29.7,50.24978174736702,28.334408089198508,80.24923056958785,20.89876,20.514107,-1.8750663,No Alert,Low,Conditions are within expected range; continue routine monitoring.
COW02491,40,740.7,27.5,61.77862093770264,39.57674828054511,54.48369328880448,23.357475,23.266531,-0.39088032,No Alert,Low,Conditions are within expected range; continue routine monitoring.
COW02492,112,544.7,31.1,54.25532944136463,32.71835862382685,63.76467882395333,21.251633,20.816673,-2.089476,No Alert,Low,Conditions are within expected range; continue routine monitoring.
COW02493,77,517.4,23.1,43.30798731786974,24.14080908401568,77.97442681759237,21.16125,20.851383,-1.4860691,No Alert,Low,Conditions are within expected range; continue routine monitoring.
COW02494,57,552.1,30.0,44.02921580009762,24.2869418086577,82.93426331275919,21.41378,21.121504,-1.3837858,No Alert,Low,Conditions are within expected range; continue routine monitoring.
COW02495,34,389.8,16.9,57.39773240407049,32.72153005582484,80.89121549484804,19.53755,19.151001,-2.0184271,No Alert,Low,Conditions are within expected range; continue routine monitoring.
COW02496,98,489.2,17.3,60.57193266429,34.579895722267466,81.804268533758,20.872562,20.501236,-1.8112394,No Alert,Low,Conditions are within expected range; continue routine monitoring.
COW02497,107,628.7,23.2,70.96578095626961,44.167010336565085,64.60901672544922,22.140614,22.020864,-0.5437982,Heat Stress Alert,Medium,Moderate heat stress detected. Monitor cattle closely and provide ventilation and water access.
COW02498,15,499.7,20.0,41.34728557886483,22.3580829520505,88.72512714139428,19.287537,19.404963,0.6051335,No Alert,Low,Conditions are within expected range; continue routine monitoring.
COW02499,112,483.7,21.8,47.431601219372936,28.03539285284928,63.09526267368054,20.313707,20.037884,-1.3765106,No Alert,Low,Conditions are within expected range; continue routine monitoring.
COW02500,87,654.8,28.4,59.3149074547876,36.53800572330646,61.814524068605,22.944988,22.805355,-0.6122824,No Alert,Low,Conditions are within expected range; continue routine monitoring.
COW02501,22,657.2,15.0,47.39204439464753,25.52688251122716,95.0,21.304323,21.479727,0.8166007,No Alert,Low,Conditions are within expected range; continue routine monitoring.
COW02502,93,591.4,27.0,46.19706930930968,25.8707158297834,79.33678055081587,22.233908,22.020638,-0.96850145,No Alert,Low,Conditions are within expected range; continue routine monitoring.
COW02503,23,513.6,15.6,49.86576803695157,26.940438878258043,95.0,19.78129,19.802795,0.10859758,No Alert,Low,Conditions are within expected range; continue routine monitoring.
COW02504,17,530.8,29.3,75.13543939255726,48.61408651634584,58.0,19.545454,19.369688,-0.9074281,Heat Stress Alert,Medium,Moderate heat stress detected. Monitor cattle closely and provide ventilation and water access.
COW02505,24,485.7,17.6,59.07567382216912,35.72082398118429,66.12790692172182,19.65819,19.678719,0.104319766,No Alert,Low,Conditions are within expected range; continue routine monitoring.
COW02506,61,470.4,27.2,50.08417778488867,28.697540407676254,75.02091375792767,20.39374,19.963402,-2.1556342,No Alert,Low,Conditions are within expected range; continue routine monitoring.
COW02507,78,466.4,24.7,46.86015384697711,27.02231784169464,70.05289903581017,20.227316,19.837639,-1.9643317,No Alert,Low,Conditions are within expected range; continue routine monitoring.
COW02508,55,500.6,20.9,44.91797950890852,25.025851330150907,79.96816613344353,21.04676,20.80218,-1.1757481,No Alert,Low,Conditions are within expected range; continue routine monitoring.
COW02509,25,467.2,18.8,46.23883257454747,24.962462448256183,93.4333510229126,19.314484,19.168549,-0.76132554,No Alert,Low,Conditions are within expected range; continue routine monitoring.
COW02510,33,424.9,15.0,70.28185715565255,40.555731088079874,81.96013414038498,19.364578,19.079098,-1.4962997,Heat Stress Alert,Medium,Moderate heat stress detected. Monitor cattle closely and provide ventilation and water access.
COW02511,104,567.6,20.4,63.91002217992106,39.90209078287645,61.12577077047661,21.460337,21.189331,-1.2789721,No Alert,Low,Conditions are within expected range; continue routine monitoring.
COW02512,115,568.8,17.6,72.96511203119039,43.4425640392672,75.10032781639674,21.287352,21.00358,-1.3510627,Heat Stress Alert,Medium,Moderate heat stress detected. Monitor cattle closely and provide ventilation and water access.
COW02513,93,686.1,16.4,53.94735815226433,32.56168643549076,63.30914832558069,23.002054,22.868393,-0.5844804,No Alert,Low,Conditions are within expected range; continue routine monitoring.
COW02514,23,496.5,27.3,78.88217079070756,48.83441754656842,67.9977720598507,19.768078,19.51603,-1.2914947,Heat Stress Alert,Medium,Moderate heat stress detected. Monitor cattle closely and provide ventilation and water access.
COW02515,100,573.7,17.8,46.04994029022778,25.849013016089412,78.35373987914583,21.631956,21.341734,-1.3598809,No Alert,Low,Conditions are within expected range; continue routine monitoring.
COW02516,86,575.0,18.0,64.65560464223586,40.25099982864052,62.10515989999047,22.012825,21.775688,-1.0889982,No Alert,Low,Conditions are within expected range; continue routine monitoring.
COW02517,68,529.7,20.1,63.44355633363952,41.28544865122996,52.12930457091103,21.252384,20.963562,-1.3777343,No Alert,Low,Conditions are within expected range; continue routine monitoring.
COW02518,27,609.5,22.3,58.251080109680906,32.34114551147512,89.05877102597051,21.644712,21.67523,0.14079471,No Alert,Low,Conditions are within expected range; continue routine monitoring.
COW02519,119,612.0,23.2,61.04,42.0,40.0,21.771156,21.683,-0.40656617,No Alert,Low,Conditions are within expected range; continue routine monitoring.
COW02520,59,576.2,26.0,85.81966731448131,51.34467128716673,76.71994173241862,22.101662,21.786448,-1.446836,Heat Stress Alert,High,"High heat stress detected. Consider active cooling, shading, and improved hydration measures."
COW02521,16,529.5,24.6,44.03408120969047,24.83971810463525,74.35360464892051,19.434387,19.546782,0.5750017,No Alert,Low,Conditions are within expected range; continue routine monitoring.
COW02522,34,521.4,22.7,87.42703587973685,52.0,78.26339329717246,21.04521,20.407621,-3.1242666,Heat Stress Alert,High,"High heat stress detected. Consider active cooling, shading, and improved hydration measures."
COW02523,55,440.6,21.1,33.95466880821098,18.0,87.62968911697169,20.295004,19.834282,-2.322857,No Alert,Low,Conditions are within expected range; continue routine monitoring.
COW02524,18,485.5,18.8,51.20823537850287,29.36374852822876,75.63102610666142,19.345797,19.48255,0.701926,No Alert,Low,Conditions are within expected range; continue routine monitoring.
COW02525,46,500.2,26.8,61.66208020296772,41.84940472424608,42.92463367398026,20.881386,20.56696,-1.5287939,No Alert,Low,Conditions are within expected range; continue routine monitoring.
COW02526,62,460.1,19.7,50.34097740581674,28.30882594058789,81.19964044117627,20.329987,20.044765,-1.4229206,No Alert,Low,Conditions are within expected range; continue routine monitoring.
COW02527,114,585.2,29.3,47.16804894045384,26.66373733417624,76.9509230013752,21.55739,21.274794,-1.3283165,No Alert,Low,Conditions are within expected range; continue routine monitoring.
COW02528,21,645.7,24.6,39.362986927460064,21.22284514529474,87.71576495989396,21.229462,21.40187,0.80557936,No Alert,Low,Conditions are within expected range; continue routine monitoring.
COW02529,74,477.4,25.4,36.75522011353465,20.07821653466632,75.59850631962298,20.36938,20.156464,-1.0563228,No Alert,Low,Conditions are within expected range; continue routine monitoring.
COW02530,110,572.7,23.2,55.88397348368778,30.379413419250163,95.0,21.601515,21.308844,-1.3734729,No Alert,Low,Conditions are within expected range; continue routine monitoring.
COW02531,99,467.3,30.7,49.94708512854074,26.98690578773757,95.0,20.433039,19.838375,-2.997542,No Alert,Low,Conditions are within expected range; continue routine monitoring.
COW02532,111,525.6,21.6,54.52796169193497,29.60454953824856,95.0,20.8992,20.500795,-1.943364,No Alert,Low,Conditions are within expected range; continue routine monitoring.
COW02533,30,494.8,21.7,56.49230243582622,34.736797139387775,60.495586596023685,20.210985,20.11356,-0.48437703,No Alert,Low,Conditions are within expected range; continue routine monitoring.
COW02534,98,598.2,30.1,54.85221944744656,32.819402893736964,66.21657174676469,21.924173,21.72969,-0.8950095,No Alert,Low,Conditions are within expected range; continue routine monitoring.
COW02535,117,495.7,24.9,47.59137884567045,26.78243042577453,78.86524833383014,20.866602,20.446539,-2.0544455,No Alert,Low,Conditions are within expected range; continue routine monitoring.
COW02536,47,630.9,22.1,43.41199033499821,23.38411217490168,92.43763249391694,22.273268,22.098988,-0.7886342,No Alert,Low,Conditions are within expected range; continue routine monitoring.
COW02537,65,530.3,18.7,59.4634171743299,37.83504810667421,54.59932760004216,21.21081,20.98314,-1.085008,No Alert,Low,Conditions are within expected range; continue routine monitoring.
COW02538,69,498.0,18.4,51.04780095688079,30.605573245542928,62.715105516194605,21.120491,20.90745,-1.0189732,No Alert,Low,Conditions are within expected range; continue routine monitoring.
COW02539,65,449.7,28.4,54.37221078550582,31.96084902238536,70.63173057171879,20.101858,19.646439,-2.3180768,No Alert,Low,Conditions are within expected range; continue routine monitoring.
COW02540,43,570.3,19.0,51.78688336914634,29.552837329339617,77.50768552721267,21.669086,21.401188,-1.2517929,No Alert,Low,Conditions are within expected range; continue routine monitoring.
COW02541,116,621.6,14.1,58.45525205951708,36.17253514421813,60.24665413217144,21.9705,21.812437,-0.72465026,No Alert,Low,Conditions are within expected range; continue routine monitoring.
COW02542,115,571.9,14.4,68.96870529748844,44.14543862136843,58.0,21.35277,21.140404,-1.0045508,No Alert,Low,Conditions are within expected range; continue routine monitoring.
COW02543,53,729.1,31.6,74.1651851269547,46.35511050474222,64.71921516307009,22.983728,22.809868,-0.7622164,Heat Stress Alert,Medium,Moderate heat stress detected. Monitor cattle closely and provide ventilation and water access.
COW02544,98,664.4,24.1,55.47266347315128,31.24639392601024,83.55229252125545,22.911001,22.80123,-0.48142898,No Alert,Low,Conditions are within expected range; continue routine monitoring.
COW02545,54,525.4,22.8,61.570262661152896,41.483465793394735,44.24651600298404,21.094177,20.766726,-1.5768095,No Alert,Low,Conditions are within expected range; continue routine monitoring.
COW02546,97,524.6,30.5,59.86936339233613,33.21477304749013,89.80998554536454,21.151613,20.603985,-2.6578763,No Alert,Low,Conditions are within expected range; continue routine monitoring.
COW02547,75,587.6,20.3,62.88135457286844,42.0,46.67157453937838,22.255436,22.036388,-0.99402654,No Alert,Low,Conditions are within expected range; continue routine monitoring.
COW02548,62,483.0,28.3,74.66381040109223,46.38356622107795,66.14946337749825,20.828224,20.236105,-2.9260533,Heat Stress Alert,Medium,Moderate heat stress detected. Monitor cattle closely and provide ventilation and water access.
COW02549,25,643.3,27.0,77.7392118860615,48.640146222038446,65.49941335821657,22.25071,22.168455,-0.37104258,Heat Stress Alert,Medium,Moderate heat stress detected. Monitor cattle closely and provide ventilation and water access.
COW02550,82,578.9,22.6,71.92913666446512,39.54807809398008,95.0,22.115704,21.794563,-1.4734881,Heat Stress Alert,Medium,Moderate heat stress detected. Monitor cattle closely and provide ventilation and water access.
COW02551,46,570.5,27.9,56.42403074719817,33.67130214668952,67.9092099238072,21.784424,21.496237,-1.3406395,No Alert,Low,Conditions are within expected range; continue routine monitoring.
COW02552,35,605.0,31.4,46.382419504974166,25.106593680219028,92.4397138474062,21.889109,21.757177,-0.6063806,No Alert,Low,Conditions are within expected range; continue routine monitoring.
COW02553,32,687.8,17.6,57.39296499431617,33.58910180418506,73.59220715525227,22.572746,22.426361,-0.65273714,No Alert,Low,Conditions are within expected range; continue routine monitoring.
COW02554,118,563.7,14.3,59.18275518621487,39.62498014188276,43.93569790886447,21.247765,21.008812,-1.1373924,No Alert,Low,Conditions are within expected range; continue routine monitoring.
COW02555,23,541.0,28.8,34.04516017745082,18.13308032777125,84.07790992024287,20.590046,20.169506,-2.085028,No Alert,Low,Conditions are within expected range; continue routine monitoring.
COW02556,98,670.7,21.3,49.657899513994565,30.725819881896648,53.15043085890749,22.92075,22.808794,-0.4908442,No Alert,Low,Conditions are within expected range; continue routine monitoring.
COW02557,105,627.4,23.8,62.02013747453366,41.20379518387808,47.221302955800006,22.124535,21.967043,-0.7169453,No Alert,Low,Conditions are within expected range; continue routine monitoring.
COW02558,15,524.3,18.0,61.0678901973746,33.57700295166147,92.85229751973688,19.377714,19.53679,0.81424165,No Alert,Low,Conditions are within expected range; continue routine monitoring.
COW02559,75,550.4,29.2,83.09520011645378,46.66770258564997,90.99203133535508,21.851889,21.220654,-2.9746263,Heat Stress Alert,High,"High heat stress detected. Consider active cooling, shading, and improved hydration measures."
COW02560,74,565.6,27.0,53.976190166759366,29.289251523862497,95.0,21.951456,21.603945,-1.6085548,No Alert,Low,Conditions are within expected range; continue routine monitoring.
COW02561,50,578.9,31.2,69.62274393787123,37.82850783026474,98.0,21.958786,21.46876,-2.2825096,No Alert,Low,Conditions are within expected range; continue routine monitoring.
COW02562,84,441.5,22.6,39.78209192439711,21.45953521614121,88.02936115787243,20.000423,19.670887,-1.6752495,No Alert,Low,Conditions are within expected range; continue routine monitoring.
COW02563,56,426.6,31.6,64.17917718018356,35.27522259652863,93.6948049895916,19.867744,19.362114,-2.6114426,No Alert,Low,Conditions are within expected range; continue routine monitoring.
COW02564,59,479.0,23.2,48.68294639015307,26.407217108900337,92.92055437860414,20.680685,20.300333,-1.8736246,No Alert,Low,Conditions are within expected range; continue routine monitoring.
COW02565,58,472.8,25.2,64.44606297682392,39.93192017451124,63.06038373599587,20.546638,20.048702,-2.4836333,No Alert,Low,Conditions are within expected range; continue routine monitoring.
COW02566,98,498.5,26.1,53.24280730343511,31.66248676794101,66.69269638754079,20.925758,20.455835,-2.2972565,No Alert,Low,Conditions are within expected range; continue routine monitoring.
COW02567,80,600.8,22.8,71.71790876704034,43.06636461763759,72.78501250937393,22.289976,22.067945,-1.0061228,Heat Stress Alert,Medium,Moderate heat stress detected. Monitor cattle closely and provide ventilation and water access.
COW02568,52,536.5,24.1,46.47,25.0,95.0,21.122423,20.782494,-1.6356535,No Alert,Low,Conditions are within expected range; continue routine monitoring.
COW02569,112,565.7,18.0,46.91229031650272,27.62644901575017,63.593267504275246,21.2831,21.003347,-1.3319435,No Alert,Low,Conditions are within expected range; continue routine monitoring.
COW02570,98,452.1,20.5,49.293336916367096,30.04321255175873,56.63009976786476,19.948303,19.647503,-1.530985,No Alert,Low,Conditions are within expected range; continue routine monitoring.
COW02571,112,513.1,26.6,75.11862327411524,41.59967055305921,93.52645202831953,21.214151,20.507088,-3.447899,Heat Stress Alert,Medium,Moderate heat stress detected. Monitor cattle closely and provide ventilation and water access.
COW02572,90,597.0,14.7,46.47,25.0,95.0,22.334806,22.126728,-0.9403938,No Alert,Low,Conditions are within expected range; continue routine monitoring.
COW02573,54,597.6,26.6,37.32540320082568,20.0920480266648,85.23759386367449,22.106228,21.92953,-0.80575687,No Alert,Low,Conditions are within expected range; continue routine monitoring.
COW02574,95,492.0,19.5,68.84929791155733,38.49755432869427,89.84834789985545,21.071745,20.628359,-2.1494007,No Alert,Low,Conditions are within expected range; continue routine monitoring.
COW02575,47,562.9,18.9,44.03002710734418,24.32439016002984,82.3276276685171,21.61503,21.321264,-1.3778077,No Alert,Low,Conditions are within expected range; continue routine monitoring.
COW02576,41,725.9,26.5,53.95401342906126,29.27657910232072,95.0,23.222862,23.153027,-0.3016265,No Alert,Low,Conditions are within expected range; continue routine monitoring.
COW02577,60,548.6,17.9,43.10507256470112,24.041014444542963,77.50492494382914,21.534979,21.26809,-1.2548827,No Alert,Low,Conditions are within expected range; continue routine monitoring.
COW02578,116,494.5,31.3,59.562987494373246,38.74267898843481,49.98974972888895,20.958294,20.40859,-2.6934912,No Alert,Low,Conditions are within expected range; continue routine monitoring.
COW02579,73,536.1,31.8,52.79706733373683,28.74529649869197,93.4161948901172,20.977995,20.68132,-1.4345057,No Alert,Low,Conditions are within expected range; continue routine monitoring.
COW02580,53,557.4,22.2,65.41458569148332,38.097785635513056,78.21978588284067,21.66123,21.334179,-1.5329915,No Alert,Low,Conditions are within expected range; continue routine monitoring.
COW02581,61,537.9,21.2,51.236601881270126,27.72377250358293,95.0,21.212095,20.948824,-1.2567356,No Alert,Low,Conditions are within expected range; continue routine monitoring.
COW02582,43,547.5,15.4,53.84916154445519,34.99814635437237,45.881043363648125,21.230335,21.01327,-1.032994,No Alert,Low,Conditions are within expected range; continue routine monitoring.
COW02583,83,434.5,28.0,60.53345868010926,41.57788223342438,40.0,20.055372,19.4908,-2.8966043,No Alert,Low,Conditions are within expected range; continue routine monitoring.
COW02584,49,473.0,16.9,59.287094730918696,35.74084829953827,66.98148026101357,20.431734,20.156355,-1.3662152,No Alert,Low,Conditions are within expected range; continue routine monitoring.
COW02585,71,538.1,30.8,75.32423316083538,44.2782636328015,78.65792518409,21.45636,20.82177,-3.0477242,Heat Stress Alert,Medium,Moderate heat stress detected. Monitor cattle closely and provide ventilation and water access.
COW02586,51,536.8,31.8,58.24077046825359,37.55551921349315,50.94403191177467,20.91609,20.543009,-1.8160982,No Alert,Low,Conditions are within expected range; continue routine monitoring.
COW02587,46,504.7,16.2,62.49185308485261,42.0,45.26033726395872,21.007769,20.759144,-1.197664,No Alert,Low,Conditions are within expected range; continue routine monitoring.
COW02588,116,535.8,26.3,57.67782899326136,36.38785700246859,55.33755922607838,20.98809,20.525454,-2.253967,No Alert,Low,Conditions are within expected range; continue routine monitoring.
COW02589,49,554.9,22.4,70.0889271130865,41.99902060974531,72.79138962705254,21.566813,21.198673,-1.7366147,Heat Stress Alert,Medium,Moderate heat stress detected. Monitor cattle closely and provide ventilation and water access.
COW02590,19,621.2,23.7,42.27922186494169,23.01302405664352,86.71521837752144,20.774923,20.962305,0.89389855,No Alert,Low,Conditions are within expected range; continue routine monitoring.
COW02591,52,542.1,17.2,44.286850272560265,23.99968249893273,90.49366241414644,21.36059,21.055773,-1.4476657,No Alert,Low,Conditions are within expected range; continue routine monitoring.
COW02592,69,581.9,27.0,34.02321313064809,18.131499278219948,83.55927405028291,22.24805,21.907568,-1.5541785,No Alert,Low,Conditions are within expected range; continue routine monitoring.
COW02593,22,506.7,17.0,61.85981338415015,40.17401767305716,51.68227714699326,19.320238,19.563347,1.2426746,No Alert,Low,Conditions are within expected range; continue routine monitoring.
COW02594,45,595.8,29.9,66.90256634463641,42.0,61.24118240810295,22.113552,21.781712,-1.5234823,No Alert,Low,Conditions are within expected range; continue routine monitoring.
COW02595,29,580.1,22.2,44.5153884994573,24.921402662759917,77.72981066674711,21.037249,21.012632,-0.117149726,No Alert,Low,Conditions are within expected range; continue routine monitoring.
COW02596,66,619.3,25.4,59.1027065091899,36.80188105837591,59.19682203441977,22.58833,22.4752,-0.5033488,No Alert,Low,Conditions are within expected range; continue routine monitoring.
COW02597,90,607.1,30.6,56.61243550764751,35.00867590031569,59.22503146943076,22.528442,22.354517,-0.7780325,No Alert,Low,Conditions are within expected range; continue routine monitoring.
COW02598,116,597.1,27.3,51.57131644893372,29.213156418668724,79.66425912526275,21.690937,21.52656,-0.76360184,No Alert,Low,Conditions are within expected range; continue routine monitoring.
COW02599,54,542.1,23.7,63.36222027520241,34.77520054120179,93.94783527913155,21.416952,21.015726,-1.9091705,No Alert,Low,Conditions are within expected range; continue routine monitoring.
COW02600,105,569.6,21.2,59.45712464922303,37.417175492475366,57.01561540221539,21.518646,21.283638,-1.1041733,No Alert,Low,Conditions are within expected range; continue routine monitoring.
COW02601,35,635.1,22.3,42.12183363515666,22.893674114583927,87.20483319193559,22.234138,22.056973,-0.80321985,No Alert,Low,Conditions are within expected range; continue routine monitoring.
COW02602,96,497.8,20.2,64.19938899063092,37.635417992141896,76.1383100699993,21.05227,20.63474,-2.0234325,No Alert,Low,Conditions are within expected range; continue routine monitoring.
COW02603,72,499.7,31.0,46.47,25.0,95.0,21.094017,20.654608,-2.1274152,No Alert,Low,Conditions are within expected range; continue routine monitoring.
COW02604,93,564.5,18.6,61.37224502511247,33.699189072863746,93.33497743772604,21.612438,21.2917,-1.5063984,No Alert,Low,Conditions are within expected range; continue routine monitoring.
COW02605,93,583.2,21.4,65.02213223153265,41.3927264792954,57.45233279784321,21.998602,21.712769,-1.3164299,No Alert,Low,Conditions are within expected range; continue routine monitoring.
COW02606,69,484.1,28.0,37.84901723128556,20.462074080217818,83.78911078778498,20.50679,20.31313,-0.9533772,No Alert,Low,Conditions are within expected range; continue routine monitoring.
COW02607,39,544.0,20.6,79.39339798535084,49.0,68.76704620043597,21.170382,20.810984,-1.7269626,Heat Stress Alert,High,"High heat stress detected. Consider active cooling, shading, and improved hydration measures."
COW02608,68,542.5,30.0,41.76040071252228,22.98080494198408,81.29489955894579,21.347017,21.04733,-1.423869,No Alert,Low,Conditions are within expected range; continue routine monitoring.
COW02609,101,372.8,18.4,62.92320376136778,41.69540671123493,48.23844001181447,19.77671,19.352285,-2.1931524,No Alert,Low,Conditions are within expected range; continue routine monitoring.
COW02610,116,532.4,14.6,38.191577700813816,20.529922484034337,87.56456101307329,20.89688,20.559647,-1.6402645,No Alert,Low,Conditions are within expected range; continue routine monitoring.
COW02611,112,537.4,25.3,39.83940838894004,21.21109050796574,95.0,20.909462,20.551771,-1.7404379,No Alert,Low,Conditions are within expected range; continue routine monitoring.
COW02612,31,537.2,23.1,59.55568595792172,36.69669267559094,61.88510564418615,20.32325,20.153303,-0.8432696,No Alert,Low,Conditions are within expected range; continue routine monitoring.
COW02613,76,663.3,30.8,59.86537331365648,32.65449903637513,95.0,23.0005,22.822758,-0.77879286,No Alert,Low,Conditions are within expected range; continue routine monitoring.
COW02614,23,452.7,21.6,94.848,52.0,98.0,18.839447,18.861195,0.11530335,Health Risk Alert,Critical,"Critical heat stress or productivity decline detected. Consider emergency cooling, veterinary assessment, and hydration."
COW02615,84,484.0,16.4,54.72856072171756,32.60191734093674,67.2842680228208,20.643745,20.381351,-1.2874217,No Alert,Low,Conditions are within expected range; continue routine monitoring.
COW02616,119,341.0,19.9,60.95326718628849,38.402008134485634,57.62709770449128,19.772797,19.273558,-2.5902793,No Alert,Low,Conditions are within expected range; continue routine monitoring.
COW02617,17,511.5,21.1,45.59563010655764,25.07278148973226,85.61409154270103,19.43702,19.55213,0.5887359,No Alert,Low,Conditions are within expected range; continue routine monitoring.
COW02618,82,518.3,24.5,51.79742966187301,28.04424552107029,95.0,21.177538,20.761835,-2.0022452,No Alert,Low,Conditions are within expected range; continue routine monitoring.
COW02619,114,509.2,18.9,61.611163342608926,33.65209333863367,95.0,20.77866,20.377926,-1.9665099,No Alert,Low,Conditions are within expected range; continue routine monitoring.
COW02620,103,638.6,23.9,40.36047989179626,21.784489785143137,88.46769721078464,22.617865,22.456345,-0.71926224,No Alert,Low,Conditions are within expected range; continue routine monitoring.
COW02621,54,618.8,30.3,63.91543896686216,34.968822266778375,95.0,22.504274,22.2479,-1.152353,No Alert,Low,Conditions are within expected range; continue routine monitoring.
COW02622,23,556.2,21.6,82.44,52.0,65.0,20.527536,20.577152,0.24112111,Heat Stress Alert,High,"High heat stress detected. Consider active cooling, shading, and improved hydration measures."
COW02623,111,520.4,25.7,48.08955476999486,27.452729221145475,74.52365883236203,20.963223,20.546543,-2.027978,No Alert,Low,Conditions are within expected range; continue routine monitoring.
COW02624,111,632.1,18.1,63.98469303663423,35.008396020933844,95.0,22.055199,21.994028,-0.2781236,No Alert,Low,Conditions are within expected range; continue routine monitoring.
COW02625,74,548.4,28.4,69.79514540442557,41.51635185999355,74.42765170121058,21.69856,21.25849,-2.0700958,No Alert,Low,Conditions are within expected range; continue routine monitoring.
COW02626,117,484.5,18.9,41.31185785295381,23.170822194602614,72.68645921467751,20.621243,20.38757,-1.1461548,No Alert,Low,Conditions are within expected range; continue routine monitoring.
COW02627,12,412.7,24.4,65.22892452494497,42.0,55.17726277153973,17.850185,17.805174,-0.25280023,No Alert,Low,Conditions are within expected range; continue routine monitoring.
COW02628,78,514.7,19.4,80.08400789813427,49.0,70.76302860732451,21.235136,20.882183,-1.690211,Heat Stress Alert,High,"High heat stress detected. Consider active cooling, shading, and improved hydration measures."
COW02629,16,610.4,15.2,61.82243251332676,42.0,42.8349004106042,20.797709,20.799316,0.007730518,No Alert,Low,Conditions are within expected range; continue routine monitoring.
COW02630,113,732.1,19.8,67.16306636060558,39.574732201767816,75.8827559557907,23.073864,22.927958,-0.63636917,No Alert,Low,Conditions are within expected range; continue routine monitoring.
COW02631,85,554.9,17.8,62.17832974740732,36.11349713981435,77.77435355906113,21.720278,21.408081,-1.4583125,No Alert,Low,Conditions are within expected range; continue routine monitoring.
COW02632,110,488.8,30.1,59.87968352682763,32.72682570881047,94.38744731152909,21.049454,20.435078,-3.0064778,No Alert,Low,Conditions are within expected range; continue routine monitoring.
COW02633,72,455.2,18.8,62.8210023790116,34.34342993086377,95.0,20.38219,19.987768,-1.9733195,No Alert,Low,Conditions are within expected range; continue routine monitoring.
COW02634,20,594.2,31.5,45.60115564908172,26.14207218403724,70.57951758394371,20.615326,20.768263,0.7363973,No Alert,Low,Conditions are within expected range; continue routine monitoring.
COW02635,14,408.8,22.9,83.10002858303909,49.51163203458916,77.15597762211722,17.801012,17.885172,0.47055656,Heat Stress Alert,High,"High heat stress detected. Consider active cooling, shading, and improved hydration measures."
COW02636,48,594.0,18.0,69.78889430165913,41.18335324537654,76.32431801229637,21.905464,21.73528,-0.7829901,No Alert,Low,Conditions are within expected range; continue routine monitoring.
COW02637,92,615.4,21.0,61.04,42.0,40.0,22.461739,22.3582,-0.46308967,No Alert,Low,Conditions are within expected range; continue routine monitoring.
COW02638,28,584.9,17.3,38.259621157456905,20.483547744400955,89.96038482599353,21.064379,21.060814,-0.016926385,No Alert,Low,Conditions are within expected range; continue routine monitoring.
COW02639,104,532.4,29.0,54.73463414055457,36.74552845046214,40.0,20.93679,20.502798,-2.1167471,No Alert,Low,Conditions are within expected range; continue routine monitoring.
COW02640,37,595.2,16.2,41.11918624584992,22.500218498271387,82.94852106355744,21.813246,21.639769,-0.8016591,No Alert,Low,Conditions are within expected range; continue routine monitoring.
COW02641,65,563.7,29.7,56.61236197153585,30.7956354123062,95.0,21.873308,21.515005,-1.6653637,No Alert,Low,Conditions are within expected range; continue routine monitoring.
COW02642,33,487.8,14.8,46.56961922454844,26.05704789387995,79.9857819434683,20.477299,20.266415,-1.0405594,No Alert,Low,Conditions are within expected range; continue routine monitoring.
COW02643,62,698.0,19.4,56.74883382016432,31.22215585322958,91.37419288996566,22.879324,22.786497,-0.40737653,No Alert,Low,Conditions are within expected range; continue routine monitoring.
COW02644,60,521.9,16.5,60.560236604682885,40.21927134691251,46.418116786189,21.131063,20.922863,-0.9950859,No Alert,Low,Conditions are within expected range; continue routine monitoring.
COW02645,12,612.1,26.3,52.33241543787876,28.349951678787864,95.0,20.712667,20.91967,0.98951197,No Alert,Low,Conditions are within expected range; continue routine monitoring.
COW02646,73,356.5,23.2,43.96667007120075,23.56952575497186,95.0,19.645252,19.102898,-2.839122,No Alert,Low,Conditions are within expected range; continue routine monitoring.
COW02647,96,652.1,30.9,40.003430540514856,22.065178958085347,77.64055355510085,22.869835,22.747353,-0.53844637,No Alert,Low,Conditions are within expected range; continue routine monitoring.
COW02648,113,667.5,20.6,43.04032145021134,23.38964228627149,88.19714254150347,22.423706,22.267128,-0.7031803,No Alert,Low,Conditions are within expected range; continue routine monitoring.
COW02649,47,552.4,14.7,61.91448170991394,33.825418119950825,95.0,21.500242,21.202646,-1.4035794,No Alert,Low,Conditions are within expected range; continue routine monitoring.
COW02650,107,594.7,27.7,46.52474177798757,27.567319588643656,61.294829617665656,21.820965,21.643782,-0.8186331,No Alert,Low,Conditions are within expected range; continue routine monitoring.
COW02651,106,594.7,24.4,55.62743341491231,34.73717404678014,56.240331872947976,21.78869,21.629156,-0.73758984,No Alert,Low,Conditions are within expected range; continue routine monitoring.
COW02652,118,498.6,28.9,40.75285188224005,21.733058218422883,95.0,20.90826,20.513672,-1.9235389,No Alert,Low,Conditions are within expected range; continue routine monitoring.
COW02653,52,593.8,21.7,47.71831489927141,25.713322799583665,95.0,22.06217,21.823296,-1.0945846,No Alert,Low,Conditions are within expected range; continue routine monitoring.
COW02654,103,485.3,27.3,73.27482432565196,43.70102812611662,74.78919077664125,21.028078,20.349129,-3.3365033,Heat Stress Alert,Medium,Moderate heat stress detected. Monitor cattle closely and provide ventilation and water access.
COW02655,73,501.3,17.1,60.212593541880985,32.85291059536056,95.0,21.151884,20.87189,-1.3414931,No Alert,Low,Conditions are within expected range; continue routine monitoring.
COW02656,18,640.2,32.0,78.07449899860313,48.87253551455007,65.49118087769918,21.28854,21.202715,-0.40478292,Heat Stress Alert,Medium,Moderate heat stress detected. Monitor cattle closely and provide ventilation and water access.
COW02657,41,628.0,17.1,47.164197206379,27.07912019066571,71.77864802122835,22.23799,22.111143,-0.573676,No Alert,Low,Conditions are within expected range; continue routine monitoring.
COW02658,84,493.5,28.9,58.84807008192321,38.38082407990496,48.97000527950907,20.918293,20.4835,-2.1226523,No Alert,Low,Conditions are within expected range; continue routine monitoring.
COW02659,29,491.3,17.8,84.78032766831873,52.0,71.22427571361368,20.02529,19.994658,-0.15320101,Heat Stress Alert,High,"High heat stress detected. Consider active cooling, shading, and improved hydration measures."
COW02660,58,498.4,28.1,42.56484002357477,23.28608127324906,84.80650551398915,20.93311,20.618092,-1.5278703,No Alert,Low,Conditions are within expected range; continue routine monitoring.
COW02661,95,608.6,29.5,60.88004008872141,39.11926674715956,53.337450604228735,22.527817,22.28329,-1.097351,No Alert,Low,Conditions are within expected range; continue routine monitoring.
COW02662,28,470.0,29.8,60.37866281397776,38.82927124418062,52.86791279829866,19.34451,19.147362,-1.029632,No Alert,Low,Conditions are within expected range; continue routine monitoring.
COW02663,65,578.5,22.6,84.56118797333733,52.0,70.64145737589713,22.15556,21.803137,-1.6163853,Heat Stress Alert,High,"High heat stress detected. Consider active cooling, shading, and improved hydration measures."
COW02664,35,609.7,21.7,65.1572864444519,36.62038833234801,87.58161868054567,22.076324,21.856646,-1.0050896,No Alert,Low,Conditions are within expected range; continue routine monitoring.
COW02665,69,542.9,29.0,66.23256939090331,35.92391538814792,98.0,21.552107,21.07872,-2.245804,No Alert,Low,Conditions are within expected range; continue routine monitoring.
COW02666,37,630.8,24.4,42.55603814180024,23.59003281510451,79.25991164846344,22.18653,22.0287,-0.7164712,No Alert,Low,Conditions are within expected range; continue routine monitoring.
COW02667,116,525.7,25.2,65.1249344094276,40.87490916195699,60.52903517753733,20.898018,20.408016,-2.4010255,No Alert,Low,Conditions are within expected range; continue routine monitoring.
COW02668,20,532.9,18.2,53.80086623519449,30.334291592841623,82.42244648529777,19.573427,19.723255,0.75965124,No Alert,Low,Conditions are within expected range; continue routine monitoring.
COW02669,116,471.8,22.0,85.39653193924539,49.30367732373731,84.67185221242211,20.372488,19.819454,-2.7903585,Heat Stress Alert,High,"High heat stress detected. Consider active cooling, shading, and improved hydration measures."
COW02670,97,631.4,20.7,45.42298513644662,25.229860029326293,81.61783337042309,22.57411,22.401447,-0.77076596,No Alert,Low,Conditions are within expected range; continue routine monitoring.
COW02671,104,488.7,26.0,57.45511756953706,34.448828348881634,67.31592817085789,20.891327,20.430801,-2.2540746,No Alert,Low,Conditions are within expected range; continue routine monitoring.
COW02672,103,578.0,17.5,52.763093524437686,33.83887594488647,47.80108065339464,21.59047,21.363245,-1.0636228,No Alert,Low,Conditions are within expected range; continue routine monitoring.
COW02673,32,544.3,21.3,71.12108411784124,39.44970155259752,92.46147235379536,20.929861,20.699896,-1.1109487,Heat Stress Alert,Medium,Moderate heat stress detected. Monitor cattle closely and provide ventilation and water access.
COW02674,112,465.8,29.3,59.5323790186009,33.18279625787905,88.30496686743363,20.334414,19.739496,-3.0138423,No Alert,Low,Conditions are within expected range; continue routine monitoring.
COW02675,76,501.3,23.8,53.279603012081445,31.821650718936528,65.56372080469232,21.138239,20.759037,-1.8266834,No Alert,Low,Conditions are within expected range; continue routine monitoring.
COW02676,115,660.6,30.1,83.47450259157009,48.48920644913623,82.96801356893351,22.40142,22.296045,-0.47261876,Heat Stress Alert,High,"High heat stress detected. Consider active cooling, shading, and improved hydration measures."
COW02677,106,566.1,18.2,57.197885833783225,31.130220476447555,95.0,21.497646,21.203857,-1.3855447,No Alert,Low,Conditions are within expected range; continue routine monitoring.
COW02678,74,469.3,21.9,34.45830027817412,18.32757522377092,86.47167541444585,20.591972,20.091166,-2.4926717,No Alert,Low,Conditions are within expected range; continue routine monitoring.
COW02679,52,574.4,23.0,57.937371820247975,38.21905083401343,46.0225356141538,21.764832,21.587667,-0.82067263,No Alert,Low,Conditions are within expected range; continue routine monitoring.
COW02680,24,538.3,21.2,46.02187630270375,25.293328972912786,86.17396158433894,19.83729,19.85275,0.077878214,No Alert,Low,Conditions are within expected range; continue routine monitoring.
COW02681,22,826.3,26.3,58.58605170267404,31.923458115813737,95.0,22.805115,22.970673,0.7207358,No Alert,Low,Conditions are within expected range; continue routine monitoring.
COW02682,54,572.8,16.7,59.14849166441009,38.90224696314189,47.45154234787656,21.769646,21.573502,-0.90918994,No Alert,Low,Conditions are within expected range; continue routine monitoring.
COW02683,99,519.6,23.3,59.62415741236095,32.516661378491975,95.0,21.158173,20.667679,-2.3732407,No Alert,Low,Conditions are within expected range; continue routine monitoring.
COW02684,66,663.6,16.5,74.87742635265484,48.427120545402055,58.0,22.975174,22.826523,-0.65122104,Heat Stress Alert,Medium,Moderate heat stress detected. Monitor cattle closely and provide ventilation and water access.
COW02685,64,402.7,25.3,50.87948560654756,27.51970606088432,95.0,20.01037,19.469315,-2.7790177,No Alert,Low,Conditions are within expected range; continue routine monitoring.
COW02686,38,557.5,28.9,77.6268561072244,49.0,63.66143383590864,21.769474,21.208559,-2.6447577,Heat Stress Alert,Medium,Moderate heat stress detected. Monitor cattle closely and provide ventilation and water access.
COW02687,72,709.6,14.4,66.23686605392115,36.29535203081208,95.0,23.21009,22.992073,-0.9482293,No Alert,Low,Conditions are within expected range; continue routine monitoring.
COW02688,80,540.7,22.2,64.7289523411234,42.0,53.365769351896375,21.438671,21.093212,-1.6377733,No Alert,Low,Conditions are within expected range; continue routine monitoring.
COW02689,118,411.3,22.9,54.59197035769752,32.432214213971484,67.91289655949124,20.010426,19.443228,-2.9171999,No Alert,Low,Conditions are within expected range; continue routine monitoring.
COW02690,90,518.3,27.0,54.72292115947655,29.71595494827232,95.0,21.141026,20.668266,-2.2873676,No Alert,Low,Conditions are within expected range; continue routine monitoring.
COW02691,77,666.4,15.3,56.48015364185307,37.0734804559012,45.962812358698805,22.83355,22.7602,-0.3222687,No Alert,Low,Conditions are within expected range; continue routine monitoring.
COW02692,110,580.1,21.3,49.514070543493126,27.28520872593021,87.58805389032766,21.638033,21.38409,-1.18753,No Alert,Low,Conditions are within expected range; continue routine monitoring.
COW02693,57,482.9,28.1,52.89550867586088,31.52201952993741,65.86777355435122,20.615057,20.228754,-1.9096725,No Alert,Low,Conditions are within expected range; continue routine monitoring.
COW02694,112,495.2,23.6,33.53465849933571,18.0,75.96273609265873,20.466467,20.326715,-0.6875259,No Alert,Low,Conditions are within expected range; continue routine monitoring.
COW02695,51,505.2,27.5,91.986446714517,52.0,90.38948594286435,21.272224,20.59114,-3.307654,Health Risk Alert,Critical,"Critical heat stress or productivity decline detected. Consider emergency cooling, veterinary assessment, and hydration."
COW02696,25,578.9,20.6,75.57506530162257,41.17250859641717,98.0,20.794113,20.786938,-0.034519013,Heat Stress Alert,Medium,Moderate heat stress detected. Monitor cattle closely and provide ventilation and water access.
COW02697,57,657.1,30.6,46.63221916561581,27.379077568511278,64.17218070268561,22.813366,22.666996,-0.64574033,No Alert,Low,Conditions are within expected range; continue routine monitoring.
COW02698,25,634.2,15.4,67.33563480916479,42.0,62.81027104769854,21.571114,21.585634,0.06726995,No Alert,Low,Conditions are within expected range; continue routine monitoring.
COW02699,24,586.5,15.6,33.643112530060726,18.0,78.97534805724247,21.191235,20.943321,-1.1837347,No Alert,Low,Conditions are within expected range; continue routine monitoring.
COW02700,107,443.5,23.5,69.93492283462088,38.00388923293308,98.0,20.006987,19.49247,-2.6395671,No Alert,Low,Conditions are within expected range; continue routine monitoring.
COW02701,97,443.8,22.5,49.492392488215366,28.96797780253437,68.08089894578535,19.992561,19.567554,-2.1719978,No Alert,Low,Conditions are within expected range; continue routine monitoring.
COW02702,35,592.7,25.5,50.45960958527376,31.145323275870847,54.60241533677752,21.903465,21.746025,-0.7239952,No Alert,Low,Conditions are within expected range; continue routine monitoring.
COW02703,102,442.4,18.1,41.713477106796525,22.555249700541783,89.13617134102194,19.982763,19.527164,-2.333154,No Alert,Low,Conditions are within expected range; continue routine monitoring.
COW02704,19,532.0,18.1,57.31879880975204,31.199313605572595,95.0,19.493004,19.645493,0.776202,No Alert,Low,Conditions are within expected range; continue routine monitoring.
COW02705,42,574.3,27.5,71.8748385484067,41.42157156815663,82.66573702991037,21.904837,21.520851,-1.7842487,Heat Stress Alert,Medium,Moderate heat stress detected. Monitor cattle closely and provide ventilation and water access.
COW02706,88,459.0,19.3,60.78832663075957,33.201032773502874,94.82192083129792,20.267733,19.892946,-1.8840164,No Alert,Low,Conditions are within expected range; continue routine monitoring.
COW02707,44,468.1,27.1,77.49168826774857,47.67936776175343,68.9562200298745,20.360968,19.72427,-3.2279916,Heat Stress Alert,Medium,Moderate heat stress detected. Monitor cattle closely and provide ventilation and water access.
COW02708,90,542.5,25.5,56.59703350070076,35.09271307043801,58.5851792516724,21.417055,21.026894,-1.8555356,No Alert,Low,Conditions are within expected range; continue routine monitoring.
COW02709,106,590.3,15.5,44.73897845198402,24.83407092429605,81.19287068310526,21.81187,21.622217,-0.8771228,No Alert,Low,Conditions are within expected range; continue routine monitoring.
COW02710,19,634.9,26.8,70.92295097427439,41.55863475306461,78.33988477429594,21.381247,21.338173,-0.20186196,Heat Stress Alert,Medium,Moderate heat stress detected. Monitor cattle closely and provide ventilation and water access.
COW02711,14,598.6,29.8,78.60871827256068,49.0,66.49918575884587,20.895496,20.709799,-0.89666516,Heat Stress Alert,Medium,Moderate heat stress detected. Monitor cattle closely and provide ventilation and water access.
COW02712,113,555.9,28.7,68.44414697923565,43.036349348811775,61.51296481832157,21.412859,20.981096,-2.0578654,No Alert,Low,Conditions are within expected range; continue routine monitoring.
COW02713,68,490.3,14.2,54.60187529098321,34.95514146422405,49.80633257826352,21.096485,20.90173,-0.93176764,No Alert,Low,Conditions are within expected range; continue routine monitoring.
COW02714,66,464.3,23.7,37.92557742686056,20.364982212600445,87.73859619773475,20.225208,19.975912,-1.247984,No Alert,Low,Conditions are within expected range; continue routine monitoring.
COW02715,62,509.1,30.4,55.84482227789624,37.10253173041168,43.00311969386617,21.081017,20.700874,-1.8363582,No Alert,Low,Conditions are within expected range; continue routine monitoring.
COW02716,58,582.8,24.8,52.38120077333135,31.11689435432373,66.32622695856543,21.943611,21.74765,-0.90106744,No Alert,Low,Conditions are within expected range; continue routine monitoring.
COW02717,86,576.9,19.2,53.642415778532815,31.761207833181544,68.16028945503979,22.051422,21.80133,-1.147139,No Alert,Low,Conditions are within expected range; continue routine monitoring.
COW02718,74,382.0,17.5,48.53732916295253,27.73230347659502,74.64191314836502,19.916683,19.581022,-1.7142156,No Alert,Low,Conditions are within expected range; continue routine monitoring.
COW02719,29,487.1,26.3,51.80642896473651,29.778294774621266,75.32560218676642,19.852009,19.752005,-0.50629896,No Alert,Low,Conditions are within expected range; continue routine monitoring.
COW02720,79,646.4,27.9,53.11515630388413,32.170225434113384,61.78298636277936,22.978395,22.840315,-0.6045477,No Alert,Low,Conditions are within expected range; continue routine monitoring.
COW02721,84,556.3,30.4,36.04816486568431,19.451465402834724,80.90706790000068,21.688309,21.39288,-1.3809699,No Alert,Low,Conditions are within expected range; continue routine monitoring.
COW02722,24,436.6,30.3,60.4077543219777,39.20438534850472,50.9758490908792,18.671747,18.444191,-1.2337556,No Alert,Low,Conditions are within expected range; continue routine monitoring.
COW02723,52,738.5,20.1,75.21800425178722,45.11795449266643,73.97511010402437,23.162308,22.978708,-0.79899824,Heat Stress Alert,Medium,Moderate heat stress detected. Monitor cattle closely and provide ventilation and water access.
COW02724,97,547.7,24.9,72.35479071514845,46.59912370662932,58.0,21.432587,21.04842,-1.825157,Heat Stress Alert,Medium,Moderate heat stress detected. Monitor cattle closely and provide ventilation and water access.
COW02725,78,580.7,15.8,50.74023464280007,27.44013408160004,95.0,22.13449,21.878588,-1.1696428,No Alert,Low,Conditions are within expected range; continue routine monitoring.
COW02726,26,582.0,15.7,52.00358822427068,28.16205041386896,95.0,21.14435,21.104898,-0.186931,No Alert,Low,Conditions are within expected range; continue routine monitoring.
COW02727,16,520.6,15.3,61.50988524384996,40.51202897836666,48.6375917845318,19.445528,19.644276,1.011733,No Alert,Low,Conditions are within expected range; continue routine monitoring.
COW02728,74,491.8,30.7,60.78448541724222,38.63453867886141,55.61011353563865,21.06747,20.64009,-2.0706284,No Alert,Low,Conditions are within expected range; continue routine monitoring.
COW02729,61,719.7,16.7,56.40268169488525,30.675818111363,95.0,23.152752,23.045174,-0.4668148,No Alert,Low,Conditions are within expected range; continue routine monitoring.
COW02730,115,630.3,22.7,54.81551867665493,32.24228723187177,70.7403077146484,22.054506,21.968044,-0.39358088,No Alert,Low,Conditions are within expected range; continue routine monitoring.
COW02731,68,615.8,21.8,63.84219646558978,42.0,50.15288574489051,22.522116,22.388697,-0.5959214,No Alert,Low,Conditions are within expected range; continue routine monitoring.
COW02732,112,596.1,19.8,45.82640051239685,27.2524366109964,59.32300196739615,21.814703,21.648863,-0.7660456,No Alert,Low,Conditions are within expected range; continue routine monitoring.
COW02733,35,469.7,23.7,77.35542847144902,48.479948295845496,65.05722849783615,20.051394,19.633488,-2.1285357,Heat Stress Alert,Medium,Moderate heat stress detected. Monitor cattle closely and provide ventilation and water access.
COW02734,60,652.2,14.1,77.7472081453453,48.338047249203406,66.81813534959596,22.777004,22.567348,-0.92902255,Heat Stress Alert,Medium,Moderate heat stress detected. Monitor cattle closely and provide ventilation and water access.
COW02735,27,482.5,20.8,52.40511221145531,31.943110205796888,59.57110184124895,19.605423,19.616018,0.05401362,No Alert,Low,Conditions are within expected range; continue routine monitoring.
COW02736,74,572.7,22.6,85.34358115084885,52.0,72.72229029481076,22.120083,21.777132,-1.5748209,Heat Stress Alert,High,"High heat stress detected. Consider active cooling, shading, and improved hydration measures."
COW02737,32,418.8,28.5,48.42146246675284,27.53558966157437,76.0756920317472,18.955238,18.64799,-1.6476257,No Alert,Low,Conditions are within expected range; continue routine monitoring.
COW02738,65,386.7,26.6,40.70253407136519,21.955751304779568,89.17621498843279,19.753187,19.354544,-2.0596895,No Alert,Low,Conditions are within expected range; continue routine monitoring.
COW02739,49,575.5,29.3,47.84836790633347,26.36384363949921,86.57161784143516,21.86081,21.558489,-1.4023268,No Alert,Low,Conditions are within expected range; continue routine monitoring.
COW02740,32,485.3,20.8,74.11608632319636,43.25215800932551,80.11310595299317,20.351511,20.128635,-1.1072564,Heat Stress Alert,Medium,Moderate heat stress detected. Monitor cattle closely and provide ventilation and water access.
COW02741,22,390.9,16.5,39.242073094093286,21.260606333388395,85.03021079918766,18.322334,18.283913,-0.21013899,No Alert,Low,Conditions are within expected range; continue routine monitoring.
COW02742,67,593.2,21.2,59.46827520666964,39.2978246286277,46.710970445165714,22.233397,22.059015,-0.7905215,No Alert,Low,Conditions are within expected range; continue routine monitoring.
COW02743,114,719.6,31.3,45.972101985293655,25.0,90.3028489178647,22.942701,22.83217,-0.48410138,No Alert,Low,Conditions are within expected range; continue routine monitoring.
COW02744,33,661.2,17.9,61.68240365309972,40.64573227694905,48.63959479900802,22.46198,22.354557,-0.48054534,No Alert,Low,Conditions are within expected range; continue routine monitoring.
COW02745,55,529.4,17.1,52.28462829847442,28.322644741985386,95.0,21.119492,20.886677,-1.1146569,No Alert,Low,Conditions are within expected range; continue routine monitoring.
COW02746,36,550.7,31.0,63.15209080184534,42.0,47.65250290523675,21.208315,20.796982,-1.9778498,No Alert,Low,Conditions are within expected range; continue routine monitoring.
COW02747,99,621.0,31.1,74.91987574173541,46.56163133739331,66.13647936163656,22.542095,22.266394,-1.2381957,Heat Stress Alert,Medium,Moderate heat stress detected. Monitor cattle closely and provide ventilation and water access.
COW02748,56,639.8,16.7,62.238725789478416,37.08796045125456,71.26404095781434,22.932442,22.763731,-0.7411382,No Alert,Low,Conditions are within expected range; continue routine monitoring.
COW02749,117,522.5,27.9,54.98290145150308,32.27985921176085,71.35970105235447,20.949234,20.494402,-2.219299,No Alert,Low,Conditions are within expected range; continue routine monitoring.
COW02750,38,552.7,21.7,73.6513752110653,46.24484290237601,63.60684821482726,21.338812,21.01729,-1.5297965,Heat Stress Alert,Medium,Moderate heat stress detected. Monitor cattle closely and provide ventilation and water access.
COW02751,20,574.0,22.9,46.47,25.0,95.0,20.342224,20.421717,0.38925508,No Alert,Low,Conditions are within expected range; continue routine monitoring.
COW02752,74,594.3,23.0,71.708,39.0,98.0,22.308699,22.08373,-1.0187045,Heat Stress Alert,Medium,Moderate heat stress detected. Monitor cattle closely and provide ventilation and water access.
COW02753,82,539.4,31.4,77.36330158010449,48.04746130811355,66.94511757468615,21.535053,20.866344,-3.2047243,Heat Stress Alert,Medium,Moderate heat stress detected. Monitor cattle closely and provide ventilation and water access.
COW02754,119,540.4,17.3,77.08982607726028,42.02349779621365,98.0,21.083403,20.627245,-2.211433,Heat Stress Alert,Medium,Moderate heat stress detected. Monitor cattle closely and provide ventilation and water access.
COW02755,106,660.4,27.9,41.688857804657786,22.680014263443667,86.2902667383969,22.701227,22.565865,-0.5998557,No Alert,Low,Conditions are within expected range; continue routine monitoring.
COW02756,107,646.8,14.1,51.06238975538955,27.62422271736546,95.0,22.372915,22.243948,-0.57978594,No Alert,Low,Conditions are within expected range; continue routine monitoring.
COW02757,80,588.2,25.3,47.43383313491854,26.395845073497853,82.67160016954543,22.266813,22.083391,-0.8305884,No Alert,Low,Conditions are within expected range; continue routine monitoring.
COW02758,50,687.5,25.7,38.080567785047386,20.54819969414008,85.26086156133704,22.855087,22.696106,-0.70047843,No Alert,Low,Conditions are within expected range; continue routine monitoring.
COW02759,58,519.1,27.6,63.69671933315772,35.69718180015147,87.9880449389002,21.140228,20.716944,-2.0431805,No Alert,Low,Conditions are within expected range; continue routine monitoring.
COW02760,26,679.8,30.7,61.632993114107926,33.664567493775955,95.0,22.348146,22.268265,-0.35872427,No Alert,Low,Conditions are within expected range; continue routine monitoring.
COW02761,58,593.4,27.6,49.96922371595912,27.92093016848771,83.07475477794941,22.162073,22.017828,-0.6551289,No Alert,Low,Conditions are within expected range; continue routine monitoring.
COW02762,51,811.7,27.2,66.10690370799523,42.0,58.35834676809867,23.864077,23.712646,-0.63860494,No Alert,Low,Conditions are within expected range; continue routine monitoring.
COW02763,15,454.6,18.6,64.78215301623628,41.83719993363927,54.35100194404889,18.439163,18.721626,1.5087528,No Alert,Low,Conditions are within expected range; continue routine monitoring.
COW02764,34,494.9,31.9,55.57379511328864,34.75750659436416,55.84077689035064,20.413307,20.06664,-1.7275753,No Alert,Low,Conditions are within expected range; continue routine monitoring.
COW02765,69,583.5,22.4,46.23768952372035,25.69377943356409,82.19273301266921,22.127687,21.8573,-1.2370588,No Alert,Low,Conditions are within expected range; continue routine monitoring.
COW02766,51,581.8,21.5,47.57341256775129,29.30042680722443,51.89831957177488,21.836569,21.56761,-1.2470508,No Alert,Low,Conditions are within expected range; continue routine monitoring.
COW02767,119,706.0,23.0,37.97281793217128,20.73075263577344,78.79340910218815,22.716475,22.567627,-0.6595624,No Alert,Low,Conditions are within expected range; continue routine monitoring.
COW02768,63,496.5,21.1,45.62555820000091,25.55598983493149,78.70898469772256,21.103308,20.857464,-1.1786854,No Alert,Low,Conditions are within expected range; continue routine monitoring.
COW02769,115,622.4,24.7,69.59650785441457,39.38611915272858,86.79864367757698,22.02659,21.902458,-0.5667499,No Alert,Low,Conditions are within expected range; continue routine monitoring.
COW02770,83,643.0,20.3,88.45908321704326,52.0,81.00820004532783,22.99971,22.857271,-0.6231666,Heat Stress Alert,High,"High heat stress detected. Consider active cooling, shading, and improved hydration measures."
COW02771,16,606.4,18.3,33.85392003176061,18.0,84.83111199335016,20.980227,20.792282,-0.90391433,No Alert,Low,Conditions are within expected range; continue routine monitoring.
COW02772,33,473.1,30.7,44.5488209082088,24.86260250428825,78.93579920859293,19.703386,19.382334,-1.6564184,No Alert,Low,Conditions are within expected range; continue routine monitoring.
COW02773,88,662.6,30.7,60.16127919019464,37.503161938349706,59.55353503658852,22.99715,22.79105,-0.9043044,No Alert,Low,Conditions are within expected range; continue routine monitoring.
COW02774,70,648.3,22.9,40.53647504522456,21.695724704145636,92.92970276216066,22.884562,22.758724,-0.5529191,No Alert,Low,Conditions are within expected range; continue routine monitoring.
COW02775,44,598.0,31.3,60.80234157485215,40.24529106442498,47.22759241861813,21.869274,21.617426,-1.165024,No Alert,Low,Conditions are within expected range; continue routine monitoring.
COW02776,68,566.3,21.5,37.19847864642647,20.128050974644445,81.98317171928457,21.796822,21.565792,-1.0712776,No Alert,Low,Conditions are within expected range; continue routine monitoring.
COW02777,109,568.1,21.0,54.001495522178615,32.849494702049135,61.36699103895681,21.471544,21.197117,-1.294645,No Alert,Low,Conditions are within expected range; continue routine monitoring.
COW02778,53,543.7,30.5,50.124713064094585,32.58405830451122,42.110876968459245,20.979113,20.955555,-0.11241727,No Alert,Low,Conditions are within expected range; continue routine monitoring.
COW02779,16,601.3,25.4,63.89330745172738,40.459662584778286,58.04210754723952,20.621809,20.748608,0.61111873,No Alert,Low,Conditions are within expected range; continue routine monitoring.
COW02780,45,552.5,27.7,80.26837601043269,49.0,71.29588442321588,21.683153,21.148705,-2.5270987,Heat Stress Alert,High,"High heat stress detected. Consider active cooling, shading, and improved hydration measures."
COW02781,113,482.1,21.4,66.04818508678787,40.203984043790136,67.7608458526528,20.471304,20.004066,-2.3357124,No Alert,Low,Conditions are within expected range; continue routine monitoring.
COW02782,94,466.1,21.3,41.39750473233347,22.25073863579508,91.67180513287528,20.153751,19.80851,-1.7428951,No Alert,Low,Conditions are within expected range; continue routine monitoring.
COW02783,102,489.8,15.5,60.07367908083081,39.857034552929946,46.30567403276011,20.753706,20.495522,-1.2597115,No Alert,Low,Conditions are within expected range; continue routine monitoring.
COW02784,110,567.8,31.4,62.857794034212326,40.37577660995492,54.50144170404829,21.336506,20.891249,-2.1313095,No Alert,Low,Conditions are within expected range; continue routine monitoring.
COW02785,24,547.8,18.1,45.10701577924135,24.2211518738522,95.0,20.448372,20.42952,-0.09227938,No Alert,Low,Conditions are within expected range; continue routine monitoring.
COW02786,42,567.2,22.9,41.801271788937655,22.65642803202394,88.12684292888905,21.622427,21.295607,-1.5346845,No Alert,Low,Conditions are within expected range; continue routine monitoring.
COW02787,18,590.1,16.1,48.96184285210758,29.02575199736454,63.86845104374239,20.391184,20.498404,0.52306366,No Alert,Low,Conditions are within expected range; continue routine monitoring.
COW02788,12,499.8,25.6,66.24498873181099,36.29999356103485,95.0,19.397392,19.468422,0.3648455,No Alert,Low,Conditions are within expected range; continue routine monitoring.
COW02789,102,667.3,21.0,60.35744978679797,38.37131117136048,55.31779532173583,22.872892,22.70778,-0.7271144,No Alert,Low,Conditions are within expected range; continue routine monitoring.
COW02790,113,528.6,27.8,55.99433966612527,31.47352547074365,84.43200154667568,21.032888,20.512728,-2.5357947,No Alert,Low,Conditions are within expected range; continue routine monitoring.
COW02791,28,515.3,23.5,88.76198510524506,50.56556523733133,88.23181030347033,20.3941,20.02083,-1.8644084,Heat Stress Alert,High,"High heat stress detected. Consider active cooling, shading, and improved hydration measures."
COW02792,89,588.6,16.3,39.39584012731577,21.007883383642127,93.66892635733122,22.204563,21.988142,-0.98426294,No Alert,Low,Conditions are within expected range; continue routine monitoring.
COW02793,69,403.1,14.2,72.21591241896888,39.28534405560049,98.0,20.02816,19.676159,-1.7889731,Heat Stress Alert,Medium,Moderate heat stress detected. Monitor cattle closely and provide ventilation and water access.
COW02794,19,486.8,17.8,38.09830280933261,20.69858745329871,81.59659423323566,19.409622,19.533524,0.6343012,No Alert,Low,Conditions are within expected range; continue routine monitoring.
COW02795,110,628.5,27.0,52.00992688676418,29.459142284631948,79.9687846189505,22.154964,22.065588,-0.40504903,No Alert,Low,Conditions are within expected range; continue routine monitoring.
COW02796,106,411.0,28.9,35.83898789764719,19.47260680835856,76.11278770115632,19.692041,19.501528,-0.9769163,No Alert,Low,Conditions are within expected range; continue routine monitoring.
COW02797,73,639.4,20.1,53.282858844501696,33.33164759378925,53.97068965525367,22.95452,22.816635,-0.6043141,No Alert,Low,Conditions are within expected range; continue routine monitoring.
COW02798,88,670.9,23.6,52.66454285350911,28.53973877343378,95.0,22.958082,22.86957,-0.3870314,No Alert,Low,Conditions are within expected range; continue routine monitoring.
COW02799,54,520.4,18.3,58.02138338896618,31.600790507980676,95.0,21.12028,20.862337,-1.2364013,No Alert,Low,Conditions are within expected range; continue routine monitoring.
COW02800,97,573.3,29.8,67.16972357786182,38.20693372909929,84.86677379156457,21.796558,21.330591,-2.184502,No Alert,Low,Conditions are within expected range; continue routine monitoring.
COW02801,60,639.5,31.4,51.55146292419533,30.70288944550841,64.95260489364355,22.61457,22.50233,-0.49879205,No Alert,Low,Conditions are within expected range; continue routine monitoring.
COW02802,118,512.7,27.6,92.14879667681716,50.68242458919138,97.0245439880307,21.11125,20.431738,-3.325767,Health Risk Alert,Critical,"Critical heat stress or productivity decline detected. Consider emergency cooling, veterinary assessment, and hydration."
COW02803,18,619.4,15.6,47.74767387924864,26.438198381968263,84.70632274135012,20.631628,20.869253,1.1386374,No Alert,Low,Conditions are within expected range; continue routine monitoring.
COW02804,30,496.3,21.9,64.88579935214293,40.5285233759022,61.47680226826643,20.19265,20.090946,-0.5062163,No Alert,Low,Conditions are within expected range; continue routine monitoring.
COW02805,116,511.8,31.8,55.10197581752968,36.64896078606901,42.17188963966998,20.879515,20.33517,-2.6768594,No Alert,Low,Conditions are within expected range; continue routine monitoring.
COW02806,43,486.1,18.1,64.20346071107326,42.0,51.461814170555314,20.912619,20.669603,-1.1757134,No Alert,Low,Conditions are within expected range; continue routine monitoring.
COW02807,45,577.4,26.1,42.31751215793128,22.773713210111048,91.93701045966851,21.832277,21.566479,-1.2324616,No Alert,Low,Conditions are within expected range; continue routine monitoring.
COW02808,97,642.6,30.9,78.23669777499882,49.0,65.42398200866708,23.003582,22.759703,-1.07154,Heat Stress Alert,Medium,Moderate heat stress detected. Monitor cattle closely and provide ventilation and water access.
COW02809,32,535.3,27.9,61.04,42.0,40.0,20.352428,20.153103,-0.98905647,No Alert,Low,Conditions are within expected range; continue routine monitoring.
COW02810,67,448.3,25.0,56.99787015772439,36.17182189402814,53.557358218607554,20.246735,19.78365,-2.3407469,No Alert,Low,Conditions are within expected range; continue routine monitoring.
COW02811,42,463.4,23.1,44.79107844526814,25.041424779828468,78.54153738180247,20.078327,19.713833,-1.8489267,No Alert,Low,Conditions are within expected range; continue routine monitoring.
COW02812,33,581.6,30.7,42.32931723295644,23.67870683409768,75.2944552575434,21.636995,21.447342,-0.8842746,No Alert,Low,Conditions are within expected range; continue routine monitoring.
COW02813,116,697.5,21.1,63.34558147277237,35.42605869429015,88.4841747464187,22.491625,22.378843,-0.50396496,No Alert,Low,Conditions are within expected range; continue routine monitoring.
COW02814,33,581.5,30.2,48.63548215669524,28.60659675785781,65.81593684805125,21.660908,21.449142,-0.98729026,No Alert,Low,Conditions are within expected range; continue routine monitoring.
COW02815,22,519.0,21.8,58.584969987515656,32.100010892750966,93.24831138987878,19.553942,19.656181,0.52013975,No Alert,Low,Conditions are within expected range; continue routine monitoring.
COW02816,84,611.3,27.6,60.30280664321564,41.3856722026797,40.0,22.483372,22.398941,-0.37694058,No Alert,Low,Conditions are within expected range; continue routine monitoring.
COW02817,105,530.8,30.5,59.33403821520613,33.19737898124311,87.11924703200643,21.083776,20.516556,-2.7646973,No Alert,Low,Conditions are within expected range; continue routine monitoring.
COW02818,25,519.7,23.9,86.99532162615321,50.48787978231771,83.69851036551849,20.146038,19.762913,-1.9386075,Heat Stress Alert,High,"High heat stress detected. Consider active cooling, shading, and improved hydration measures."
COW02819,88,473.3,19.6,66.6763246070108,36.546471204006174,95.0,20.555084,20.124039,-2.1419435,No Alert,Low,Conditions are within expected range; continue routine monitoring.
COW02820,70,662.7,14.9,76.3343989577161,49.0,59.92600854831242,22.863194,22.653648,-0.92499506,Heat Stress Alert,Medium,Moderate heat stress detected. Monitor cattle closely and provide ventilation and water access.
COW02821,101,346.9,28.6,47.93220531358369,25.835545893476397,95.0,19.760517,19.16865,-3.0876846,No Alert,Low,Conditions are within expected range; continue routine monitoring.
COW02822,25,613.8,25.2,56.907248133741454,35.513654592895854,57.29147650021156,21.432587,21.555363,0.5695846,No Alert,Low,Conditions are within expected range; continue routine monitoring.
COW02823,117,512.9,18.7,59.36862761487343,32.69952102659215,91.854922154375,20.790504,20.411444,-1.8570992,No Alert,Low,Conditions are within expected range; continue routine monitoring.
COW02824,78,517.2,29.8,51.43022380363086,29.332670352645707,77.44152417765936,21.105911,20.725092,-1.8374795,No Alert,Low,Conditions are within expected range; continue routine monitoring.
COW02825,102,685.4,30.6,52.40391835534127,28.39081048876644,95.0,22.97304,22.813997,-0.6971262,No Alert,Low,Conditions are within expected range; continue routine monitoring.
COW02826,51,492.9,30.0,40.27622189367506,23.315737933469595,58.58888614581103,20.5188,20.496433,-0.10912863,No Alert,Low,Conditions are within expected range; continue routine monitoring.
COW02827,113,495.6,24.8,80.64980272091671,49.0,72.39827375987487,21.014698,20.360964,-3.2107234,Heat Stress Alert,High,"High heat stress detected. Consider active cooling, shading, and improved hydration measures."
COW02828,79,539.6,31.6,42.24487946971034,22.92175146188905,88.09783216248474,21.109938,20.855545,-1.2197841,No Alert,Low,Conditions are within expected range; continue routine monitoring.
COW02829,25,583.1,29.7,47.6119850642231,25.65256289384177,95.0,21.011501,20.982992,-0.13586785,No Alert,Low,Conditions are within expected range; continue routine monitoring.
COW02830,111,514.7,15.9,76.26630462718727,49.0,59.72920412481868,20.822388,20.521694,-1.465247,Heat Stress Alert,Medium,Moderate heat stress detected. Monitor cattle closely and provide ventilation and water access.
COW02831,97,424.1,31.7,71.44613364500397,40.416561842212346,87.30163619999175,19.787052,19.254717,-2.7647007,Heat Stress Alert,Medium,Moderate heat stress detected. Monitor cattle closely and provide ventilation and water access.
COW02832,44,480.7,23.9,71.18476566850455,41.099038697432206,82.0461551399061,20.466684,20.03015,-2.179389,Heat Stress Alert,Medium,Moderate heat stress detected. Monitor cattle closely and provide ventilation and water access.
COW02833,70,652.5,30.6,37.689548985381634,20.159614377266266,89.62158133264896,22.898396,22.757849,-0.61757505,No Alert,Low,Conditions are within expected range; continue routine monitoring.
COW02834,53,556.0,27.7,60.95233845712254,33.275621975498595,95.0,21.731113,21.385471,-1.6162473,No Alert,Low,Conditions are within expected range; continue routine monitoring.
COW02835,70,586.1,25.7,40.901048545467184,22.42814918843596,81.69416188933774,22.206158,21.996256,-0.95426154,No Alert,Low,Conditions are within expected range; continue routine monitoring.
COW02836,116,529.1,19.9,68.00196408445001,36.91795735081462,98.0,20.960972,20.507366,-2.2119157,No Alert,Low,Conditions are within expected range; continue routine monitoring.
COW02837,109,497.2,14.5,76.7150563345902,49.0,61.02617437742833,20.731894,20.484892,-1.2057747,Heat Stress Alert,Medium,Moderate heat stress detected. Monitor cattle closely and provide ventilation and water access.
COW02838,35,684.2,19.0,64.1180839831238,40.74833409029955,57.3828184319651,22.509462,22.385107,-0.55552703,No Alert,Low,Conditions are within expected range; continue routine monitoring.
COW02839,116,534.9,26.3,70.1101877123618,41.09319070212461,78.0559933174408,21.046856,20.525618,-2.5394526,Heat Stress Alert,Medium,Moderate heat stress detected. Monitor cattle closely and provide ventilation and water access.
COW02840,59,514.5,29.5,57.00638152512592,31.0207894429291,95.0,21.159452,20.724518,-2.0986476,No Alert,Low,Conditions are within expected range; continue routine monitoring.
COW02841,88,637.7,14.0,78.58580165831779,49.0,66.4329527697046,22.88284,22.677137,-0.90708905,Heat Stress Alert,Medium,Moderate heat stress detected. Monitor cattle closely and provide ventilation and water access.
COW02842,94,492.2,17.7,70.25981067298953,43.23887829393762,66.81503989664543,21.024815,20.670982,-1.711734,Heat Stress Alert,Medium,Moderate heat stress detected. Monitor cattle closely and provide ventilation and water access.
COW02843,64,502.4,26.1,78.85714719994164,49.0,67.21718843913769,21.40553,20.834978,-2.7384374,Heat Stress Alert,Medium,Moderate heat stress detected. Monitor cattle closely and provide ventilation and water access.
COW02844,61,550.8,19.1,61.04,42.0,40.0,21.42458,21.25472,-0.79915863,No Alert,Low,Conditions are within expected range; continue routine monitoring.
COW02845,61,550.0,16.6,52.157093702612485,29.46968910231653,80.83340232206072,21.478458,21.234024,-1.1511447,No Alert,Low,Conditions are within expected range; continue routine monitoring.
COW02846,105,570.8,15.5,60.46555588266173,40.13757929039575,46.45150313264485,21.595541,21.346182,-1.1681674,No Alert,Low,Conditions are within expected range; continue routine monitoring.
COW02847,53,717.3,25.5,70.488891736683,41.60492111213722,76.47496848535722,23.252361,23.129475,-0.53129894,Heat Stress Alert,Medium,Moderate heat stress detected. Monitor cattle closely and provide ventilation and water access.
COW02848,42,576.9,24.7,34.11190855015951,18.0,91.99745972665322,21.818735,21.484943,-1.5536077,No Alert,Low,Conditions are within expected range; continue routine monitoring.
COW02849,51,359.8,29.5,55.61090133832351,35.2143170914134,53.03776057945677,19.436768,18.955845,-2.5370681,No Alert,Low,Conditions are within expected range; continue routine monitoring.
COW02850,33,576.1,19.7,68.80670499194272,44.02804709561066,58.0,21.50014,21.338636,-0.75685644,No Alert,Low,Conditions are within expected range; continue routine monitoring.
COW02851,54,553.0,16.5,56.75868515116422,35.54950590899044,56.35630673955929,21.477745,21.25128,-1.0656545,No Alert,Low,Conditions are within expected range; continue routine monitoring.
COW02852,24,553.5,28.4,61.51423969268099,33.59670839581771,95.0,20.67419,20.596197,-0.37867862,No Alert,Low,Conditions are within expected range; continue routine monitoring.
COW02853,21,569.7,31.8,65.86586900395639,42.0,57.48503262303038,20.54156,20.38945,-0.7460189,No Alert,Low,Conditions are within expected range; continue routine monitoring.
COW02854,90,547.7,20.5,34.22,18.0,95.0,21.551397,21.0917,-2.1795197,No Alert,Low,Conditions are within expected range; continue routine monitoring.
COW02855,20,545.8,29.6,43.56982559035202,25.011612245230523,67.47830234171967,20.16533,20.146118,-0.09536687,No Alert,Low,Conditions are within expected range; continue routine monitoring.
COW02856,73,599.0,27.7,47.2342932206281,26.17407237816679,84.04089086834131,22.30088,22.141165,-0.7213516,No Alert,Low,Conditions are within expected range; continue routine monitoring.
COW02857,96,506.6,30.4,59.737367638085935,39.07477421853654,48.94694539568932,20.998533,20.53933,-2.235729,No Alert,Low,Conditions are within expected range; continue routine monitoring.
COW02858,90,474.2,21.6,50.81960957223482,27.485491184134183,95.0,20.484777,20.094643,-1.9414867,No Alert,Low,Conditions are within expected range; continue routine monitoring.
COW02859,60,791.9,15.8,54.96639140110753,32.69623151623432,67.82492983382483,23.670696,23.503038,-0.7133454,No Alert,Low,Conditions are within expected range; continue routine monitoring.
COW02860,32,492.7,16.1,79.05121540028765,47.10586240885742,76.33654529910899,20.377073,20.215252,-0.80049145,Heat Stress Alert,High,"High heat stress detected. Consider active cooling, shading, and improved hydration measures."
COW02861,112,558.0,27.7,60.40519869209432,33.51155062291757,89.9767817538561,21.44397,21.0052,-2.0888653,No Alert,Low,Conditions are within expected range; continue routine monitoring.
COW02862,102,430.3,29.5,81.11597112804162,49.0,73.74558129491797,20.068096,19.530056,-2.754934,Heat Stress Alert,High,"High heat stress detected. Consider active cooling, shading, and improved hydration measures."
COW02863,78,559.3,22.2,66.93702678700299,42.0,61.36603908334416,21.809338,21.474987,-1.5569303,No Alert,Low,Conditions are within expected range; continue routine monitoring.
COW02864,21,475.3,15.1,60.752092577560944,37.322356105539264,63.23175343056011,18.821934,18.999102,0.9325067,No Alert,Low,Conditions are within expected range; continue routine monitoring.
COW02865,15,514.6,15.2,57.6490628660631,36.454877863925866,54.79586261817181,19.488605,19.64003,0.7709989,No Alert,Low,Conditions are within expected range; continue routine monitoring.
COW02866,46,633.6,24.8,59.72325446012484,38.19271914905856,53.66801104523291,22.249027,22.152857,-0.434122,No Alert,Low,Conditions are within expected range; continue routine monitoring.
COW02867,29,587.8,30.5,60.4847274995881,33.008415714050344,95.0,21.39498,21.272171,-0.5773198,No Alert,Low,Conditions are within expected range; continue routine monitoring.
COW02868,104,595.5,21.2,40.95571973796041,22.46294849293347,81.67435212298793,21.779284,21.597021,-0.84392387,No Alert,Low,Conditions are within expected range; continue routine monitoring.
COW02869,34,408.3,25.7,73.09166289354619,42.73993264622814,79.39227328953527,19.31121,18.841589,-2.4924738,Heat Stress Alert,Medium,Moderate heat stress detected. Monitor cattle closely and provide ventilation and water access.
COW02870,42,697.0,23.8,48.29768882422388,27.08856338189076,80.59886537909502,22.689093,22.553892,-0.5994553,No Alert,Low,Conditions are within expected range; continue routine monitoring.
COW02871,117,454.6,30.0,70.720042416647,40.10171206938124,86.52603648001806,20.333757,19.748272,-2.9647427,Heat Stress Alert,Medium,Moderate heat stress detected. Monitor cattle closely and provide ventilation and water access.
COW02872,100,672.3,29.0,54.27862176949453,31.43947008741681,74.69155809580987,22.997934,22.84542,-0.66758895,No Alert,Low,Conditions are within expected range; continue routine monitoring.
COW02873,35,631.7,17.6,57.82638288726773,39.115260306331066,41.00371396698138,22.129942,22.034027,-0.43530327,No Alert,Low,Conditions are within expected range; continue routine monitoring.
COW02874,53,596.2,26.2,86.58089458948476,52.0,76.0130175252254,22.123075,21.91564,-0.9465186,Heat Stress Alert,High,"High heat stress detected. Consider active cooling, shading, and improved hydration measures."
COW02875,67,481.6,29.3,75.65790223520662,47.07868409563477,66.08269444234898,20.863993,20.225689,-3.1559062,Heat Stress Alert,Medium,Moderate heat stress detected. Monitor cattle closely and provide ventilation and water access.
COW02876,83,562.1,30.7,74.03432069015074,45.83845915897798,66.68123668834997,21.979172,21.427814,-2.5730915,Heat Stress Alert,Medium,Moderate heat stress detected. Monitor cattle closely and provide ventilation and water access.
COW02877,113,512.3,24.6,64.23636934691174,42.0,51.58104835837588,20.809172,20.351866,-2.2469974,No Alert,Low,Conditions are within expected range; continue routine monitoring.
COW02878,106,552.3,17.2,68.589697841159,37.63982733780514,95.0,21.393158,21.055922,-1.6016226,No Alert,Low,Conditions are within expected range; continue routine monitoring.
COW02879,117,530.0,24.0,70.87505405943685,39.984364296026335,87.8957255393227,20.984154,20.421726,-2.7540646,Heat Stress Alert,Medium,Moderate heat stress detected. Monitor cattle closely and provide ventilation and water access.
COW02880,16,386.9,26.0,64.34535168806389,42.0,51.97591191327494,17.65674,17.675453,0.10586997,No Alert,Low,Conditions are within expected range; continue routine monitoring.
COW02881,37,639.7,18.9,64.53305407534728,39.50290324847665,65.85187104829838,22.578964,22.408981,-0.75854814,No Alert,Low,Conditions are within expected range; continue routine monitoring.
COW02882,72,543.5,31.5,46.477698432847816,26.64437150342473,71.56105340039106,21.242313,20.976326,-1.2680361,No Alert,Low,Conditions are within expected range; continue routine monitoring.
COW02883,17,511.2,18.1,62.522690619348346,41.51185339923981,47.62938080920201,19.316261,19.584925,1.3717867,No Alert,Low,Conditions are within expected range; continue routine monitoring.
COW02884,50,505.2,30.4,60.437045363729126,34.1590979728895,84.56745853653942,21.06548,20.5899,-2.3097744,No Alert,Low,Conditions are within expected range; continue routine monitoring.
COW02885,28,578.7,21.7,62.3674965435778,42.0,44.809770085426806,20.96077,21.010002,0.23432879,No Alert,Low,Conditions are within expected range; continue routine monitoring.
COW02886,112,478.5,14.0,68.46912774990179,40.86289431239464,73.23013148606901,20.249489,19.95176,-1.4922469,No Alert,Low,Conditions are within expected range; continue routine monitoring.
COW02887,18,369.6,23.8,46.72965605107161,26.16266171848805,79.90986140073548,17.417236,17.357523,-0.34402007,No Alert,Low,Conditions are within expected range; continue routine monitoring.
COW02888,28,582.6,25.3,54.62094150447256,34.00743438461654,56.17764048427158,21.107065,21.129414,0.105769165,No Alert,Low,Conditions are within expected range; continue routine monitoring.
COW02889,33,591.5,29.6,75.2590747773171,46.36413013166038,68.10061960806462,22.044407,21.749458,-1.3561192,Heat Stress Alert,Medium,Moderate heat stress detected. Monitor cattle closely and provide ventilation and water access.
COW02890,28,534.0,23.7,74.76564581564091,46.18479551538739,67.3838200184814,20.148281,20.036253,-0.5591271,Heat Stress Alert,Medium,Moderate heat stress detected. Monitor cattle closely and provide ventilation and water access.
COW02891,73,458.2,15.7,70.39305487162639,38.26126678181258,98.0,20.190113,19.978886,-1.0572532,Heat Stress Alert,Medium,Moderate heat stress detected. Monitor cattle closely and provide ventilation and water access.
COW02892,51,557.1,30.7,45.09803947486229,25.44641136255401,75.50787410555573,21.561066,21.213642,-1.6377364,No Alert,Low,Conditions are within expected range; continue routine monitoring.
COW02893,110,432.8,24.2,75.61812301732104,41.19669832433766,98.0,19.979052,19.436615,-2.7907977,Heat Stress Alert,Medium,Moderate heat stress detected. Monitor cattle closely and provide ventilation and water access.
COW02894,40,467.8,18.9,63.97504046842932,37.88348113505003,73.53362757881638,20.192987,19.878843,-1.5802938,No Alert,Low,Conditions are within expected range; continue routine monitoring.
COW02895,70,489.9,30.2,54.61736045464313,35.72360957162799,45.20094388787327,20.983627,20.61269,-1.7995582,No Alert,Low,Conditions are within expected range; continue routine monitoring.
COW02896,83,617.5,16.2,63.34181905496008,34.860928795234294,93.119311490935,22.589952,22.455502,-0.59874374,No Alert,Low,Conditions are within expected range; continue routine monitoring.
COW02897,79,521.0,15.8,56.50883175394047,38.22402646161706,40.0,21.184614,20.939474,-1.170708,No Alert,Low,Conditions are within expected range; continue routine monitoring.
COW02898,98,514.2,23.6,43.94519613837365,24.282266147545293,82.1611470396821,21.032982,20.660736,-1.8017063,No Alert,Low,Conditions are within expected range; continue routine monitoring.
COW02899,33,706.4,25.2,71.71491873997147,44.00492431347651,67.93119643287014,22.831436,22.690401,-0.6215627,Heat Stress Alert,Medium,Moderate heat stress detected. Monitor cattle closely and provide ventilation and water access.
COW02900,66,578.2,23.2,73.45563584838243,42.96147795763188,79.43025047908947,22.120525,21.829979,-1.3309515,Heat Stress Alert,Medium,Moderate heat stress detected. Monitor cattle closely and provide ventilation and water access.
COW02901,98,577.1,30.7,45.52271699632334,26.15327405914344,69.7686253868073,21.584354,21.280891,-1.4259881,No Alert,Low,Conditions are within expected range; continue routine monitoring.
COW02902,105,520.4,18.7,51.40457701487349,33.970480845727906,40.0,20.552528,20.560757,0.040019453,No Alert,Low,Conditions are within expected range; continue routine monitoring.
COW02903,78,502.3,31.8,56.739446328861725,33.780249262949894,68.70524077292018,20.882193,20.400772,-2.3598151,No Alert,Low,Conditions are within expected range; continue routine monitoring.
COW02904,82,375.1,14.3,56.39296800827707,36.32423932505407,49.8698102412128,19.805979,19.403234,-2.0756555,No Alert,Low,Conditions are within expected range; continue routine monitoring.
COW02905,105,627.5,16.1,40.425788927166906,22.40777016340176,76.1706776291187,22.123255,21.99633,-0.5770259,No Alert,Low,Conditions are within expected range; continue routine monitoring.
COW02906,79,585.9,17.3,43.97945115225588,24.75685076326272,75.06114280627787,22.114595,21.91827,-0.8957153,No Alert,Low,Conditions are within expected range; continue routine monitoring.
COW02907,114,535.7,15.4,65.63852867008163,40.27688119386218,65.76149415961379,20.822214,20.540615,-1.3709377,No Alert,Low,Conditions are within expected range; continue routine monitoring.
COW02908,25,539.0,21.9,58.31623792794179,32.32944895069044,89.53247147493214,19.920403,19.903486,-0.084991515,No Alert,Low,Conditions are within expected range; continue routine monitoring.
COW02909,49,608.9,29.6,46.76023337359143,26.70252285102957,73.14121828283962,22.337183,22.123161,-0.96741,No Alert,Low,Conditions are within expected range; continue routine monitoring.
COW02910,24,425.6,28.8,41.58437592643318,22.279518402411973,93.41638446139588,18.828577,18.371836,-2.4860952,No Alert,Low,Conditions are within expected range; continue routine monitoring.
COW02911,21,502.8,27.4,65.88130346832412,42.0,57.54095459537727,19.177378,19.30444,0.65820014,No Alert,Low,Conditions are within expected range; continue routine monitoring.
COW02912,62,459.1,14.1,54.50049115767335,31.149095947046035,78.69806490875847,20.46897,20.143253,-1.6169981,No Alert,Low,Conditions are within expected range; continue routine monitoring.
COW02913,36,691.7,29.6,44.71125272525649,24.509830196566902,86.08837536122478,22.740902,22.611658,-0.5715806,No Alert,Low,Conditions are within expected range; continue routine monitoring.
COW02914,55,620.1,21.1,58.48031663995802,38.470045044277136,46.96410240920592,22.402544,22.282455,-0.5389378,No Alert,Low,Conditions are within expected range; continue routine monitoring.
COW02915,59,373.8,27.2,64.04625041398411,41.84102847014266,51.65049718632613,19.865982,19.296713,-2.9500837,No Alert,Low,Conditions are within expected range; continue routine monitoring.
COW02916,79,428.9,27.1,80.45011891755652,48.882506242987,72.33845981899881,19.909235,19.406155,-2.5923753,Heat Stress Alert,High,"High heat stress detected. Consider active cooling, shading, and improved hydration measures."
COW02917,114,539.4,17.2,47.339795070010965,25.668469388828058,92.33747015601256,21.047125,20.697437,-1.6895211,No Alert,Low,Conditions are within expected range; continue routine monitoring.
COW02918,103,512.2,23.3,60.43575143847185,36.73992886458666,65.54993274851442,20.922821,20.45617,-2.2812283,No Alert,Low,Conditions are within expected range; continue routine monitoring.
COW02919,52,444.0,30.7,41.34269316690569,22.704469801200897,81.63215097687102,19.95278,19.570776,-1.9519092,No Alert,Low,Conditions are within expected range; continue routine monitoring.
COW02920,47,705.6,18.7,59.42333335233252,33.79472616323197,82.43247307124005,22.95748,22.800245,-0.6896162,No Alert,Low,Conditions are within expected range; continue routine monitoring.
COW02921,95,575.0,26.9,51.28766677578372,29.1832166293934,78.06889232294613,21.737616,21.488043,-1.1614494,No Alert,Low,Conditions are within expected range; continue routine monitoring.
COW02922,25,588.0,31.2,72.37377833078696,46.532003585586416,58.34735892637509,21.16142,21.047474,-0.54138047,Heat Stress Alert,Medium,Moderate heat stress detected. Monitor cattle closely and provide ventilation and water access.
COW02923,70,494.6,20.5,43.20336327570278,23.94249313930821,80.1611135851522,21.132051,20.863642,-1.2864951,No Alert,Low,Conditions are within expected range; continue routine monitoring.
COW02924,57,607.8,21.0,94.848,52.0,98.0,22.233671,22.220264,-0.060335707,Health Risk Alert,Critical,"Critical heat stress or productivity decline detected. Consider emergency cooling, veterinary assessment, and hydration."
COW02925,31,519.6,22.1,50.537402696059935,28.835714370426185,76.67671246249657,20.201656,20.088476,-0.5634084,No Alert,Low,Conditions are within expected range; continue routine monitoring.
COW02926,78,527.3,28.6,72.17276225510605,39.26110239050901,98.0,21.338318,20.736853,-2.9004653,Heat Stress Alert,Medium,Moderate heat stress detected. Monitor cattle closely and provide ventilation and water access.
COW02927,46,598.9,21.9,65.92505908271906,36.11717661869661,95.0,21.915604,21.671926,-1.1243907,No Alert,Low,Conditions are within expected range; continue routine monitoring.
COW02928,32,419.7,22.8,64.84349741580229,42.0,53.780787738414126,19.16395,18.762705,-2.138525,No Alert,Low,Conditions are within expected range; continue routine monitoring.
COW02929,82,677.8,18.0,46.47,25.0,95.0,22.962626,22.863636,-0.432956,No Alert,Low,Conditions are within expected range; continue routine monitoring.
COW02930,30,564.6,31.8,46.60116318574575,26.617065321447388,72.91039782647687,20.979622,20.881533,-0.46974146,No Alert,Low,Conditions are within expected range; continue routine monitoring.
COW02931,84,652.5,30.1,63.10999335146054,39.79708533101528,58.5591806808084,23.03583,22.805576,-1.0096356,No Alert,Low,Conditions are within expected range; continue routine monitoring.
COW02932,29,464.0,24.8,39.88955657076617,22.08000886797418,75.85342122037785,19.314539,19.192162,-0.63764256,No Alert,Low,Conditions are within expected range; continue routine monitoring.
COW02933,58,476.1,31.3,42.67175472485,23.039350061928296,90.75074651573291,20.242542,19.970974,-1.359815,No Alert,Low,Conditions are within expected range; continue routine monitoring.
COW02934,99,457.0,26.4,60.14710472137768,32.815488412215814,95.0,20.229755,19.607342,-3.1743908,No Alert,Low,Conditions are within expected range; continue routine monitoring.
COW02935,36,570.0,31.3,56.14053486604073,34.486403032913884,60.49571155073478,21.458788,21.132008,-1.5463761,No Alert,Low,Conditions are within expected range; continue routine monitoring.
COW02936,94,555.3,16.9,62.312463720557815,42.0,44.61037579912252,21.452257,21.123276,-1.5574355,No Alert,Low,Conditions are within expected range; continue routine monitoring.
COW02937,89,512.8,18.1,61.06857472553761,37.28101446419394,64.87371081125433,20.984137,20.704454,-1.3508309,No Alert,Low,Conditions are within expected range; continue routine monitoring.
COW02938,109,468.9,29.9,80.61152308310312,49.0,72.2876389685061,20.499731,19.813,-3.4660645,Heat Stress Alert,High,"High heat stress detected. Consider active cooling, shading, and improved hydration measures."
COW02939,30,448.7,21.6,52.28746133288627,32.4910539476633,54.6934313687879,19.439041,19.299746,-0.72174823,No Alert,Low,Conditions are within expected range; continue routine monitoring.
COW02940,89,546.1,20.7,52.28364767073435,30.360964736358447,72.6452070609173,21.470764,21.140303,-1.5631825,No Alert,Low,Conditions are within expected range; continue routine monitoring.
COW02941,113,512.8,27.6,57.44477676284228,38.0008033310916,45.10072792287735,20.864944,20.414278,-2.207604,No Alert,Low,Conditions are within expected range; continue routine monitoring.
COW02942,94,495.2,25.3,44.4195469196091,24.61659795251116,81.49746712459833,21.00332,20.618496,-1.8664056,No Alert,Low,Conditions are within expected range; continue routine monitoring.
COW02943,32,673.8,20.2,74.81816971004613,46.11309402461978,67.88266850795998,22.513062,22.32379,-0.84784853,Heat Stress Alert,Medium,Moderate heat stress detected. Monitor cattle closely and provide ventilation and water access.
COW02944,100,543.4,21.2,72.65829964577247,46.81905771432788,58.0,21.292206,20.930784,-1.7267466,Heat Stress Alert,Medium,Moderate heat stress detected. Monitor cattle closely and provide ventilation and water access.
COW02945,23,651.6,21.4,62.66400342905631,40.3487634096611,53.894640297659095,21.737505,21.74893,0.052531403,No Alert,Low,Conditions are within expected range; continue routine monitoring.
COW02946,75,507.3,16.3,61.8872794843987,42.0,43.06985320434309,21.116484,20.885973,-1.1036627,No Alert,Low,Conditions are within expected range; continue routine monitoring.
COW02947,65,569.6,18.1,57.4787483027373,31.29071331584989,95.0,22.006453,21.736658,-1.2411957,No Alert,Low,Conditions are within expected range; continue routine monitoring.
COW02948,69,545.6,23.7,61.878696674568765,34.27625895691785,90.8505446028594,21.661509,21.303331,-1.6813201,No Alert,Low,Conditions are within expected range; continue routine monitoring.
COW02949,68,414.2,28.1,42.08246247201366,23.42446248075964,76.93413876126536,19.91355,19.461573,-2.3224063,No Alert,Low,Conditions are within expected range; continue routine monitoring.
COW02950,15,664.3,21.5,63.32555364424604,39.89830802107897,58.85452169993762,21.404696,21.41727,0.058714997,No Alert,Low,Conditions are within expected range; continue routine monitoring.
COW02951,66,539.2,20.9,42.55120246659247,22.89904651958726,92.15110463124056,21.251137,20.995716,-1.2165371,No Alert,Low,Conditions are within expected range; continue routine monitoring.
COW02952,113,609.7,25.7,66.73589287275027,42.0,60.63729301721109,22.136515,22.020199,-0.5282234,No Alert,Low,Conditions are within expected range; continue routine monitoring.
COW02953,59,489.8,16.8,61.71691201074333,33.71252114899619,95.0,21.136908,20.87149,-1.271673,No Alert,Low,Conditions are within expected range; continue routine monitoring.
COW02954,41,536.8,20.9,59.475337283838016,35.914011673744334,66.67342270873682,20.865705,20.582338,-1.376749,No Alert,Low,Conditions are within expected range; continue routine monitoring.
COW02955,119,480.7,17.7,66.34252879888231,42.0,59.21206086551562,20.164305,19.933174,-1.1595273,No Alert,Low,Conditions are within expected range; continue routine monitoring.
COW02956,22,648.9,25.7,74.04788495065353,46.504603247361,63.67997198172892,21.92005,21.869604,-0.23066516,Heat Stress Alert,Medium,Moderate heat stress detected. Monitor cattle closely and provide ventilation and water access.
COW02957,64,574.9,16.0,57.005480997941504,34.486744971299146,64.79937411213295,21.995949,21.76215,-1.0743377,No Alert,Low,Conditions are within expected range; continue routine monitoring.
COW02958,67,579.4,22.1,63.75090368103573,42.0,49.82211478636134,22.070114,21.81464,-1.171113,No Alert,Low,Conditions are within expected range; continue routine monitoring.
COW02959,63,658.7,24.7,83.0240581631152,45.640087519450304,96.38893658286648,22.68981,22.65007,-0.17545027,Heat Stress Alert,High,"High heat stress detected. Consider active cooling, shading, and improved hydration measures."
COW02960,111,642.5,29.0,45.25816101240346,24.433375995943923,92.80485670438904,22.490906,22.39297,-0.4373544,No Alert,Low,Conditions are within expected range; continue routine monitoring.
COW02961,57,611.2,27.0,50.94364239630784,29.239556159839296,75.1504785474472,22.419617,22.28822,-0.5895368,No Alert,Low,Conditions are within expected range; continue routine monitoring.
COW02962,117,436.3,31.0,59.94888697672168,36.939734579740914,62.09966343396858,20.25921,19.700994,-2.8334413,No Alert,Low,Conditions are within expected range; continue routine monitoring.
COW02963,19,494.3,26.2,62.2497407317388,34.01699470385074,95.0,19.439024,19.540977,0.5217421,No Alert,Low,Conditions are within expected range; continue routine monitoring.
COW02964,91,469.7,20.3,80.27743619091626,49.0,71.32206991594296,20.332232,19.949453,-1.9187402,Heat Stress Alert,High,"High heat stress detected. Consider active cooling, shading, and improved hydration measures."
COW02965,76,608.2,18.2,65.85428482678734,36.62257832817227,90.70154626790917,22.503288,22.371607,-0.5886097,No Alert,Low,Conditions are within expected range; continue routine monitoring.
COW02966,37,563.7,15.0,61.71471973530383,42.0,42.44463672211533,21.400438,21.201355,-0.9390123,No Alert,Low,Conditions are within expected range; continue routine monitoring.
COW02967,36,438.8,19.0,66.06985481374514,41.91631861626178,58.64447256108989,19.561771,19.226982,-1.7412472,No Alert,Low,Conditions are within expected range; continue routine monitoring.
COW02968,89,534.9,16.5,44.19543089477985,25.38317351597953,68.1851385767562,21.046968,20.749075,-1.4356954,No Alert,Low,Conditions are within expected range; continue routine monitoring.
COW02969,80,430.5,20.6,73.70766672019242,47.5794686378206,58.0,20.186533,19.695961,-2.4907238,Heat Stress Alert,Medium,Moderate heat stress detected. Monitor cattle closely and provide ventilation and water access.
COW02970,78,545.7,26.6,85.0586437696027,47.6877278793962,91.65077765782046,21.7678,21.303282,-2.180498,Heat Stress Alert,High,"High heat stress detected. Consider active cooling, shading, and improved hydration measures."
COW02971,17,417.6,26.5,63.24310642159134,34.584632240909336,95.0,17.831795,17.740446,-0.51491743,No Alert,Low,Conditions are within expected range; continue routine monitoring.
COW02972,76,592.3,19.7,87.24267019975417,52.0,77.77305904189937,22.240297,22.137173,-0.46584368,Heat Stress Alert,High,"High heat stress detected. Consider active cooling, shading, and improved hydration measures."
COW02973,117,580.2,23.2,48.09917413994698,26.79594015134917,82.78857346492336,21.476759,21.208513,-1.264802,No Alert,Low,Conditions are within expected range; continue routine monitoring.
COW02974,13,702.6,17.9,60.04168942874669,35.215481826845654,74.31633865577622,21.427803,21.458344,0.14232443,No Alert,Low,Conditions are within expected range; continue routine monitoring.
COW02975,62,617.8,23.1,56.207290261826095,30.564165863900627,95.0,22.42745,22.306255,-0.5433222,No Alert,Low,Conditions are within expected range; continue routine monitoring.
COW02976,65,516.2,23.2,46.458700517003805,26.409527401951426,74.36661157866594,21.193998,20.90114,-1.4011586,No Alert,Low,Conditions are within expected range; continue routine monitoring.
COW02977,108,615.4,19.4,47.37320004540391,25.612779514076397,93.49132764969282,22.014193,21.941616,-0.3307711,No Alert,Low,Conditions are within expected range; continue routine monitoring.
COW02978,42,438.2,18.7,52.16400585950095,28.25371763400054,95.0,19.776423,19.435772,-1.7526989,No Alert,Low,Conditions are within expected range; continue routine monitoring.
COW02979,63,473.0,31.6,44.84256208346254,25.29110449130088,75.37966876526802,20.32936,19.94385,-1.9329743,No Alert,Low,Conditions are within expected range; continue routine monitoring.
COW02980,89,576.7,23.7,43.211799426392645,23.6684393808934,84.98785607765016,22.00761,21.715235,-1.3464075,No Alert,Low,Conditions are within expected range; continue routine monitoring.
COW02981,18,377.3,24.1,64.41156205906944,42.0,52.21580456184577,17.429857,17.468382,0.22053918,No Alert,Low,Conditions are within expected range; continue routine monitoring.
COW02982,98,547.0,14.1,75.03323401083125,45.46302617487951,71.66981396336536,21.47308,21.137817,-1.5860782,Heat Stress Alert,Medium,Moderate heat stress detected. Monitor cattle closely and provide ventilation and water access.
COW02983,100,468.4,17.3,44.84889305218394,24.688545498543156,84.54116915341484,20.226202,19.857718,-1.8556236,No Alert,Low,Conditions are within expected range; continue routine monitoring.
COW02984,89,558.1,20.4,73.60650462724874,42.98655138765968,79.81817466436611,21.722097,21.358885,-1.7005222,Heat Stress Alert,Medium,Moderate heat stress detected. Monitor cattle closely and provide ventilation and water access.
COW02985,82,463.8,31.4,62.21033645349171,42.0,44.24034946917288,20.350622,19.685577,-3.3783352,No Alert,Low,Conditions are within expected range; continue routine monitoring.
COW02986,92,583.9,17.2,54.38596677019854,34.33786697130912,52.74221765188549,22.02685,21.77612,-1.1514013,No Alert,Low,Conditions are within expected range; continue routine monitoring.
COW02987,96,551.5,19.5,88.09645801129801,48.20699888275168,98.0,21.252758,21.047497,-0.9752287,Heat Stress Alert,High,"High heat stress detected. Consider active cooling, shading, and improved hydration measures."
COW02988,109,662.0,31.8,80.02011176206199,49.0,70.57835769382075,22.113214,21.991575,-0.5531175,Heat Stress Alert,High,"High heat stress detected. Consider active cooling, shading, and improved hydration measures."
COW02989,58,550.5,22.7,58.01125976570352,32.42618676443834,86.9308110413395,21.491299,21.189377,-1.4248736,No Alert,Low,Conditions are within expected range; continue routine monitoring.
COW02990,61,488.5,19.7,34.06344223950272,18.0,90.65117331951996,21.32664,20.846682,-2.3023212,No Alert,Low,Conditions are within expected range; continue routine monitoring.
COW02991,80,530.2,25.4,33.69019223542136,18.0,80.28311765059325,21.39052,20.91414,-2.277786,No Alert,Low,Conditions are within expected range; continue routine monitoring.
COW02992,32,442.5,22.9,86.6375938598014,52.0,76.1638134569186,19.354387,18.9944,-1.8952284,Heat Stress Alert,High,"High heat stress detected. Consider active cooling, shading, and improved hydration measures."
COW02993,104,582.5,31.2,48.29941404608535,27.620294240368864,74.1524997519022,21.555967,21.289724,-1.2505703,No Alert,Low,Conditions are within expected range; continue routine monitoring.
COW02994,95,597.2,15.5,51.37666425253663,29.722360725222018,73.0877954982798,22.075228,21.922358,-0.69732547,No Alert,Low,Conditions are within expected range; continue routine monitoring.
COW02995,80,747.5,28.2,56.895187408002016,34.80470530916875,62.00247917808527,23.386389,23.316902,-0.29800963,No Alert,Low,Conditions are within expected range; continue routine monitoring.
COW02996,44,500.3,19.0,41.45782466553133,22.779281439867823,81.56307390654835,20.928696,20.70564,-1.0772663,No Alert,Low,Conditions are within expected range; continue routine monitoring.
COW02997,49,528.6,28.5,64.2198626031726,42.0,51.52124131584277,20.975334,20.618551,-1.7303976,No Alert,Low,Conditions are within expected range; continue routine monitoring.
COW02998,58,503.9,29.3,73.50275653441884,41.71921047954689,86.85239336819544,21.269384,20.645103,-3.0238693,Heat Stress Alert,Medium,Moderate heat stress detected. Monitor cattle closely and provide ventilation and water access.
COW02999,83,567.0,29.3,70.95372395802121,43.70983815663346,66.82347861508659,21.996334,21.540604,-2.115681,Heat Stress Alert,Medium,Moderate heat stress detected. Monitor cattle closely and provide ventilation and water access.
